Date, ISIN, Scrip Name, NSE Symbol, MWPL, Open Interest, Limit for Next Day
12-MAR-2019,INE008A01015,IDBI BANK LIMITED,IDBI,39323831,45160000,No Fresh Positions
12-MAR-2019,INE802G01018,JET AIRWAYS (INDIA) LTD.,JETAIRWAYS,11132543,11578600,No Fresh Positions
12-MAR-2019,INE036A01016,RELIANCE INFRASTRUCTU LTD,RELINFRA,26054178,24433500,No Fresh Positions
12-MAR-2019,INE614G01033,RELIANCE POWER LTD.,RPOWER,140233556,120096000,No Fresh Positions
12-MAR-2019,INE012A01025,ACC LIMITED,ACC,17078428,3105600,13118906
12-MAR-2019,INE423A01024,ADANI ENTERPRISES LIMITED,ADANIENT,55169320,45516000,6894854
12-MAR-2019,INE742F01042,ADANI PORT & SEZ LTD,ADANIPORTS,156144401,29277500,119059680
12-MAR-2019,INE814H01011,ADANI POWER LTD,ADANIPOWER,193065274,174060000,9352010
12-MAR-2019,INE031B01049,AJANTA PHARMA LIMITED,AJANTPHARM,5196948,1032000,3905100
12-MAR-2019,INE428A01015,ALLAHABAD BANK,ALBK,50696289,37505000,10656474
12-MAR-2019,INE885A01032,AMARA RAJA BATTERIES LTD.,AMARAJABAT,16377009,1099700,14458458
12-MAR-2019,INE079A01024,AMBUJA CEMENTS LTD,AMBUJACEM,144327988,15840000,121271588
12-MAR-2019,INE437A01024,APOLLO HOSPITALS ENTER. L,APOLLOHOSP,18254499,1697500,15644274
12-MAR-2019,INE438A01022,APOLLO TYRES LTD,APOLLOTYRE,67723169,16350000,47987010
12-MAR-2019,INE034A01011,ARVIND LIMITED,ARVIND,29429703,15754000,12204217
12-MAR-2019,INE208A01029,ASHOK LEYLAND LTD,ASHOKLEY,286973403,111056000,161568732
12-MAR-2019,INE021A01026,ASIAN PAINTS LIMITED,ASIANPAINT,90562661,6582600,79451927
12-MAR-2019,INE406A01037,AUROBINDO PHARMA LTD,AUROPHARMA,56396335,21107000,32469518
12-MAR-2019,INE238A01034,AXIS BANK LIMITED,AXISBANK,380572741,45550800,315993303
12-MAR-2019,INE917I01010,BAJAJ AUTO LIMITED,BAJAJ-AUTO,29341807,4290000,23584716
12-MAR-2019,INE918I01018,BAJAJ FINSERV LTD.,BAJAJFINSV,13248060,825125,11760532
12-MAR-2019,INE296A01024,BAJAJ FINANCE LIMITED,BAJFINANCE,51558770,7059250,41921581
12-MAR-2019,INE787D01026,BALKRISHNA IND. LTD,BALKRISIND,16124234,2386400,12931622
12-MAR-2019,INE028A01039,BANK OF BARODA,BANKBARODA,191844279,80492000,101760065
12-MAR-2019,INE084A01016,BANK OF INDIA,BANKINDIA,58936059,34074000,21915256
12-MAR-2019,INE176A01028,BATA INDIA LTD,BATAINDIA,12092405,4118950,7368834
12-MAR-2019,INE263A01024,BHARAT ELECTRONICS LTD,BEL,185506537,46488000,129743210
12-MAR-2019,INE258A01016,BEML LIMITED,BEML,3828900,2514400,1123055
12-MAR-2019,INE463A01038,BERGER PAINTS (I) LTD,BERGEPAINT,48578062,4516600,41632558
12-MAR-2019,INE180K01011,BHARAT FIN INCLUSION LTD,BHARATFIN,27585244,4949500,21256481
12-MAR-2019,INE465A01025,BHARAT FORGE LTD,BHARATFORG,50501678,11673600,36302994
12-MAR-2019,INE397D01024,BHARTI AIRTEL LIMITED,BHARTIARTL,262428715,48643800,200663479
12-MAR-2019,INE257A01026,BHEL,BHEL,256482590,56025000,187633460
12-MAR-2019,INE376G01013,BIOCON LIMITED.,BIOCON,45649210,6985800,36380949
12-MAR-2019,INE323A01026,BOSCH LIMITED,BOSCHLTD,1801607,148110,1563416
12-MAR-2019,INE029A01011,BHARAT PETROLEUM CORP  LT,BPCL,199861375,13041000,176827306
12-MAR-2019,INE216A01030,BRITANNIA INDUSTRIES LTD,BRITANNIA,23714500,3179200,19349575
12-MAR-2019,INE836A01035,BIRLASOFT LIMITED,BSOFT,30868887,6441750,22883692
12-MAR-2019,INE010B01027,CADILA HEALTHCARE LIMITED,CADILAHC,51610474,12660800,36369150
12-MAR-2019,INE476A01014,CANARA BANK,CANBK,40260000,14454000,23793000
12-MAR-2019,INE477A01020,CAN FIN HOMES LTD,CANFINHOME,18644752,6708600,11003914
12-MAR-2019,INE172A01027,CASTROL INDIA LIMITED,CASTROLIND,96933993,6949600,85137693
12-MAR-2019,INE482A01020,CEAT LIMITED,CEATLTD,3966064,1336800,2430960
12-MAR-2019,INE055A01016,CENTURY TEXTILES LTD,CENTURYTEX,11123542,5119800,5447564
12-MAR-2019,INE486A01013,CESC LTD,CESC,13275380,1947550,10664061
12-MAR-2019,INE067A01029,CG POWER AND IND SOL LTD,CGPOWER,82103824,60288000,17710632
12-MAR-2019,INE178A01016,CHENNAI PETROLEUM CORP LT,CHENNPETRO,9742660,1612800,7642727
12-MAR-2019,INE121A01016,CHOLAMANDALAM IN & FIN CO,CHOLAFIN,14677911,974000,12970015
12-MAR-2019,INE059A01026,CIPLA LTD,CIPLA,101917315,10868000,85953449
12-MAR-2019,INE522F01014,COAL INDIA LTD,COALINDIA,336345332,29152200,290375865
12-MAR-2019,INE259A01022,COLGATE PALMOLIVE LTD.,COLPAL,26654592,1892100,23429762
12-MAR-2019,INE111A01025,CONTAINER CORP OF IND LTD,CONCOR,55081874,2058471,50269309
12-MAR-2019,INE298A01020,CUMMINS INDIA LTD,CUMMINSIND,27165463,1662500,24144689
12-MAR-2019,INE016A01026,DABUR INDIA LTD,DABUR,113438092,10818750,96947437
12-MAR-2019,INE503A01015,DCB BANK LIMITED,DCBBANK,52620094,7573500,42415589
12-MAR-2019,INE202B01012,DEWAN HOUSING FIN CORP LT,DHFL,38154662,33598500,2648428
12-MAR-2019,INE836F01026,DISH TV INDIA LTD.,DISHTV,144254920,77992000,59050174
12-MAR-2019,INE361B01024,DIVI'S LABORATORIES LTD,DIVISLAB,25478844,3694400,20510501
12-MAR-2019,INE271C01023,DLF LIMITED,DLF,89416568,33108400,51837339
12-MAR-2019,INE089A01023,DR. REDDY'S LABORATORIES,DRREDDY,24280052,4915250,18150799
12-MAR-2019,INE066A01013,EICHER MOTORS LTD,EICHERMOT,2763845,574925,2050727
12-MAR-2019,INE510A01028,ENGINEERS INDIA LTD,ENGINERSIN,60644337,9651400,47960720
12-MAR-2019,INE988K01017,EQUITAS HOLDINGS LIMITED,EQUITAS,68261466,15832000,49016392
12-MAR-2019,INE042A01014,ESCORTS INDIA LTD,ESCORTS,14689242,5673800,8280979
12-MAR-2019,INE302A01020,EXIDE INDUSTRIES LTD,EXIDEIND,91809066,9714000,77504612
12-MAR-2019,INE171A01029,FEDERAL BANK LTD,FEDERALBNK,390687191,66927000,304225831
12-MAR-2019,INE129A01019,GAIL (INDIA) LTD,GAIL,208101824,12036171,185660561
12-MAR-2019,INE935A01035,GLENMARK PHARMACEUTICALS,GLENMARK,30167759,4321000,24338371
12-MAR-2019,INE776C01039,GMR INFRASTRUCTURE LTD.,GMRINFRA,441771144,189045000,230637586
12-MAR-2019,INE260B01028,GODFREY PHILLIPS INDIA LT,GODFRYPHLP,2891826,888300,1858934
12-MAR-2019,INE102D01028,GODREJ CONSUMER PRODUCTS,GODREJCP,75135570,5919000,65459791
12-MAR-2019,INE233A01035,GODREJ INDUSTRIES LTD,GODREJIND,17009580,1359000,14800101
12-MAR-2019,INE047A01021,GRASIM INDUSTRIES LTD,GRASIM,78447148,13499250,61025540
12-MAR-2019,INE026A01025,GUJ STATE FERT & CHEM LTD,GSFC,49535525,11980300,35078448
12-MAR-2019,INE176B01034,HAVELLS INDIA LIMITED,HAVELLS,50509139,6683000,41300682
12-MAR-2019,INE860A01027,HCL TECHNOLOGIES LTD,HCLTECH,108488721,10588900,92475384
12-MAR-2019,INE001A01036,HDFC LTD,HDFC,331028275,30702000,283774861
12-MAR-2019,INE040A01026,HDFC BANK LTD,HDFCBANK,322340063,16546750,289676309
12-MAR-2019,INE158A01026,HERO MOTOCORP LIMITED,HEROMOTOCO,26110651,2885200,21919918
12-MAR-2019,INE093A01033,HEXAWARE TECHNOLOGIES LTD,HEXAWARE,22208479,3802500,17295555
12-MAR-2019,INE038A01020,HINDALCO  INDUSTRIES  LTD,HINDALCO,292540128,46826500,231086621
12-MAR-2019,INE094A01015,HINDUSTAN PETROLEUM CORP,HINDPETRO,304764525,20357400,269168898
12-MAR-2019,INE030A01027,HINDUSTAN UNILEVER LTD.,HINDUNILVR,142047217,14516400,120428456
12-MAR-2019,INE267A01025,HINDUSTAN ZINC LIMITED,HINDZINC,296432938,4835200,276776091
12-MAR-2019,INE148I01020,INDIABULLS HSG FIN LTD,IBULHSGFIN,66523910,20028500,43169214
12-MAR-2019,INE090A01021,ICICI BANK LTD.,ICICIBANK,967259346,127305750,791590628
12-MAR-2019,INE726G01019,ICICI PRU LIFE INS CO LTD,ICICIPRULI,61178818,10749000,47370877
12-MAR-2019,INE669E01016,VODAFONE IDEA LIMITED,IDEA,500941313,257868000,218026247
12-MAR-2019,INE043D01016,IDFC LIMITED,IDFC,319271663,114378000,188930079
12-MAR-2019,INE092T01019,IDFC FIRST BANK LIMITED,IDFCFIRSTB,573782582,170496000,374597452
12-MAR-2019,INE039A01010,IFCI LTD,IFCI,147807447,66325000,74092074
12-MAR-2019,INE203G01027,INDRAPRASTHA GAS LTD,IGL,77000080,4119500,69030576
12-MAR-2019,INE383A01012,THE INDIA CEMENTS LIMITED,INDIACEM,44246369,32274000,9760050
12-MAR-2019,INE562A01011,INDIAN BANK,INDIANB,17549476,6704000,9968002
12-MAR-2019,INE646L01027,INTERGLOBE AVIATION LTD,INDIGO,19270843,3576000,14731300
12-MAR-2019,INE095A01012,INDUSIND BANK LIMITED,INDUSINDBK,89434622,11089200,73873690
12-MAR-2019,INE483S01020,INFIBEAM AVENUES LIMITED,INFIBEAM,81413204,23396000,53946543
12-MAR-2019,INE121J01017,BHARTI INFRATEL LTD.,INFRATEL,171832533,8836000,154404906
12-MAR-2019,INE009A01021,INFOSYS LIMITED,INFY,757551164,64855200,654818405
12-MAR-2019,INE242A01010,INDIAN OIL CORP LTD,IOC,868368232,48538000,776411820
12-MAR-2019,INE821I01014,IRB INFRA DEV LTD.,IRB,29847479,9849600,18505505
12-MAR-2019,INE154A01025,ITC LTD,ITC,2445238781,81302400,2241674441
12-MAR-2019,INE749A01030,JINDAL STEEL & POWER LTD,JINDALSTEL,80029268,33387750,42640054
12-MAR-2019,INE175A01038,JAIN IRRIGATION SYSTEMS,JISLJALEQS,63596288,43596000,16820473
12-MAR-2019,INE455F01025,JAIPRAKASH ASSOCIATES LTD,JPASSOCIAT,297175650,92125000,190191867
12-MAR-2019,INE019A01038,JSW STEEL LIMITED,JSWSTEEL,274637182,65092500,195812822
12-MAR-2019,INE797F01012,JUBILANT FOODWORKS LTD,JUBLFOOD,14455140,4013000,9719383
12-MAR-2019,INE599M01018,JUSTDIAL LTD.,JUSTDIAL,8550030,3844400,4278128
12-MAR-2019,INE217B01036,KAJARIA CERAMICS LTD,KAJARIACER,16664813,2588300,13243272
12-MAR-2019,INE237A01028,KOTAK MAHINDRA BANK LTD,KOTAKBANK,267015629,18513600,235151247
12-MAR-2019,INE455I01029,KAVERI SEED CO. LTD.,KSCL,5669882,2074500,3311887
12-MAR-2019,INE614B01018,KARNATAKA BANK LIMITED,KTKBANK,56521559,18668400,35027081
12-MAR-2019,INE498L01015,L&T FINANCE HOLDINGS LTD,L&TFH,143962331,28683000,108081214
12-MAR-2019,INE115A01026,LIC HOUSING FINANCE LTD,LICHSGFIN,60244101,9988000,47243895
12-MAR-2019,INE018A01030,LARSEN & TOUBRO LTD.,LT,275535867,12216000,249543073
12-MAR-2019,INE326A01037,LUPIN LIMITED,LUPIN,47971947,11847500,33725849
12-MAR-2019,INE101A01026,MAHINDRA & MAHINDRA LTD,M&M,173623634,25410000,139532452
12-MAR-2019,INE774D01024,M&M FIN. SERVICES LTD,M&MFIN,59712403,12195000,44531782
12-MAR-2019,INE522D01027,MANAPPURAM FINANCE LTD,MANAPPURAM,109330743,13482000,90382205
12-MAR-2019,INE196A01026,MARICO LIMITED,MARICO,103836709,7724600,90920273
12-MAR-2019,INE585B01010,MARUTI SUZUKI INDIA LTD.,MARUTI,26458324,3869775,21265632
12-MAR-2019,INE854D01024,UNITED SPIRITS LIMITED,MCDOWELL-N,62845623,11892500,47810841
12-MAR-2019,INE745G01035,MULTI COMMODITY EXCHANGE,MCX,10173586,2727900,6937006
12-MAR-2019,INE180A01020,MAX FINANCIAL SERV LTD,MFSL,38534772,2007600,34600433
12-MAR-2019,INE002S01010,MAHANAGAR GAS LTD.,MGL,11359449,798600,9992876
12-MAR-2019,INE018I01017,MINDTREE LIMITED,MINDTREE,28409718,4978800,22010432
12-MAR-2019,INE775A01035,MOTHERSON SUMI SYSTEMS LT,MOTHERSUMI,241729538,37568700,192074361
12-MAR-2019,INE883A01011,MRF LTD,MRF,613765,41820,541256
12-MAR-2019,INE103A01014,MRPL,MRPL,40018232,4970000,33047320
12-MAR-2019,INE414G01012,MUTHOOT FINANCE LIMITED,MUTHOOTFIN,21223881,3273000,16889686
12-MAR-2019,INE139A01034,NATIONAL ALUMINIUM CO LTD,NATIONALUM,161309931,43992000,109252434
12-MAR-2019,INE095N01031,NBCC (INDIA) LIMITED,NBCC,105949489,50336000,50316014
12-MAR-2019,INE868B01028,NCC LIMITED,NCC,98291337,66792000,26584770
12-MAR-2019,INE239A01016,NESTLE INDIA LIMITED,NESTLEIND,7180127,390750,6430370
12-MAR-2019,INE848E01016,NHPC LTD,NHPC,525836038,43659000,455885236
12-MAR-2019,INE591G01017,NIIT TECHNOLOGIES LTD,NIITTECH,8557451,1966500,6163078
12-MAR-2019,INE584A01023,NMDC LTD.,NMDC,174463784,21846000,143894594
12-MAR-2019,INE733E01010,NTPC LTD,NTPC,677243858,49628000,593753665
12-MAR-2019,INE881D01027,ORACLE FIN SERV SOFT LTD.,OFSS,4540712,188400,4125276
12-MAR-2019,INE274J01014,OIL INDIA LTD,OIL,83535196,8969961,70388475
12-MAR-2019,INE213A01029,OIL AND NATURAL GAS CORP.,ONGC,881795538,42873750,794832011
12-MAR-2019,INE141A01014,ORIENTAL BANK OF COMMERCE,ORIENTBANK,28817691,18942000,8434806
12-MAR-2019,INE761H01022,PAGE INDUSTRIES LTD,PAGEIND,1152956,121425,973883
12-MAR-2019,INE785M01013,PC JEWELLER LTD,PCJEWELLER,33475537,19942000,11859760
12-MAR-2019,INE140A01024,PIRAMAL ENTERPRISES LTD,PEL,18042791,3926604,13214047
12-MAR-2019,INE347G01014,PETRONET LNG LIMITED,PETRONET,150000017,15141000,127359016
12-MAR-2019,INE134E01011,POWER FIN CORP LTD.,PFC,203369978,39642800,153558679
12-MAR-2019,INE318A01026,PIDILITE INDUSTRIES LTD,PIDILITIND,30719858,2533500,26650365
12-MAR-2019,INE160A01022,PUNJAB NATIONAL BANK,PNB,208425616,149604000,48400335
12-MAR-2019,INE752E01010,POWER GRID CORP. LTD.,POWERGRID,456842549,19144000,414856421
12-MAR-2019,INE191H01014,PVR LIMITED,PVR,7454656,1430000,5651923
12-MAR-2019,INE331A01037,THE RAMCO CEMENTS LIMITED,RAMCOCEM,26974244,1011200,24614331
12-MAR-2019,INE301A01014,RAYMOND LTD,RAYMOND,6775384,3939200,2497414
12-MAR-2019,INE976G01028,RBL BANK LIMITED,RBLBANK,85086978,9090000,71742629
12-MAR-2019,INE020B01018,REC LIMITED,RECLTD,186236520,45558000,131366694
12-MAR-2019,INE013A01015,RELIANCE CAPITAL LTD,RELCAPITAL,23702036,17119500,5397434
12-MAR-2019,INE002A01018,RELIANCE INDUSTRIES LTD,RELIANCE,654841181,65735000,556364121
12-MAR-2019,INE612J01015,REPCO HOME FINANCE LTD,REPCOHOME,7866151,1912900,5559943
12-MAR-2019,INE114A01011,STEEL AUTHORITY OF INDIA,SAIL,206528041,120960000,75241638
12-MAR-2019,INE062A01020,STATE BANK OF INDIA,SBIN,729782012,114561000,578731911
12-MAR-2019,INE070A01015,SHREE CEMENT LIMITED,SHREECEM,2453485,82400,2248410
12-MAR-2019,INE003A01024,SIEMENS LTD,SIEMENS,17806068,1867250,15048514
12-MAR-2019,INE683A01023,THE SOUTH INDIAN BANK LTD,SOUTHBANK,361928764,176276979,167555346
12-MAR-2019,INE647A01010,SRF LTD,SRF,5468800,984000,4211360
12-MAR-2019,INE721A01013,SHRIRAM TRANSPORT FIN CO.,SRTRANSFIN,33541942,4690800,27174044
12-MAR-2019,INE939A01011,STRIDES PHARMA SCI LTD,STAR,12395780,4906000,6869991
12-MAR-2019,INE044A01036,SUN PHARMACEUTICAL IND L,SUNPHARMA,218894578,60327300,147622549
12-MAR-2019,INE424H01027,SUN TV NETWORK LIMITED,SUNTV,19704232,8721000,9998020
12-MAR-2019,INE040H01021,SUZLON ENERGY LIMITED,SUZLON,851741765,352792000,456362676
12-MAR-2019,INE667A01018,SYNDICATE BANK,SYNDIBANK,76346533,29250000,43279206
12-MAR-2019,INE092A01019,TATA CHEMICALS LTD,TATACHEM,35345667,6605250,26973133
12-MAR-2019,INE151A01013,TATA COMMUNICATIONS LTD,TATACOMM,14258524,3587000,9958597
12-MAR-2019,INE670A01012,TATA ELXSI LIMITED,TATAELXSI,6904235,2530000,4029023
12-MAR-2019,INE192A01025,TATA GLOBAL BEVERAGES LTD,TATAGLOBAL,82732329,12420000,66175712
12-MAR-2019,INE155A01022,TATA MOTORS LIMITED,TATAMOTORS,362219126,93890000,250218169
12-MAR-2019,IN9155A01020,TATA MOTORS DVR 'A' ORD,TATAMTRDVR,101602140,32288600,64233433
12-MAR-2019,INE245A01021,TATA POWER CO LTD,TATAPOWER,362445856,60462000,283861563
12-MAR-2019,INE081A01012,TATA STEEL LIMITED,TATASTEEL,161060422,41049029,111958371
12-MAR-2019,INE467B01029,TATA CONSULTANCY SERV LT,TCS,209768541,19159000,180121113
12-MAR-2019,INE669C01036,TECH MAHINDRA LIMITED,TECHM,125642015,16332000,103027914
12-MAR-2019,INE280A01028,TITAN COMPANY LIMITED,TITAN,83616848,14053500,65382505
12-MAR-2019,INE685A01028,TORRENT PHARMACEUTICALS L,TORNTPHARM,9731600,621500,8623520
12-MAR-2019,INE813H01021,TORRENT POWER LTD,TORNTPOWER,44634693,2247000,40155958
12-MAR-2019,INE886H01027,TV18 BROADCAST LIMITED,TV18BRDCST,129899100,61048000,62356145
12-MAR-2019,INE494B01023,TVS MOTOR COMPANY  LTD,TVSMOTOR,40480865,6189000,32267821
12-MAR-2019,INE686F01025,UNITED BREWERIES LTD,UBL,22357672,3048500,18191288
12-MAR-2019,INE334L01012,UJJIVAN FIN. SERVC. LTD.,UJJIVAN,24224375,6067200,16945956
12-MAR-2019,INE481G01011,ULTRATECH CEMENT LIMITED,ULTRACEMCO,21003731,2343800,17609744
12-MAR-2019,INE692A01016,UNION BANK OF INDIA,UNIONBANK,76131760,39879000,32446172
12-MAR-2019,INE628A01036,UPL LIMITED,UPL,73388208,18685200,51033597
12-MAR-2019,INE205A01025,VEDANTA LIMITED,VEDL,367715829,41420700,307909337
12-MAR-2019,INE951I01027,V-GUARD IND LTD.,VGUARD,30594810,3183000,25882069
12-MAR-2019,INE226A01021,VOLTAS LTD,VOLTAS,46126252,7969000,35850939
12-MAR-2019,INE075A01022,WIPRO LTD,WIPRO,304505288,57968000,231312023
12-MAR-2019,INE049B01025,WOCKHARDT LIMITED,WOCKPHARMA,5740164,5060700,392455
12-MAR-2019,INE528G01027,YES BANK LIMITED,YESBANK,370789950,166027750,186222702
12-MAR-2019,INE256A01028,ZEE ENTERTAINMENT ENT LTD,ZEEL,112141257,24412700,82121494
