Date, ISIN, Scrip Name, NSE Symbol, MWPL, Open Interest, Limit for Next Day
18-FEB-2020,INE868B01028,NCC LIMITED,NCC,98368941,84735000,No Fresh Positions
18-FEB-2020,INE528G01027,YES BANK LIMITED,YESBANK,467596261,496276000,No Fresh Positions
18-FEB-2020,INE012A01025,ACC LIMITED,ACC,17078410,6025200,10199289
18-FEB-2020,INE423A01024,ADANI ENTERPRISES LIMITED,ADANIENT,55169320,35504000,16906854
18-FEB-2020,INE742F01042,ADANI PORT & SEZ LTD,ADANIPORTS,152550487,35910000,109012962
18-FEB-2020,INE814H01011,ADANI POWER LTD,ADANIPOWER,193065274,89210000,94202010
18-FEB-2020,INE885A01032,AMARA RAJA BATTERIES LTD.,AMARAJABAT,24576009,2010400,21336808
18-FEB-2020,INE079A01024,AMBUJA CEMENTS LTD,AMBUJACEM,144729497,40147500,97345522
18-FEB-2020,INE437A01024,APOLLO HOSPITALS ENTER. L,APOLLOHOSP,19254499,3244500,15047274
18-FEB-2020,INE438A01022,APOLLO TYRES LTD,APOLLOTYRE,67612169,27303000,36928560
18-FEB-2020,INE208A01029,ASHOK LEYLAND LTD,ASHOKLEY,286973403,132856000,139768732
18-FEB-2020,INE021A01026,ASIAN PAINTS LIMITED,ASIANPAINT,90562642,9260400,76774109
18-FEB-2020,INE406A01037,AUROBINDO PHARMA LTD,AUROPHARMA,56402535,21342000,32240408
18-FEB-2020,INE238A01034,AXIS BANK LIMITED,AXISBANK,453270749,63507600,367099611
18-FEB-2020,INE917I01010,BAJAJ AUTO LIMITED,BAJAJ-AUTO,26897583,2297000,23255703
18-FEB-2020,INE918I01018,BAJAJ FINSERV LTD.,BAJAJFINSV,12463989,1349875,10490914
18-FEB-2020,INE296A01024,BAJAJ FINANCE LIMITED,BAJFINANCE,52403424,9169750,40613502
18-FEB-2020,INE787D01026,BALKRISHNA IND. LTD,BALKRISIND,16124234,3149600,12168422
18-FEB-2020,INE028A01039,BANK OF BARODA,BANKBARODA,238001693,126662400,99439208
18-FEB-2020,INE176A01028,BATA INDIA LTD,BATAINDIA,12092405,3841200,7646584
18-FEB-2020,INE263A01024,BHARAT ELECTRONICS LTD,BEL,217969737,73800000,133271250
18-FEB-2020,INE463A01038,BERGER PAINTS (I) LTD,BERGEPAINT,48580015,10021000,36130014
18-FEB-2020,INE465A01025,BHARAT FORGE LTD,BHARATFORG,50505198,9323600,38656338
18-FEB-2020,INE397D01024,BHARTI AIRTEL LIMITED,BHARTIARTL,447133046,79707762,345068631
18-FEB-2020,INE257A01026,BHEL,BHEL,256482590,169228800,74429660
18-FEB-2020,INE376G01013,BIOCON LIMITED.,BIOCON,91358374,20309000,66481455
18-FEB-2020,INE323A01026,BOSCH LIMITED,BOSCHLTD,1737683,142200,1508598
18-FEB-2020,INE029A01011,BHARAT PETROLEUM CORP  LT,BPCL,204013830,44146800,149666338
18-FEB-2020,INE216A01030,BRITANNIA INDUSTRIES LTD,BRITANNIA,23743860,3319800,19236867
18-FEB-2020,INE010B01027,CADILA HEALTHCARE LIMITED,CADILAHC,51441633,10511600,38357951
18-FEB-2020,INE476A01014,CANARA BANK,CANBK,40260000,34879000,3368000
18-FEB-2020,INE055A01016,CENTURY TEXTILES LTD,CENTURYTEX,11123542,5463600,5103764
18-FEB-2020,INE486A01013,CESC LTD,CESC,13276966,2346400,10266717
18-FEB-2020,INE121A01024,CHOLAMANDALAM IN & FIN CO,CHOLAFIN,73594677,7252500,62662443
18-FEB-2020,INE059A01026,CIPLA LTD,CIPLA,102029332,18776050,78151815
18-FEB-2020,INE522F01014,COAL INDIA LTD,COALINDIA,381504943,90522900,271906795
18-FEB-2020,INE259A01022,COLGATE PALMOLIVE LTD.,COLPAL,26654592,4424700,20897162
18-FEB-2020,INE111A01025,CONTAINER CORP OF IND LTD,CONCOR,55081874,6564600,45763180
18-FEB-2020,INE298A01020,CUMMINS INDIA LTD,CUMMINSIND,27165463,2727000,23080189
18-FEB-2020,INE016A01026,DABUR INDIA LTD,DABUR,113507443,15781250,92050820
18-FEB-2020,INE361B01024,DIVI'S LABORATORIES LTD,DIVISLAB,25485844,2471200,21740351
18-FEB-2020,INE271C01023,DLF LIMITED,DLF,124016568,59690400,58125339
18-FEB-2020,INE089A01023,DR. REDDY'S LABORATORIES,DRREDDY,24261734,3554250,19494397
18-FEB-2020,INE066A01013,EICHER MOTORS LTD,EICHERMOT,2769587,497250,2133857
18-FEB-2020,INE988K01017,EQUITAS HOLDINGS LIMITED,EQUITAS,68357849,25582900,39357056
18-FEB-2020,INE042A01014,ESCORTS INDIA LTD,ESCORTS,14033737,9838400,3493650
18-FEB-2020,INE302A01020,EXIDE INDUSTRIES LTD,EXIDEIND,91809066,20143400,67075212
18-FEB-2020,INE171A01029,FEDERAL BANK LTD,FEDERALBNK,391810603,83909000,288311072
18-FEB-2020,INE129A01019,GAIL (INDIA) LTD,GAIL,428666171,61463682,345769180
18-FEB-2020,INE935A01035,GLENMARK PHARMACEUTICALS,GLENMARK,30143046,12117000,16518893
18-FEB-2020,INE776C01039,GMR INFRASTRUCTURE LTD.,GMRINFRA,439450504,232020000,185457978
18-FEB-2020,INE102D01028,GODREJ CONSUMER PRODUCTS,GODREJCP,75164423,9164800,62241401
18-FEB-2020,INE047A01021,GRASIM INDUSTRIES LTD,GRASIM,78516765,30179250,44411676
18-FEB-2020,INE176B01034,HAVELLS INDIA LIMITED,HAVELLS,50571276,8306000,39736712
18-FEB-2020,INE860A01027,HCL TECHNOLOGIES LTD,HCLTECH,217205954,25739000,180606656
18-FEB-2020,INE001A01036,HDFC LTD,HDFC,345805533,38519750,289995506
18-FEB-2020,INE040A01034,HDFC BANK LTD,HDFCBANK,656857136,43653500,580360779
18-FEB-2020,INE158A01026,HERO MOTOCORP LIMITED,HEROMOTOCO,26114231,5834800,18973719
18-FEB-2020,INE038A01020,HINDALCO  INDUSTRIES  LTD,HINDALCO,292428478,64841000,212966054
18-FEB-2020,INE094A01015,HINDUSTAN PETROLEUM CORP,HINDPETRO,148995450,22932000,118613677
18-FEB-2020,INE030A01027,HINDUSTAN UNILEVER LTD.,HINDUNILVR,142079839,12755400,122220447
18-FEB-2020,INE148I01020,INDIABULLS HSG FIN LTD,IBULHSGFIN,65274907,42153600,19857561
18-FEB-2020,INE090A01021,ICICI BANK LTD.,ICICIBANK,1021655289,123318250,847254274
18-FEB-2020,INE726G01019,ICICI PRU LIFE INS CO LTD,ICICIPRULI,71845901,12601500,55652105
18-FEB-2020,INE669E01016,VODAFONE IDEA LIMITED,IDEA,1606294231,1059478000,466501519
18-FEB-2020,INE092T01019,IDFC FIRST BANK LIMITED,IDFCFIRSTB,574734964,310620000,235378215
18-FEB-2020,INE203G01027,INDRAPRASTHA GAS LTD,IGL,77000080,20451750,52698326
18-FEB-2020,INE646L01027,INTERGLOBE AVIATION LTD,INDIGO,19348731,4712700,13668594
18-FEB-2020,INE095A01012,INDUSIND BANK LIMITED,INDUSINDBK,107602564,26816400,75406035
18-FEB-2020,INE121J01017,BHARTI INFRATEL LTD.,INFRATEL,171858192,18284000,144981282
18-FEB-2020,INE009A01021,INFOSYS LIMITED,INFY,735916553,38126400,660994325
18-FEB-2020,INE242A01010,INDIAN OIL CORP LTD,IOC,913205148,74592000,792952890
18-FEB-2020,INE154A01025,ITC LTD,ITC,2454224491,221791200,2109722066
18-FEB-2020,INE749A01030,JINDAL STEEL & POWER LTD,JINDALSTEL,79976268,49695000,26282454
18-FEB-2020,INE019A01038,JSW STEEL LIMITED,JSWSTEEL,275809615,62293200,199725934
18-FEB-2020,INE797F01012,JUBILANT FOODWORKS LTD,JUBLFOOD,15273633,4485500,10024451
18-FEB-2020,INE599M01018,JUSTDIAL LTD.,JUSTDIAL,8699646,6830600,1434063
18-FEB-2020,INE237A01028,KOTAK MAHINDRA BANK LTD,KOTAKBANK,267713798,13269200,241058908
18-FEB-2020,INE498L01015,L&T FINANCE HOLDINGS LTD,L&TFH,144597551,41697600,95670073
18-FEB-2020,INE115A01026,LIC HOUSING FINANCE LTD,LICHSGFIN,60243601,28315300,28916120
18-FEB-2020,INE018A01030,LARSEN & TOUBRO LTD.,LT,276897514,28220625,234832013
18-FEB-2020,INE326A01037,LUPIN LIMITED,LUPIN,48067612,10732400,34931831
18-FEB-2020,INE101A01026,MAHINDRA & MAHINDRA LTD,M&M,179052689,31137000,138963054
18-FEB-2020,INE774D01024,M&M FIN. SERVICES LTD,M&MFIN,59818115,16427200,40400009
18-FEB-2020,INE522D01027,MANAPPURAM FINANCE LTD,MANAPPURAM,109764431,52758000,51518209
18-FEB-2020,INE196A01026,MARICO LIMITED,MARICO,104139567,18326100,80606488
18-FEB-2020,INE585B01010,MARUTI SUZUKI INDIA LTD.,MARUTI,26458324,4991900,20143507
18-FEB-2020,INE854D01024,UNITED SPIRITS LIMITED,MCDOWELL-N,62845623,16305000,43398341
18-FEB-2020,INE180A01020,MAX FINANCIAL SERV LTD,MFSL,38641175,8426600,28282516
18-FEB-2020,INE002S01010,MAHANAGAR GAS LTD.,MGL,13335005,3186600,9481654
18-FEB-2020,INE018I01017,MINDTREE LIMITED,MINDTREE,8604230,1689600,6484418
18-FEB-2020,INE775A01035,MOTHERSON SUMI SYSTEMS LT,MOTHERSUMI,241729538,31850000,197793061
18-FEB-2020,INE883A01011,MRF LTD,MRF,612642,25190,556819
18-FEB-2020,INE414G01012,MUTHOOT FINANCE LIMITED,MUTHOOTFIN,21300965,13258500,6977416
18-FEB-2020,INE139A01034,NATIONAL ALUMINIUM CO LTD,NATIONALUM,180964897,67848300,104068352
18-FEB-2020,INE239A01016,NESTLE INDIA LIMITED,NESTLEIND,7180127,556250,6264870
18-FEB-2020,INE591G01017,NIIT TECHNOLOGIES LTD,NIITTECH,3735123,1211625,2336741
18-FEB-2020,INE584A01023,NMDC LTD.,NMDC,169762789,60222000,101052649
18-FEB-2020,INE733E01010,NTPC LTD,NTPC,907542167,148867200,713297858
18-FEB-2020,INE274J01014,OIL INDIA LTD,OIL,87686245,16097664,67204268
18-FEB-2020,INE213A01029,OIL AND NATURAL GAS CORP.,ONGC,936452540,132220900,757409013
18-FEB-2020,INE761H01022,PAGE INDUSTRIES LTD,PAGEIND,1152956,164300,931008
18-FEB-2020,INE140A01024,PIRAMAL ENTERPRISES LTD,PEL,22520608,5604951,15789626
18-FEB-2020,INE347G01014,PETRONET LNG LIMITED,PETRONET,150000017,24393000,118107016
18-FEB-2020,INE134E01011,POWER FIN CORP LTD.,PFC,232357926,55855800,164884229
18-FEB-2020,INE318A01026,PIDILITE INDUSTRIES LTD,PIDILITIND,30498689,2810500,26163254
18-FEB-2020,INE160A01022,PUNJAB NATIONAL BANK,PNB,226470953,188609200,26538205
18-FEB-2020,INE752E01010,POWER GRID CORP. LTD.,POWERGRID,471230235,68840000,378828723
18-FEB-2020,INE191H01014,PVR LIMITED,PVR,8373408,1631200,6323537
18-FEB-2020,INE331A01037,THE RAMCO CEMENTS LIMITED,RAMCOCEM,27013844,1462400,24200751
18-FEB-2020,INE976G01028,RBL BANK LIMITED,RBLBANK,97688022,24910500,67893120
18-FEB-2020,INE020B01018,REC LIMITED,RECLTD,187084550,35394000,142336322
18-FEB-2020,INE002A01018,RELIANCE INDUSTRIES LTD,RELIANCE,618845558,63300500,524602780
18-FEB-2020,INE114A01011,STEEL AUTHORITY OF INDIA,SAIL,206529370,148945900,47257001
18-FEB-2020,INE062A01020,STATE BANK OF INDIA,SBIN,745532789,253578000,454678149
18-FEB-2020,INE070A01015,SHREE CEMENT LIMITED,SHREECEM,2702190,168450,2398630
18-FEB-2020,INE003A01024,SIEMENS LTD,SIEMENS,17806068,3531000,13384764
18-FEB-2020,INE647A01010,SRF LTD,SRF,5480800,1638500,3568260
18-FEB-2020,INE721A01013,SHRIRAM TRANSPORT FIN CO.,SRTRANSFIN,33465550,7837200,23955072
18-FEB-2020,INE044A01036,SUN PHARMACEUTICAL IND L,SUNPHARMA,218055884,83493750,123659339
18-FEB-2020,INE424H01027,SUN TV NETWORK LIMITED,SUNTV,19704232,11305200,7413820
18-FEB-2020,INE092A01019,TATA CHEMICALS LTD,TATACHEM,35116539,6096600,27264112
18-FEB-2020,INE192A01025,TATA GLOBAL BEVERAGES LTD,TATAGLOBAL,82732329,33147900,45447812
18-FEB-2020,INE155A01022,TATA MOTORS LIMITED,TATAMOTORS,355884192,153819600,184270382
18-FEB-2020,INE245A01021,TATA POWER CO LTD,TATAPOWER,345072152,85941000,241877544
18-FEB-2020,INE081A01012,TATA STEEL LIMITED,TATASTEEL,161060679,49783500,103224145
18-FEB-2020,INE467B01029,TATA CONSULTANCY SERV LT,TCS,209768541,17411750,181868363
18-FEB-2020,INE669C01036,TECH MAHINDRA LIMITED,TECHM,123803094,17391600,100221339
18-FEB-2020,INE280A01028,TITAN COMPANY LIMITED,TITAN,83616848,12301500,67134505
18-FEB-2020,INE685A01028,TORRENT PHARMACEUTICALS L,TORNTPHARM,9731584,493000,8752004
18-FEB-2020,INE813H01021,TORRENT POWER LTD,TORNTPOWER,44634411,7596000,34806690
18-FEB-2020,INE494B01023,TVS MOTOR COMPANY  LTD,TVSMOTOR,40480865,7669350,30787471
18-FEB-2020,INE686F01025,UNITED BREWERIES LTD,UBL,22357672,2989000,18250788
18-FEB-2020,INE334L01012,UJJIVAN FIN. SERVC. LTD.,UJJIVAN,24313500,9353400,13744425
18-FEB-2020,INE481G01011,ULTRATECH CEMENT LIMITED,ULTRACEMCO,22937900,3146400,18644605
18-FEB-2020,INE628A01036,UPL LIMITED,UPL,110153252,16956900,87688689
18-FEB-2020,INE205A01025,VEDANTA LIMITED,VEDL,367715829,106739500,242590537
18-FEB-2020,INE226A01021,VOLTAS LTD,VOLTAS,46126252,5474000,38345939
18-FEB-2020,INE075A01022,WIPRO LTD,WIPRO,291744528,27283200,249874101
18-FEB-2020,INE256A01028,ZEE ENTERTAINMENT ENT LTD,ZEEL,182737530,40708200,132892453
