Date, ISIN, Scrip Name, NSE Symbol, MWPL, Open Interest, Limit for Next Day
30-SEP-2019,INE012A01025,ACC LIMITED,ACC,17078428,2239200,13985306
30-SEP-2019,INE423A01024,ADANI ENTERPRISES LIMITED,ADANIENT,55169320,27132000,25278854
30-SEP-2019,INE742F01042,ADANI PORT & SEZ LTD,ADANIPORTS,156144401,12997500,135339680
30-SEP-2019,INE814H01011,ADANI POWER LTD,ADANIPOWER,193065274,102160000,81252010
30-SEP-2019,INE885A01032,AMARA RAJA BATTERIES LTD.,AMARAJABAT,24576009,1768900,21578308
30-SEP-2019,INE079A01024,AMBUJA CEMENTS LTD,AMBUJACEM,144375452,26037500,111119179
30-SEP-2019,INE437A01024,APOLLO HOSPITALS ENTER. L,APOLLOHOSP,18254499,2048500,15293274
30-SEP-2019,INE438A01022,APOLLO TYRES LTD,APOLLOTYRE,67612169,8574000,55657560
30-SEP-2019,INE208A01029,ASHOK LEYLAND LTD,ASHOKLEY,286973403,97398000,175226732
30-SEP-2019,INE021A01026,ASIAN PAINTS LIMITED,ASIANPAINT,90562642,9985800,76048709
30-SEP-2019,INE406A01037,AUROBINDO PHARMA LTD,AUROPHARMA,56397935,16768000,36810038
30-SEP-2019,INE238A01034,AXIS BANK LIMITED,AXISBANK,408457435,67554000,320480563
30-SEP-2019,INE917I01010,BAJAJ AUTO LIMITED,BAJAJ-AUTO,26897583,2343750,23208953
30-SEP-2019,INE918I01018,BAJAJ FINSERV LTD.,BAJAJFINSV,12496712,1153875,10718001
30-SEP-2019,INE296A01024,BAJAJ FINANCE LIMITED,BAJFINANCE,47918676,8028500,37494242
30-SEP-2019,INE787D01026,BALKRISHNA IND. LTD,BALKRISIND,16124234,1751200,13566822
30-SEP-2019,INE028A01039,BANK OF BARODA,BANKBARODA,236709448,85639500,139234475
30-SEP-2019,INE084A01016,BANK OF INDIA,BANKINDIA,58936059,33210000,22779256
30-SEP-2019,INE176A01028,BATA INDIA LTD,BATAINDIA,12092405,3191100,8296684
30-SEP-2019,INE263A01024,BHARAT ELECTRONICS LTD,BEL,200653302,25176000,165444636
30-SEP-2019,INE463A01038,BERGER PAINTS (I) LTD,BERGEPAINT,48562002,5123800,41010101
30-SEP-2019,INE465A01025,BHARAT FORGE LTD,BHARATFORG,50505198,8179200,39800738
30-SEP-2019,INE397D01024,BHARTI AIRTEL LIMITED,BHARTIARTL,382341918,48316653,314908169
30-SEP-2019,INE257A01026,BHEL,BHEL,256482590,66405000,177253460
30-SEP-2019,INE376G01013,BIOCON LIMITED.,BIOCON,91179410,15321600,71298839
30-SEP-2019,INE323A01026,BOSCH LIMITED,BOSCHLTD,1737683,157920,1492878
30-SEP-2019,INE029A01011,BHARAT PETROLEUM CORP  LT,BPCL,202631356,30227400,162272388
30-SEP-2019,INE216A01030,BRITANNIA INDUSTRIES LTD,BRITANNIA,23714500,2361600,20167175
30-SEP-2019,INE010B01027,CADILA HEALTHCARE LIMITED,CADILAHC,51610474,10060800,38969150
30-SEP-2019,INE476A01014,CANARA BANK,CANBK,40260000,18800000,19447000
30-SEP-2019,INE172A01027,CASTROL INDIA LIMITED,CASTROLIND,96933993,6487200,85600093
30-SEP-2019,INE055A01016,CENTURY TEXTILES LTD,CENTURYTEX,11123542,3388200,7179164
30-SEP-2019,INE486A01013,CESC LTD,CESC,13275380,1857600,10754011
30-SEP-2019,INE121A01024,CHOLAMANDALAM IN & FIN CO,CHOLAFIN,73583339,3247500,66656672
30-SEP-2019,INE059A01026,CIPLA LTD,CIPLA,101949498,14920000,81932023
30-SEP-2019,INE522F01014,COAL INDIA LTD,COALINDIA,357942309,41621800,298423393
30-SEP-2019,INE259A01022,COLGATE PALMOLIVE LTD.,COLPAL,26654592,1608600,23713262
30-SEP-2019,INE111A01025,CONTAINER CORP OF IND LTD,CONCOR,55081874,5289192,47038588
30-SEP-2019,INE298A01020,CUMMINS INDIA LTD,CUMMINSIND,27165463,1687000,24120189
30-SEP-2019,INE016A01026,DABUR INDIA LTD,DABUR,113525799,11768750,96080759
30-SEP-2019,INE836F01026,DISH TV INDIA LTD.,DISHTV,156447024,114898000,33726672
30-SEP-2019,INE361B01024,DIVI'S LABORATORIES LTD,DIVISLAB,25479844,2785200,21420651
30-SEP-2019,INE271C01023,DLF LIMITED,DLF,124016568,54546800,63268939
30-SEP-2019,INE089A01023,DR. REDDY'S LABORATORIES,DRREDDY,24251642,3951000,19088059
30-SEP-2019,INE066A01013,EICHER MOTORS LTD,EICHERMOT,2766505,374450,2253729
30-SEP-2019,INE988K01017,EQUITAS HOLDINGS LIMITED,EQUITAS,68321579,14748000,50157500
30-SEP-2019,INE042A01014,ESCORTS INDIA LTD,ESCORTS,14033737,6428400,6903650
30-SEP-2019,INE302A01020,EXIDE INDUSTRIES LTD,EXIDEIND,91809066,10574400,76644212
30-SEP-2019,INE171A01029,FEDERAL BANK LTD,FEDERALBNK,390378490,54117000,316742565
30-SEP-2019,INE129A01019,GAIL (INDIA) LTD,GAIL,422844128,47573946,354127975
30-SEP-2019,INE935A01035,GLENMARK PHARMACEUTICALS,GLENMARK,30149622,6120000,22522140
30-SEP-2019,INE776C01039,GMR INFRASTRUCTURE LTD.,GMRINFRA,436550544,178515000,236208016
30-SEP-2019,INE102D01028,GODREJ CONSUMER PRODUCTS,GODREJCP,75135565,6121600,65257186
30-SEP-2019,INE047A01021,GRASIM INDUSTRIES LTD,GRASIM,78438787,17675250,56841597
30-SEP-2019,INE176B01034,HAVELLS INDIA LIMITED,HAVELLS,50529718,5748000,42255232
30-SEP-2019,INE860A01027,HCL TECHNOLOGIES LTD,HCLTECH,108492241,11179700,91887928
30-SEP-2019,INE001A01036,HDFC LTD,HDFC,345061247,42297000,285511184
30-SEP-2019,INE040A01034,HDFC BANK LTD,HDFCBANK,654576630,44846500,577001298
30-SEP-2019,INE158A01026,HERO MOTOCORP LIMITED,HEROMOTOCO,26112160,3205200,21601352
30-SEP-2019,INE093A01033,HEXAWARE TECHNOLOGIES LTD,HEXAWARE,22338852,2433000,18788909
30-SEP-2019,INE038A01020,HINDALCO  INDUSTRIES  LTD,HINDALCO,292389538,40103000,237667061
30-SEP-2019,INE094A01015,HINDUSTAN PETROLEUM CORP,HINDPETRO,148995450,24271800,117273877
30-SEP-2019,INE030A01027,HINDUSTAN UNILEVER LTD.,HINDUNILVR,142077635,9076500,125897253
30-SEP-2019,INE148I01020,INDIABULLS HSG FIN LTD,IBULHSGFIN,66606515,31462400,31813789
30-SEP-2019,INE090A01021,ICICI BANK LTD.,ICICIBANK,981703509,101693625,830924708
30-SEP-2019,INE726G01019,ICICI PRU LIFE INS CO LTD,ICICIPRULI,71843339,7335000,60916172
30-SEP-2019,INE669E01016,VODAFONE IDEA LIMITED,IDEA,1633625320,775320000,776624054
30-SEP-2019,INE092T01019,IDFC FIRST BANK LIMITED,IDFCFIRSTB,573897255,262092000,283110392
30-SEP-2019,INE203G01027,INDRAPRASTHA GAS LTD,IGL,77000080,3990250,69159826
30-SEP-2019,INE646L01027,INTERGLOBE AVIATION LTD,INDIGO,19320836,4022400,14332394
30-SEP-2019,INE095A01012,INDUSIND BANK LIMITED,INDUSINDBK,107539864,15437600,86725270
30-SEP-2019,INE121J01017,BHARTI INFRATEL LTD.,INFRATEL,171839583,7206000,156041603
30-SEP-2019,INE009A01021,INFOSYS LIMITED,INFY,742953135,55418400,650387078
30-SEP-2019,INE242A01010,INDIAN OIL CORP LTD,IOC,900401892,56700000,798681797
30-SEP-2019,INE154A01025,ITC LTD,ITC,2447598336,130896000,2194322419
30-SEP-2019,INE749A01030,JINDAL STEEL & POWER LTD,JINDALSTEL,79976268,43977600,31999854
30-SEP-2019,INE019A01038,JSW STEEL LIMITED,JSWSTEEL,276036208,58596000,203638397
30-SEP-2019,INE797F01012,JUBILANT FOODWORKS LTD,JUBLFOOD,15270639,2577000,11930107
30-SEP-2019,INE599M01018,JUSTDIAL LTD.,JUSTDIAL,8570213,2630600,5511102
30-SEP-2019,INE237A01028,KOTAK MAHINDRA BANK LTD,KOTAKBANK,267374153,9242800,244762645
30-SEP-2019,INE498L01015,L&T FINANCE HOLDINGS LTD,L&TFH,144402931,54108000,83074784
30-SEP-2019,INE115A01026,LIC HOUSING FINANCE LTD,LICHSGFIN,60244101,14181200,43050695
30-SEP-2019,INE018A01030,LARSEN & TOUBRO LTD.,LT,276079893,14943000,247332898
30-SEP-2019,INE326A01037,LUPIN LIMITED,LUPIN,48009022,8633100,36975470
30-SEP-2019,INE101A01026,MAHINDRA & MAHINDRA LTD,M&M,179047984,24390000,145705584
30-SEP-2019,INE774D01024,M&M FIN. SERVICES LTD,M&MFIN,59739145,15427500,41324687
30-SEP-2019,INE522D01027,MANAPPURAM FINANCE LTD,MANAPPURAM,109401942,17766000,86165844
30-SEP-2019,INE196A01026,MARICO LIMITED,MARICO,103826001,12227800,86406900
30-SEP-2019,INE585B01010,MARUTI SUZUKI INDIA LTD.,MARUTI,26458324,3448575,21686832
30-SEP-2019,INE854D01024,UNITED SPIRITS LIMITED,MCDOWELL-N,62845623,11346250,48357091
30-SEP-2019,INE180A01020,MAX FINANCIAL SERV LTD,MFSL,38619025,3656400,33031673
30-SEP-2019,INE002S01010,MAHANAGAR GAS LTD.,MGL,11359449,1804800,8986676
30-SEP-2019,INE018I01017,MINDTREE LIMITED,MINDTREE,28428381,1479600,25527361
30-SEP-2019,INE775A01035,MOTHERSON SUMI SYSTEMS LT,MOTHERSUMI,241729538,32646900,196996161
30-SEP-2019,INE883A01011,MRF LTD,MRF,613041,20710,561678
30-SEP-2019,INE414G01012,MUTHOOT FINANCE LIMITED,MUTHOOTFIN,21247704,2058000,18127318
30-SEP-2019,INE139A01034,NATIONAL ALUMINIUM CO LTD,NATIONALUM,179107196,38950000,131201836
30-SEP-2019,INE095N01031,NBCC (INDIA) LIMITED,NBCC,114538273,34620500,74190859
30-SEP-2019,INE868B01028,NCC LIMITED,NCC,98294611,59792000,33587880
30-SEP-2019,INE239A01016,NESTLE INDIA LIMITED,NESTLEIND,7180127,559100,6262020
30-SEP-2019,INE591G01017,NIIT TECHNOLOGIES LTD,NIITTECH,8173711,799500,6965525
30-SEP-2019,INE584A01023,NMDC LTD.,NMDC,169762789,34776000,126498649
30-SEP-2019,INE733E01010,NTPC LTD,NTPC,862678001,76392000,743152100
30-SEP-2019,INE274J01014,OIL INDIA LTD,OIL,83251980,10003257,69086124
30-SEP-2019,INE213A01029,OIL AND NATURAL GAS CORP.,ONGC,899518757,70713750,783829069
30-SEP-2019,INE761H01022,PAGE INDUSTRIES LTD,PAGEIND,1152956,194975,900333
30-SEP-2019,INE140A01024,PIRAMAL ENTERPRISES LTD,PEL,21140567,6350154,13733384
30-SEP-2019,INE347G01014,PETRONET LNG LIMITED,PETRONET,150000017,24645000,117855016
30-SEP-2019,INE134E01011,POWER FIN CORP LTD.,PFC,216238398,55676000,149750478
30-SEP-2019,INE318A01026,PIDILITE INDUSTRIES LTD,PIDILITIND,30731069,2722000,26472515
30-SEP-2019,INE160A01022,PUNJAB NATIONAL BANK,PNB,208425616,131222000,66782335
30-SEP-2019,INE572E01012,PNB HOUSING FIN LTD.,PNBHOUSING,22629864,0,21498370
30-SEP-2019,INE752E01010,POWER GRID CORP. LTD.,POWERGRID,467018741,32556000,411111803
30-SEP-2019,INE191H01014,PVR LIMITED,PVR,7461056,1084400,6003603
30-SEP-2019,INE331A01037,THE RAMCO CEMENTS LIMITED,RAMCOCEM,26974244,1286400,24339131
30-SEP-2019,INE976G01028,RBL BANK LIMITED,RBLBANK,85542793,18351600,62914053
30-SEP-2019,INE020B01018,REC LIMITED,RECLTD,187084550,36408000,141322322
30-SEP-2019,INE002A01018,RELIANCE INDUSTRIES LTD,RELIANCE,652400036,65983500,553796534
30-SEP-2019,INE114A01011,STEEL AUTHORITY OF INDIA,SAIL,206528281,104724000,91477866
30-SEP-2019,INE062A01020,STATE BANK OF INDIA,SBIN,741960919,184656000,520206873
30-SEP-2019,INE070A01015,SHREE CEMENT LIMITED,SHREECEM,2453485,169850,2160960
30-SEP-2019,INE003A01024,SIEMENS LTD,SIEMENS,17806068,1478400,15437364
30-SEP-2019,INE647A01010,SRF LTD,SRF,5468800,965750,4229610
30-SEP-2019,INE721A01013,SHRIRAM TRANSPORT FIN CO.,SRTRANSFIN,33541942,4534200,27330644
30-SEP-2019,INE939A01011,STRIDES PHARMA SCI LTD,STAR,12315570,3615600,8084191
30-SEP-2019,INE044A01036,SUN PHARMACEUTICAL IND L,SUNPHARMA,218895917,67942600,140008521
30-SEP-2019,INE424H01027,SUN TV NETWORK LIMITED,SUNTV,19704232,4566000,14153020
30-SEP-2019,INE092A01019,TATA CHEMICALS LTD,TATACHEM,35345667,2318400,31259983
30-SEP-2019,INE670A01012,TATA ELXSI LIMITED,TATAELXSI,6909235,2191200,4372573
30-SEP-2019,INE192A01025,TATA GLOBAL BEVERAGES LTD,TATAGLOBAL,82732329,10651500,67944212
30-SEP-2019,INE155A01022,TATA MOTORS LIMITED,TATAMOTORS,355884192,97218000,240871982
30-SEP-2019,IN9155A01020,TATA MOTORS DVR 'A' ORD,TATAMTRDVR,101602140,38958000,57564033
30-SEP-2019,INE245A01021,TATA POWER CO LTD,TATAPOWER,362445856,45225000,299098563
30-SEP-2019,INE081A01012,TATA STEEL LIMITED,TATASTEEL,161060557,37899981,115107548
30-SEP-2019,INE467B01029,TATA CONSULTANCY SERV LT,TCS,209768541,20018500,179261613
30-SEP-2019,INE669C01036,TECH MAHINDRA LIMITED,TECHM,123607207,15872400,101554446
30-SEP-2019,INE280A01028,TITAN COMPANY LIMITED,TITAN,83616848,11781750,67654255
30-SEP-2019,INE685A01028,TORRENT PHARMACEUTICALS L,TORNTPHARM,9731600,380500,8864520
30-SEP-2019,INE813H01021,TORRENT POWER LTD,TORNTPOWER,44634693,4308000,38094958
30-SEP-2019,INE494B01023,TVS MOTOR COMPANY  LTD,TVSMOTOR,40480865,7884800,30572021
30-SEP-2019,INE686F01025,UNITED BREWERIES LTD,UBL,22357672,1564500,19675288
30-SEP-2019,INE334L01012,UJJIVAN FIN. SERVC. LTD.,UJJIVAN,24272566,8508800,14550137
30-SEP-2019,INE481G01011,ULTRATECH CEMENT LIMITED,ULTRACEMCO,21006549,2755800,17200421
30-SEP-2019,INE692A01016,UNION BANK OF INDIA,UNIONBANK,76131760,41083000,31242172
30-SEP-2019,INE628A01036,UPL LIMITED,UPL,110146962,15753600,88886013
30-SEP-2019,INE205A01025,VEDANTA LIMITED,VEDL,367715829,58386000,290944037
30-SEP-2019,INE226A01021,VOLTAS LTD,VOLTAS,46126252,2254000,41565939
30-SEP-2019,INE075A01022,WIPRO LTD,WIPRO,310714775,33174400,262004636
30-SEP-2019,INE528G01027,YES BANK LIMITED,YESBANK,418388981,263531400,133938131
30-SEP-2019,INE256A01028,ZEE ENTERTAINMENT ENT LTD,ZEEL,123335564,38637300,78531485
