<?xml version="1.0" encoding="utf-8" ?>
<MWPL_Viols>
<MWPL>
	<Date>06-FEB-2020</Date>
	<ISIN>INE528G01027</ISIN>
	<Scrip_Name>YES BANK LIMITED</Scrip_Name>
	<NSE_Symbol>YESBANK</NSE_Symbol>
	<MWPL_Limit>467596261</MWPL_Limit>
	<Open_Interest>442261600</Open_Interest>
	<Limit_for_Next_Day>No Fresh Positions</Limit_for_Next_Day>
</MWPL>
<MWPL>
	<Date>06-FEB-2020</Date>
	<ISIN>INE012A01025</ISIN>
	<Scrip_Name>ACC LIMITED</Scrip_Name>
	<NSE_Symbol>ACC</NSE_Symbol>
	<MWPL_Limit>17078410</MWPL_Limit>
	<Open_Interest>5620000</Open_Interest>
	<Limit_for_Next_Day>10604489</Limit_for_Next_Day>
</MWPL>
<MWPL>
	<Date>06-FEB-2020</Date>
	<ISIN>INE423A01024</ISIN>
	<Scrip_Name>ADANI ENTERPRISES LIMITED</Scrip_Name>
	<NSE_Symbol>ADANIENT</NSE_Symbol>
	<MWPL_Limit>55169320</MWPL_Limit>
	<Open_Interest>38128000</Open_Interest>
	<Limit_for_Next_Day>14282854</Limit_for_Next_Day>
</MWPL>
<MWPL>
	<Date>06-FEB-2020</Date>
	<ISIN>INE742F01042</ISIN>
	<Scrip_Name>ADANI PORT & SEZ LTD</Scrip_Name>
	<NSE_Symbol>ADANIPORTS</NSE_Symbol>
	<MWPL_Limit>152550487</MWPL_Limit>
	<Open_Interest>33187500</Open_Interest>
	<Limit_for_Next_Day>111735462</Limit_for_Next_Day>
</MWPL>
<MWPL>
	<Date>06-FEB-2020</Date>
	<ISIN>INE814H01011</ISIN>
	<Scrip_Name>ADANI POWER LTD</Scrip_Name>
	<NSE_Symbol>ADANIPOWER</NSE_Symbol>
	<MWPL_Limit>193065274</MWPL_Limit>
	<Open_Interest>81460000</Open_Interest>
	<Limit_for_Next_Day>101952010</Limit_for_Next_Day>
</MWPL>
<MWPL>
	<Date>06-FEB-2020</Date>
	<ISIN>INE885A01032</ISIN>
	<Scrip_Name>AMARA RAJA BATTERIES LTD.</Scrip_Name>
	<NSE_Symbol>AMARAJABAT</NSE_Symbol>
	<MWPL_Limit>24576009</MWPL_Limit>
	<Open_Interest>1882400</Open_Interest>
	<Limit_for_Next_Day>21464808</Limit_for_Next_Day>
</MWPL>
<MWPL>
	<Date>06-FEB-2020</Date>
	<ISIN>INE079A01024</ISIN>
	<Scrip_Name>AMBUJA CEMENTS LTD</Scrip_Name>
	<NSE_Symbol>AMBUJACEM</NSE_Symbol>
	<MWPL_Limit>144729497</MWPL_Limit>
	<Open_Interest>34597500</Open_Interest>
	<Limit_for_Next_Day>102895522</Limit_for_Next_Day>
</MWPL>
<MWPL>
	<Date>06-FEB-2020</Date>
	<ISIN>INE437A01024</ISIN>
	<Scrip_Name>APOLLO HOSPITALS ENTER. L</Scrip_Name>
	<NSE_Symbol>APOLLOHOSP</NSE_Symbol>
	<MWPL_Limit>19254499</MWPL_Limit>
	<Open_Interest>2123500</Open_Interest>
	<Limit_for_Next_Day>16168274</Limit_for_Next_Day>
</MWPL>
<MWPL>
	<Date>06-FEB-2020</Date>
	<ISIN>INE438A01022</ISIN>
	<Scrip_Name>APOLLO TYRES LTD</Scrip_Name>
	<NSE_Symbol>APOLLOTYRE</NSE_Symbol>
	<MWPL_Limit>67612169</MWPL_Limit>
	<Open_Interest>20286000</Open_Interest>
	<Limit_for_Next_Day>43945560</Limit_for_Next_Day>
</MWPL>
<MWPL>
	<Date>06-FEB-2020</Date>
	<ISIN>INE208A01029</ISIN>
	<Scrip_Name>ASHOK LEYLAND LTD</Scrip_Name>
	<NSE_Symbol>ASHOKLEY</NSE_Symbol>
	<MWPL_Limit>286973403</MWPL_Limit>
	<Open_Interest>93080000</Open_Interest>
	<Limit_for_Next_Day>179544732</Limit_for_Next_Day>
</MWPL>
<MWPL>
	<Date>06-FEB-2020</Date>
	<ISIN>INE021A01026</ISIN>
	<Scrip_Name>ASIAN PAINTS LIMITED</Scrip_Name>
	<NSE_Symbol>ASIANPAINT</NSE_Symbol>
	<MWPL_Limit>90562642</MWPL_Limit>
	<Open_Interest>9120600</Open_Interest>
	<Limit_for_Next_Day>76913909</Limit_for_Next_Day>
</MWPL>
<MWPL>
	<Date>06-FEB-2020</Date>
	<ISIN>INE406A01037</ISIN>
	<Scrip_Name>AUROBINDO PHARMA LTD</Scrip_Name>
	<NSE_Symbol>AUROPHARMA</NSE_Symbol>
	<MWPL_Limit>56402535</MWPL_Limit>
	<Open_Interest>17622000</Open_Interest>
	<Limit_for_Next_Day>35960408</Limit_for_Next_Day>
</MWPL>
<MWPL>
	<Date>06-FEB-2020</Date>
	<ISIN>INE238A01034</ISIN>
	<Scrip_Name>AXIS BANK LIMITED</Scrip_Name>
	<NSE_Symbol>AXISBANK</NSE_Symbol>
	<MWPL_Limit>453270749</MWPL_Limit>
	<Open_Interest>60474000</Open_Interest>
	<Limit_for_Next_Day>370133211</Limit_for_Next_Day>
</MWPL>
<MWPL>
	<Date>06-FEB-2020</Date>
	<ISIN>INE917I01010</ISIN>
	<Scrip_Name>BAJAJ AUTO LIMITED</Scrip_Name>
	<NSE_Symbol>BAJAJ-AUTO</NSE_Symbol>
	<MWPL_Limit>26897583</MWPL_Limit>
	<Open_Interest>2474750</Open_Interest>
	<Limit_for_Next_Day>23077953</Limit_for_Next_Day>
</MWPL>
<MWPL>
	<Date>06-FEB-2020</Date>
	<ISIN>INE918I01018</ISIN>
	<Scrip_Name>BAJAJ FINSERV LTD.</Scrip_Name>
	<NSE_Symbol>BAJAJFINSV</NSE_Symbol>
	<MWPL_Limit>12463989</MWPL_Limit>
	<Open_Interest>1313500</Open_Interest>
	<Limit_for_Next_Day>10527289</Limit_for_Next_Day>
</MWPL>
<MWPL>
	<Date>06-FEB-2020</Date>
	<ISIN>INE296A01024</ISIN>
	<Scrip_Name>BAJAJ FINANCE LIMITED</Scrip_Name>
	<NSE_Symbol>BAJFINANCE</NSE_Symbol>
	<MWPL_Limit>52403424</MWPL_Limit>
	<Open_Interest>8656250</Open_Interest>
	<Limit_for_Next_Day>41127002</Limit_for_Next_Day>
</MWPL>
<MWPL>
	<Date>06-FEB-2020</Date>
	<ISIN>INE787D01026</ISIN>
	<Scrip_Name>BALKRISHNA IND. LTD</Scrip_Name>
	<NSE_Symbol>BALKRISIND</NSE_Symbol>
	<MWPL_Limit>16124234</MWPL_Limit>
	<Open_Interest>1732000</Open_Interest>
	<Limit_for_Next_Day>13586022</Limit_for_Next_Day>
</MWPL>
<MWPL>
	<Date>06-FEB-2020</Date>
	<ISIN>INE028A01039</ISIN>
	<Scrip_Name>BANK OF BARODA</Scrip_Name>
	<NSE_Symbol>BANKBARODA</NSE_Symbol>
	<MWPL_Limit>238001693</MWPL_Limit>
	<Open_Interest>101995200</Open_Interest>
	<Limit_for_Next_Day>124106408</Limit_for_Next_Day>
</MWPL>
<MWPL>
	<Date>06-FEB-2020</Date>
	<ISIN>INE176A01028</ISIN>
	<Scrip_Name>BATA INDIA LTD</Scrip_Name>
	<NSE_Symbol>BATAINDIA</NSE_Symbol>
	<MWPL_Limit>12092405</MWPL_Limit>
	<Open_Interest>3095400</Open_Interest>
	<Limit_for_Next_Day>8392384</Limit_for_Next_Day>
</MWPL>
<MWPL>
	<Date>06-FEB-2020</Date>
	<ISIN>INE263A01024</ISIN>
	<Scrip_Name>BHARAT ELECTRONICS LTD</Scrip_Name>
	<NSE_Symbol>BEL</NSE_Symbol>
	<MWPL_Limit>217969737</MWPL_Limit>
	<Open_Interest>83538000</Open_Interest>
	<Limit_for_Next_Day>123533250</Limit_for_Next_Day>
</MWPL>
<MWPL>
	<Date>06-FEB-2020</Date>
	<ISIN>INE463A01038</ISIN>
	<Scrip_Name>BERGER PAINTS (I) LTD</Scrip_Name>
	<NSE_Symbol>BERGEPAINT</NSE_Symbol>
	<MWPL_Limit>48580015</MWPL_Limit>
	<Open_Interest>10472000</Open_Interest>
	<Limit_for_Next_Day>35679014</Limit_for_Next_Day>
</MWPL>
<MWPL>
	<Date>06-FEB-2020</Date>
	<ISIN>INE465A01025</ISIN>
	<Scrip_Name>BHARAT FORGE LTD</Scrip_Name>
	<NSE_Symbol>BHARATFORG</NSE_Symbol>
	<MWPL_Limit>50505198</MWPL_Limit>
	<Open_Interest>8437000</Open_Interest>
	<Limit_for_Next_Day>39542938</Limit_for_Next_Day>
</MWPL>
<MWPL>
	<Date>06-FEB-2020</Date>
	<ISIN>INE397D01024</ISIN>
	<Scrip_Name>BHARTI AIRTEL LIMITED</Scrip_Name>
	<NSE_Symbol>BHARTIARTL</NSE_Symbol>
	<MWPL_Limit>447133046</MWPL_Limit>
	<Open_Interest>68359281</Open_Interest>
	<Limit_for_Next_Day>356417112</Limit_for_Next_Day>
</MWPL>
<MWPL>
	<Date>06-FEB-2020</Date>
	<ISIN>INE257A01026</ISIN>
	<Scrip_Name>BHEL</Scrip_Name>
	<NSE_Symbol>BHEL</NSE_Symbol>
	<MWPL_Limit>256482590</MWPL_Limit>
	<Open_Interest>124956000</Open_Interest>
	<Limit_for_Next_Day>118702460</Limit_for_Next_Day>
</MWPL>
<MWPL>
	<Date>06-FEB-2020</Date>
	<ISIN>INE376G01013</ISIN>
	<Scrip_Name>BIOCON LIMITED.</Scrip_Name>
	<NSE_Symbol>BIOCON</NSE_Symbol>
	<MWPL_Limit>91358374</MWPL_Limit>
	<Open_Interest>16960200</Open_Interest>
	<Limit_for_Next_Day>69830255</Limit_for_Next_Day>
</MWPL>
<MWPL>
	<Date>06-FEB-2020</Date>
	<ISIN>INE323A01026</ISIN>
	<Scrip_Name>BOSCH LIMITED</Scrip_Name>
	<NSE_Symbol>BOSCHLTD</NSE_Symbol>
	<MWPL_Limit>1737683</MWPL_Limit>
	<Open_Interest>150120</Open_Interest>
	<Limit_for_Next_Day>1500678</Limit_for_Next_Day>
</MWPL>
<MWPL>
	<Date>06-FEB-2020</Date>
	<ISIN>INE029A01011</ISIN>
	<Scrip_Name>BHARAT PETROLEUM CORP  LT</Scrip_Name>
	<NSE_Symbol>BPCL</NSE_Symbol>
	<MWPL_Limit>204013830</MWPL_Limit>
	<Open_Interest>34365600</Open_Interest>
	<Limit_for_Next_Day>159447538</Limit_for_Next_Day>
</MWPL>
<MWPL>
	<Date>06-FEB-2020</Date>
	<ISIN>INE216A01030</ISIN>
	<Scrip_Name>BRITANNIA INDUSTRIES LTD</Scrip_Name>
	<NSE_Symbol>BRITANNIA</NSE_Symbol>
	<MWPL_Limit>23743860</MWPL_Limit>
	<Open_Interest>2512200</Open_Interest>
	<Limit_for_Next_Day>20044467</Limit_for_Next_Day>
</MWPL>
<MWPL>
	<Date>06-FEB-2020</Date>
	<ISIN>INE010B01027</ISIN>
	<Scrip_Name>CADILA HEALTHCARE LIMITED</Scrip_Name>
	<NSE_Symbol>CADILAHC</NSE_Symbol>
	<MWPL_Limit>51441633</MWPL_Limit>
	<Open_Interest>11132000</Open_Interest>
	<Limit_for_Next_Day>37737551</Limit_for_Next_Day>
</MWPL>
<MWPL>
	<Date>06-FEB-2020</Date>
	<ISIN>INE476A01014</ISIN>
	<Scrip_Name>CANARA BANK</Scrip_Name>
	<NSE_Symbol>CANBK</NSE_Symbol>
	<MWPL_Limit>40260000</MWPL_Limit>
	<Open_Interest>30877600</Open_Interest>
	<Limit_for_Next_Day>7369400</Limit_for_Next_Day>
</MWPL>
<MWPL>
	<Date>06-FEB-2020</Date>
	<ISIN>INE055A01016</ISIN>
	<Scrip_Name>CENTURY TEXTILES LTD</Scrip_Name>
	<NSE_Symbol>CENTURYTEX</NSE_Symbol>
	<MWPL_Limit>11123542</MWPL_Limit>
	<Open_Interest>5444400</Open_Interest>
	<Limit_for_Next_Day>5122964</Limit_for_Next_Day>
</MWPL>
<MWPL>
	<Date>06-FEB-2020</Date>
	<ISIN>INE486A01013</ISIN>
	<Scrip_Name>CESC LTD</Scrip_Name>
	<NSE_Symbol>CESC</NSE_Symbol>
	<MWPL_Limit>13276966</MWPL_Limit>
	<Open_Interest>1752800</Open_Interest>
	<Limit_for_Next_Day>10860317</Limit_for_Next_Day>
</MWPL>
<MWPL>
	<Date>06-FEB-2020</Date>
	<ISIN>INE121A01024</ISIN>
	<Scrip_Name>CHOLAMANDALAM IN & FIN CO</Scrip_Name>
	<NSE_Symbol>CHOLAFIN</NSE_Symbol>
	<MWPL_Limit>73594677</MWPL_Limit>
	<Open_Interest>7565000</Open_Interest>
	<Limit_for_Next_Day>62349943</Limit_for_Next_Day>
</MWPL>
<MWPL>
	<Date>06-FEB-2020</Date>
	<ISIN>INE059A01026</ISIN>
	<Scrip_Name>CIPLA LTD</Scrip_Name>
	<NSE_Symbol>CIPLA</NSE_Symbol>
	<MWPL_Limit>102029332</MWPL_Limit>
	<Open_Interest>18025100</Open_Interest>
	<Limit_for_Next_Day>78902765</Limit_for_Next_Day>
</MWPL>
<MWPL>
	<Date>06-FEB-2020</Date>
	<ISIN>INE522F01014</ISIN>
	<Scrip_Name>COAL INDIA LTD</Scrip_Name>
	<NSE_Symbol>COALINDIA</NSE_Symbol>
	<MWPL_Limit>381504943</MWPL_Limit>
	<Open_Interest>94689000</Open_Interest>
	<Limit_for_Next_Day>267740695</Limit_for_Next_Day>
</MWPL>
<MWPL>
	<Date>06-FEB-2020</Date>
	<ISIN>INE259A01022</ISIN>
	<Scrip_Name>COLGATE PALMOLIVE LTD.</Scrip_Name>
	<NSE_Symbol>COLPAL</NSE_Symbol>
	<MWPL_Limit>26654592</MWPL_Limit>
	<Open_Interest>3630200</Open_Interest>
	<Limit_for_Next_Day>21691662</Limit_for_Next_Day>
</MWPL>
<MWPL>
	<Date>06-FEB-2020</Date>
	<ISIN>INE111A01025</ISIN>
	<Scrip_Name>CONTAINER CORP OF IND LTD</Scrip_Name>
	<NSE_Symbol>CONCOR</NSE_Symbol>
	<MWPL_Limit>55081874</MWPL_Limit>
	<Open_Interest>5989416</Open_Interest>
	<Limit_for_Next_Day>46338364</Limit_for_Next_Day>
</MWPL>
<MWPL>
	<Date>06-FEB-2020</Date>
	<ISIN>INE298A01020</ISIN>
	<Scrip_Name>CUMMINS INDIA LTD</Scrip_Name>
	<NSE_Symbol>CUMMINSIND</NSE_Symbol>
	<MWPL_Limit>27165463</MWPL_Limit>
	<Open_Interest>2525400</Open_Interest>
	<Limit_for_Next_Day>23281789</Limit_for_Next_Day>
</MWPL>
<MWPL>
	<Date>06-FEB-2020</Date>
	<ISIN>INE016A01026</ISIN>
	<Scrip_Name>DABUR INDIA LTD</Scrip_Name>
	<NSE_Symbol>DABUR</NSE_Symbol>
	<MWPL_Limit>113507443</MWPL_Limit>
	<Open_Interest>15288750</Open_Interest>
	<Limit_for_Next_Day>92543320</Limit_for_Next_Day>
</MWPL>
<MWPL>
	<Date>06-FEB-2020</Date>
	<ISIN>INE361B01024</ISIN>
	<Scrip_Name>DIVI'S LABORATORIES LTD</Scrip_Name>
	<NSE_Symbol>DIVISLAB</NSE_Symbol>
	<MWPL_Limit>25485844</MWPL_Limit>
	<Open_Interest>2092000</Open_Interest>
	<Limit_for_Next_Day>22119551</Limit_for_Next_Day>
</MWPL>
<MWPL>
	<Date>06-FEB-2020</Date>
	<ISIN>INE271C01023</ISIN>
	<Scrip_Name>DLF LIMITED</Scrip_Name>
	<NSE_Symbol>DLF</NSE_Symbol>
	<MWPL_Limit>124016568</MWPL_Limit>
	<Open_Interest>49275600</Open_Interest>
	<Limit_for_Next_Day>68540139</Limit_for_Next_Day>
</MWPL>
<MWPL>
	<Date>06-FEB-2020</Date>
	<ISIN>INE089A01023</ISIN>
	<Scrip_Name>DR. REDDY'S LABORATORIES</Scrip_Name>
	<NSE_Symbol>DRREDDY</NSE_Symbol>
	<MWPL_Limit>24261734</MWPL_Limit>
	<Open_Interest>3335500</Open_Interest>
	<Limit_for_Next_Day>19713147</Limit_for_Next_Day>
</MWPL>
<MWPL>
	<Date>06-FEB-2020</Date>
	<ISIN>INE066A01013</ISIN>
	<Scrip_Name>EICHER MOTORS LTD</Scrip_Name>
	<NSE_Symbol>EICHERMOT</NSE_Symbol>
	<MWPL_Limit>2769587</MWPL_Limit>
	<Open_Interest>372300</Open_Interest>
	<Limit_for_Next_Day>2258807</Limit_for_Next_Day>
</MWPL>
<MWPL>
	<Date>06-FEB-2020</Date>
	<ISIN>INE988K01017</ISIN>
	<Scrip_Name>EQUITAS HOLDINGS LIMITED</Scrip_Name>
	<NSE_Symbol>EQUITAS</NSE_Symbol>
	<MWPL_Limit>68357849</MWPL_Limit>
	<Open_Interest>25127200</Open_Interest>
	<Limit_for_Next_Day>39812756</Limit_for_Next_Day>
</MWPL>
<MWPL>
	<Date>06-FEB-2020</Date>
	<ISIN>INE042A01014</ISIN>
	<Scrip_Name>ESCORTS INDIA LTD</Scrip_Name>
	<NSE_Symbol>ESCORTS</NSE_Symbol>
	<MWPL_Limit>14033737</MWPL_Limit>
	<Open_Interest>8495300</Open_Interest>
	<Limit_for_Next_Day>4836750</Limit_for_Next_Day>
</MWPL>
<MWPL>
	<Date>06-FEB-2020</Date>
	<ISIN>INE302A01020</ISIN>
	<Scrip_Name>EXIDE INDUSTRIES LTD</Scrip_Name>
	<NSE_Symbol>EXIDEIND</NSE_Symbol>
	<MWPL_Limit>91809066</MWPL_Limit>
	<Open_Interest>18087300</Open_Interest>
	<Limit_for_Next_Day>69131312</Limit_for_Next_Day>
</MWPL>
<MWPL>
	<Date>06-FEB-2020</Date>
	<ISIN>INE171A01029</ISIN>
	<Scrip_Name>FEDERAL BANK LTD</Scrip_Name>
	<NSE_Symbol>FEDERALBNK</NSE_Symbol>
	<MWPL_Limit>391810603</MWPL_Limit>
	<Open_Interest>70721000</Open_Interest>
	<Limit_for_Next_Day>301499072</Limit_for_Next_Day>
</MWPL>
<MWPL>
	<Date>06-FEB-2020</Date>
	<ISIN>INE129A01019</ISIN>
	<Scrip_Name>GAIL (INDIA) LTD</Scrip_Name>
	<NSE_Symbol>GAIL</NSE_Symbol>
	<MWPL_Limit>428666171</MWPL_Limit>
	<Open_Interest>61506354</Open_Interest>
	<Limit_for_Next_Day>345726508</Limit_for_Next_Day>
</MWPL>
<MWPL>
	<Date>06-FEB-2020</Date>
	<ISIN>INE935A01035</ISIN>
	<Scrip_Name>GLENMARK PHARMACEUTICALS</Scrip_Name>
	<NSE_Symbol>GLENMARK</NSE_Symbol>
	<MWPL_Limit>30143046</MWPL_Limit>
	<Open_Interest>9697800</Open_Interest>
	<Limit_for_Next_Day>18938093</Limit_for_Next_Day>
</MWPL>
<MWPL>
	<Date>06-FEB-2020</Date>
	<ISIN>INE776C01039</ISIN>
	<Scrip_Name>GMR INFRASTRUCTURE LTD.</Scrip_Name>
	<NSE_Symbol>GMRINFRA</NSE_Symbol>
	<MWPL_Limit>439450504</MWPL_Limit>
	<Open_Interest>208080000</Open_Interest>
	<Limit_for_Next_Day>209397978</Limit_for_Next_Day>
</MWPL>
<MWPL>
	<Date>06-FEB-2020</Date>
	<ISIN>INE102D01028</ISIN>
	<Scrip_Name>GODREJ CONSUMER PRODUCTS</Scrip_Name>
	<NSE_Symbol>GODREJCP</NSE_Symbol>
	<MWPL_Limit>75164423</MWPL_Limit>
	<Open_Interest>6654400</Open_Interest>
	<Limit_for_Next_Day>64751801</Limit_for_Next_Day>
</MWPL>
<MWPL>
	<Date>06-FEB-2020</Date>
	<ISIN>INE047A01021</ISIN>
	<Scrip_Name>GRASIM INDUSTRIES LTD</Scrip_Name>
	<NSE_Symbol>GRASIM</NSE_Symbol>
	<MWPL_Limit>78516765</MWPL_Limit>
	<Open_Interest>24923250</Open_Interest>
	<Limit_for_Next_Day>49667676</Limit_for_Next_Day>
</MWPL>
<MWPL>
	<Date>06-FEB-2020</Date>
	<ISIN>INE176B01034</ISIN>
	<Scrip_Name>HAVELLS INDIA LIMITED</Scrip_Name>
	<NSE_Symbol>HAVELLS</NSE_Symbol>
	<MWPL_Limit>50571276</MWPL_Limit>
	<Open_Interest>8373000</Open_Interest>
	<Limit_for_Next_Day>39669712</Limit_for_Next_Day>
</MWPL>
<MWPL>
	<Date>06-FEB-2020</Date>
	<ISIN>INE860A01027</ISIN>
	<Scrip_Name>HCL TECHNOLOGIES LTD</Scrip_Name>
	<NSE_Symbol>HCLTECH</NSE_Symbol>
	<MWPL_Limit>217205954</MWPL_Limit>
	<Open_Interest>25072600</Open_Interest>
	<Limit_for_Next_Day>181273056</Limit_for_Next_Day>
</MWPL>
<MWPL>
	<Date>06-FEB-2020</Date>
	<ISIN>INE001A01036</ISIN>
	<Scrip_Name>HDFC LTD</Scrip_Name>
	<NSE_Symbol>HDFC</NSE_Symbol>
	<MWPL_Limit>345805533</MWPL_Limit>
	<Open_Interest>35879500</Open_Interest>
	<Limit_for_Next_Day>292635756</Limit_for_Next_Day>
</MWPL>
<MWPL>
	<Date>06-FEB-2020</Date>
	<ISIN>INE040A01034</ISIN>
	<Scrip_Name>HDFC BANK LTD</Scrip_Name>
	<NSE_Symbol>HDFCBANK</NSE_Symbol>
	<MWPL_Limit>656857136</MWPL_Limit>
	<Open_Interest>37835000</Open_Interest>
	<Limit_for_Next_Day>586179279</Limit_for_Next_Day>
</MWPL>
<MWPL>
	<Date>06-FEB-2020</Date>
	<ISIN>INE158A01026</ISIN>
	<Scrip_Name>HERO MOTOCORP LIMITED</Scrip_Name>
	<NSE_Symbol>HEROMOTOCO</NSE_Symbol>
	<MWPL_Limit>26114231</MWPL_Limit>
	<Open_Interest>5021400</Open_Interest>
	<Limit_for_Next_Day>19787119</Limit_for_Next_Day>
</MWPL>
<MWPL>
	<Date>06-FEB-2020</Date>
	<ISIN>INE038A01020</ISIN>
	<Scrip_Name>HINDALCO  INDUSTRIES  LTD</Scrip_Name>
	<NSE_Symbol>HINDALCO</NSE_Symbol>
	<MWPL_Limit>292428478</MWPL_Limit>
	<Open_Interest>59720500</Open_Interest>
	<Limit_for_Next_Day>218086554</Limit_for_Next_Day>
</MWPL>
<MWPL>
	<Date>06-FEB-2020</Date>
	<ISIN>INE094A01015</ISIN>
	<Scrip_Name>HINDUSTAN PETROLEUM CORP</Scrip_Name>
	<NSE_Symbol>HINDPETRO</NSE_Symbol>
	<MWPL_Limit>148995450</MWPL_Limit>
	<Open_Interest>23576700</Open_Interest>
	<Limit_for_Next_Day>117968977</Limit_for_Next_Day>
</MWPL>
<MWPL>
	<Date>06-FEB-2020</Date>
	<ISIN>INE030A01027</ISIN>
	<Scrip_Name>HINDUSTAN UNILEVER LTD.</Scrip_Name>
	<NSE_Symbol>HINDUNILVR</NSE_Symbol>
	<MWPL_Limit>142079839</MWPL_Limit>
	<Open_Interest>12132900</Open_Interest>
	<Limit_for_Next_Day>122842947</Limit_for_Next_Day>
</MWPL>
<MWPL>
	<Date>06-FEB-2020</Date>
	<ISIN>INE148I01020</ISIN>
	<Scrip_Name>INDIABULLS HSG FIN LTD</Scrip_Name>
	<NSE_Symbol>IBULHSGFIN</NSE_Symbol>
	<MWPL_Limit>65274907</MWPL_Limit>
	<Open_Interest>42692400</Open_Interest>
	<Limit_for_Next_Day>19318761</Limit_for_Next_Day>
</MWPL>
<MWPL>
	<Date>06-FEB-2020</Date>
	<ISIN>INE090A01021</ISIN>
	<Scrip_Name>ICICI BANK LTD.</Scrip_Name>
	<NSE_Symbol>ICICIBANK</NSE_Symbol>
	<MWPL_Limit>1021655289</MWPL_Limit>
	<Open_Interest>119922000</Open_Interest>
	<Limit_for_Next_Day>850650524</Limit_for_Next_Day>
</MWPL>
<MWPL>
	<Date>06-FEB-2020</Date>
	<ISIN>INE726G01019</ISIN>
	<Scrip_Name>ICICI PRU LIFE INS CO LTD</Scrip_Name>
	<NSE_Symbol>ICICIPRULI</NSE_Symbol>
	<MWPL_Limit>71845901</MWPL_Limit>
	<Open_Interest>12595500</Open_Interest>
	<Limit_for_Next_Day>55658105</Limit_for_Next_Day>
</MWPL>
<MWPL>
	<Date>06-FEB-2020</Date>
	<ISIN>INE669E01016</ISIN>
	<Scrip_Name>VODAFONE IDEA LIMITED</Scrip_Name>
	<NSE_Symbol>IDEA</NSE_Symbol>
	<MWPL_Limit>1606294231</MWPL_Limit>
	<Open_Interest>656796000</Open_Interest>
	<Limit_for_Next_Day>869183519</Limit_for_Next_Day>
</MWPL>
<MWPL>
	<Date>06-FEB-2020</Date>
	<ISIN>INE092T01019</ISIN>
	<Scrip_Name>IDFC FIRST BANK LIMITED</Scrip_Name>
	<NSE_Symbol>IDFCFIRSTB</NSE_Symbol>
	<MWPL_Limit>574734964</MWPL_Limit>
	<Open_Interest>280596000</Open_Interest>
	<Limit_for_Next_Day>265402215</Limit_for_Next_Day>
</MWPL>
<MWPL>
	<Date>06-FEB-2020</Date>
	<ISIN>INE203G01027</ISIN>
	<Scrip_Name>INDRAPRASTHA GAS LTD</Scrip_Name>
	<NSE_Symbol>IGL</NSE_Symbol>
	<MWPL_Limit>77000080</MWPL_Limit>
	<Open_Interest>12980000</Open_Interest>
	<Limit_for_Next_Day>60170076</Limit_for_Next_Day>
</MWPL>
<MWPL>
	<Date>06-FEB-2020</Date>
	<ISIN>INE646L01027</ISIN>
	<Scrip_Name>INTERGLOBE AVIATION LTD</Scrip_Name>
	<NSE_Symbol>INDIGO</NSE_Symbol>
	<MWPL_Limit>19348731</MWPL_Limit>
	<Open_Interest>4292700</Open_Interest>
	<Limit_for_Next_Day>14088594</Limit_for_Next_Day>
</MWPL>
<MWPL>
	<Date>06-FEB-2020</Date>
	<ISIN>INE095A01012</ISIN>
	<Scrip_Name>INDUSIND BANK LIMITED</Scrip_Name>
	<NSE_Symbol>INDUSINDBK</NSE_Symbol>
	<MWPL_Limit>107602564</MWPL_Limit>
	<Open_Interest>18578000</Open_Interest>
	<Limit_for_Next_Day>83644435</Limit_for_Next_Day>
</MWPL>
<MWPL>
	<Date>06-FEB-2020</Date>
	<ISIN>INE121J01017</ISIN>
	<Scrip_Name>BHARTI INFRATEL LTD.</Scrip_Name>
	<NSE_Symbol>INFRATEL</NSE_Symbol>
	<MWPL_Limit>171858192</MWPL_Limit>
	<Open_Interest>13758000</Open_Interest>
	<Limit_for_Next_Day>149507282</Limit_for_Next_Day>
</MWPL>
<MWPL>
	<Date>06-FEB-2020</Date>
	<ISIN>INE009A01021</ISIN>
	<Scrip_Name>INFOSYS LIMITED</Scrip_Name>
	<NSE_Symbol>INFY</NSE_Symbol>
	<MWPL_Limit>735916553</MWPL_Limit>
	<Open_Interest>36846000</Open_Interest>
	<Limit_for_Next_Day>662274725</Limit_for_Next_Day>
</MWPL>
<MWPL>
	<Date>06-FEB-2020</Date>
	<ISIN>INE242A01010</ISIN>
	<Scrip_Name>INDIAN OIL CORP LTD</Scrip_Name>
	<NSE_Symbol>IOC</NSE_Symbol>
	<MWPL_Limit>913205148</MWPL_Limit>
	<Open_Interest>75728000</Open_Interest>
	<Limit_for_Next_Day>791816890</Limit_for_Next_Day>
</MWPL>
<MWPL>
	<Date>06-FEB-2020</Date>
	<ISIN>INE154A01025</ISIN>
	<Scrip_Name>ITC LTD</Scrip_Name>
	<NSE_Symbol>ITC</NSE_Symbol>
	<MWPL_Limit>2454224491</MWPL_Limit>
	<Open_Interest>195180000</Open_Interest>
	<Limit_for_Next_Day>2136333266</Limit_for_Next_Day>
</MWPL>
<MWPL>
	<Date>06-FEB-2020</Date>
	<ISIN>INE749A01030</ISIN>
	<Scrip_Name>JINDAL STEEL & POWER LTD</Scrip_Name>
	<NSE_Symbol>JINDALSTEL</NSE_Symbol>
	<MWPL_Limit>79976268</MWPL_Limit>
	<Open_Interest>48705000</Open_Interest>
	<Limit_for_Next_Day>27272454</Limit_for_Next_Day>
</MWPL>
<MWPL>
	<Date>06-FEB-2020</Date>
	<ISIN>INE019A01038</ISIN>
	<Scrip_Name>JSW STEEL LIMITED</Scrip_Name>
	<NSE_Symbol>JSWSTEEL</NSE_Symbol>
	<MWPL_Limit>275809615</MWPL_Limit>
	<Open_Interest>67024300</Open_Interest>
	<Limit_for_Next_Day>194994834</Limit_for_Next_Day>
</MWPL>
<MWPL>
	<Date>06-FEB-2020</Date>
	<ISIN>INE797F01012</ISIN>
	<Scrip_Name>JUBILANT FOODWORKS LTD</Scrip_Name>
	<NSE_Symbol>JUBLFOOD</NSE_Symbol>
	<MWPL_Limit>15273633</MWPL_Limit>
	<Open_Interest>4238500</Open_Interest>
	<Limit_for_Next_Day>10271451</Limit_for_Next_Day>
</MWPL>
<MWPL>
	<Date>06-FEB-2020</Date>
	<ISIN>INE599M01018</ISIN>
	<Scrip_Name>JUSTDIAL LTD.</Scrip_Name>
	<NSE_Symbol>JUSTDIAL</NSE_Symbol>
	<MWPL_Limit>8699646</MWPL_Limit>
	<Open_Interest>4816000</Open_Interest>
	<Limit_for_Next_Day>3448663</Limit_for_Next_Day>
</MWPL>
<MWPL>
	<Date>06-FEB-2020</Date>
	<ISIN>INE237A01028</ISIN>
	<Scrip_Name>KOTAK MAHINDRA BANK LTD</Scrip_Name>
	<NSE_Symbol>KOTAKBANK</NSE_Symbol>
	<MWPL_Limit>267713798</MWPL_Limit>
	<Open_Interest>11191600</Open_Interest>
	<Limit_for_Next_Day>243136508</Limit_for_Next_Day>
</MWPL>
<MWPL>
	<Date>06-FEB-2020</Date>
	<ISIN>INE498L01015</ISIN>
	<Scrip_Name>L&T FINANCE HOLDINGS LTD</Scrip_Name>
	<NSE_Symbol>L&TFH</NSE_Symbol>
	<MWPL_Limit>144597551</MWPL_Limit>
	<Open_Interest>41613600</Open_Interest>
	<Limit_for_Next_Day>95754073</Limit_for_Next_Day>
</MWPL>
<MWPL>
	<Date>06-FEB-2020</Date>
	<ISIN>INE115A01026</ISIN>
	<Scrip_Name>LIC HOUSING FINANCE LTD</Scrip_Name>
	<NSE_Symbol>LICHSGFIN</NSE_Symbol>
	<MWPL_Limit>60243601</MWPL_Limit>
	<Open_Interest>18145400</Open_Interest>
	<Limit_for_Next_Day>39086020</Limit_for_Next_Day>
</MWPL>
<MWPL>
	<Date>06-FEB-2020</Date>
	<ISIN>INE018A01030</ISIN>
	<Scrip_Name>LARSEN & TOUBRO LTD.</Scrip_Name>
	<NSE_Symbol>LT</NSE_Symbol>
	<MWPL_Limit>276897514</MWPL_Limit>
	<Open_Interest>26459625</Open_Interest>
	<Limit_for_Next_Day>236593013</Limit_for_Next_Day>
</MWPL>
<MWPL>
	<Date>06-FEB-2020</Date>
	<ISIN>INE326A01037</ISIN>
	<Scrip_Name>LUPIN LIMITED</Scrip_Name>
	<NSE_Symbol>LUPIN</NSE_Symbol>
	<MWPL_Limit>48067612</MWPL_Limit>
	<Open_Interest>11452700</Open_Interest>
	<Limit_for_Next_Day>34211531</Limit_for_Next_Day>
</MWPL>
<MWPL>
	<Date>06-FEB-2020</Date>
	<ISIN>INE101A01026</ISIN>
	<Scrip_Name>MAHINDRA & MAHINDRA LTD</Scrip_Name>
	<NSE_Symbol>M&M</NSE_Symbol>
	<MWPL_Limit>179052689</MWPL_Limit>
	<Open_Interest>24674000</Open_Interest>
	<Limit_for_Next_Day>145426054</Limit_for_Next_Day>
</MWPL>
<MWPL>
	<Date>06-FEB-2020</Date>
	<ISIN>INE774D01024</ISIN>
	<Scrip_Name>M&M FIN. SERVICES LTD</Scrip_Name>
	<NSE_Symbol>M&MFIN</NSE_Symbol>
	<MWPL_Limit>59818115</MWPL_Limit>
	<Open_Interest>16107200</Open_Interest>
	<Limit_for_Next_Day>40720009</Limit_for_Next_Day>
</MWPL>
<MWPL>
	<Date>06-FEB-2020</Date>
	<ISIN>INE522D01027</ISIN>
	<Scrip_Name>MANAPPURAM FINANCE LTD</Scrip_Name>
	<NSE_Symbol>MANAPPURAM</NSE_Symbol>
	<MWPL_Limit>109764431</MWPL_Limit>
	<Open_Interest>50964000</Open_Interest>
	<Limit_for_Next_Day>53312209</Limit_for_Next_Day>
</MWPL>
<MWPL>
	<Date>06-FEB-2020</Date>
	<ISIN>INE196A01026</ISIN>
	<Scrip_Name>MARICO LIMITED</Scrip_Name>
	<NSE_Symbol>MARICO</NSE_Symbol>
	<MWPL_Limit>104139567</MWPL_Limit>
	<Open_Interest>18639400</Open_Interest>
	<Limit_for_Next_Day>80293188</Limit_for_Next_Day>
</MWPL>
<MWPL>
	<Date>06-FEB-2020</Date>
	<ISIN>INE585B01010</ISIN>
	<Scrip_Name>MARUTI SUZUKI INDIA LTD.</Scrip_Name>
	<NSE_Symbol>MARUTI</NSE_Symbol>
	<MWPL_Limit>26458324</MWPL_Limit>
	<Open_Interest>4312000</Open_Interest>
	<Limit_for_Next_Day>20823407</Limit_for_Next_Day>
</MWPL>
<MWPL>
	<Date>06-FEB-2020</Date>
	<ISIN>INE854D01024</ISIN>
	<Scrip_Name>UNITED SPIRITS LIMITED</Scrip_Name>
	<NSE_Symbol>MCDOWELL-N</NSE_Symbol>
	<MWPL_Limit>62845623</MWPL_Limit>
	<Open_Interest>15441250</Open_Interest>
	<Limit_for_Next_Day>44262091</Limit_for_Next_Day>
</MWPL>
<MWPL>
	<Date>06-FEB-2020</Date>
	<ISIN>INE180A01020</ISIN>
	<Scrip_Name>MAX FINANCIAL SERV LTD</Scrip_Name>
	<NSE_Symbol>MFSL</NSE_Symbol>
	<MWPL_Limit>38641175</MWPL_Limit>
	<Open_Interest>6995300</Open_Interest>
	<Limit_for_Next_Day>29713816</Limit_for_Next_Day>
</MWPL>
<MWPL>
	<Date>06-FEB-2020</Date>
	<ISIN>INE002S01010</ISIN>
	<Scrip_Name>MAHANAGAR GAS LTD.</Scrip_Name>
	<NSE_Symbol>MGL</NSE_Symbol>
	<MWPL_Limit>13335005</MWPL_Limit>
	<Open_Interest>3013200</Open_Interest>
	<Limit_for_Next_Day>9655054</Limit_for_Next_Day>
</MWPL>
<MWPL>
	<Date>06-FEB-2020</Date>
	<ISIN>INE018I01017</ISIN>
	<Scrip_Name>MINDTREE LIMITED</Scrip_Name>
	<NSE_Symbol>MINDTREE</NSE_Symbol>
	<MWPL_Limit>8604230</MWPL_Limit>
	<Open_Interest>1215200</Open_Interest>
	<Limit_for_Next_Day>6958818</Limit_for_Next_Day>
</MWPL>
<MWPL>
	<Date>06-FEB-2020</Date>
	<ISIN>INE775A01035</ISIN>
	<Scrip_Name>MOTHERSON SUMI SYSTEMS LT</Scrip_Name>
	<NSE_Symbol>MOTHERSUMI</NSE_Symbol>
	<MWPL_Limit>241729538</MWPL_Limit>
	<Open_Interest>24625000</Open_Interest>
	<Limit_for_Next_Day>205018061</Limit_for_Next_Day>
</MWPL>
<MWPL>
	<Date>06-FEB-2020</Date>
	<ISIN>INE883A01011</ISIN>
	<Scrip_Name>MRF LTD</Scrip_Name>
	<NSE_Symbol>MRF</NSE_Symbol>
	<MWPL_Limit>612642</MWPL_Limit>
	<Open_Interest>20400</Open_Interest>
	<Limit_for_Next_Day>561609</Limit_for_Next_Day>
</MWPL>
<MWPL>
	<Date>06-FEB-2020</Date>
	<ISIN>INE414G01012</ISIN>
	<Scrip_Name>MUTHOOT FINANCE LIMITED</Scrip_Name>
	<NSE_Symbol>MUTHOOTFIN</NSE_Symbol>
	<MWPL_Limit>21300965</MWPL_Limit>
	<Open_Interest>5941500</Open_Interest>
	<Limit_for_Next_Day>14294416</Limit_for_Next_Day>
</MWPL>
<MWPL>
	<Date>06-FEB-2020</Date>
	<ISIN>INE139A01034</ISIN>
	<Scrip_Name>NATIONAL ALUMINIUM CO LTD</Scrip_Name>
	<NSE_Symbol>NATIONALUM</NSE_Symbol>
	<MWPL_Limit>180964897</MWPL_Limit>
	<Open_Interest>50134500</Open_Interest>
	<Limit_for_Next_Day>121782152</Limit_for_Next_Day>
</MWPL>
<MWPL>
	<Date>06-FEB-2020</Date>
	<ISIN>INE868B01028</ISIN>
	<Scrip_Name>NCC LIMITED</Scrip_Name>
	<NSE_Symbol>NCC</NSE_Symbol>
	<MWPL_Limit>98368941</MWPL_Limit>
	<Open_Interest>69462000</Open_Interest>
	<Limit_for_Next_Day>23988493</Limit_for_Next_Day>
</MWPL>
<MWPL>
	<Date>06-FEB-2020</Date>
	<ISIN>INE239A01016</ISIN>
	<Scrip_Name>NESTLE INDIA LIMITED</Scrip_Name>
	<NSE_Symbol>NESTLEIND</NSE_Symbol>
	<MWPL_Limit>7180127</MWPL_Limit>
	<Open_Interest>521450</Open_Interest>
	<Limit_for_Next_Day>6299670</Limit_for_Next_Day>
</MWPL>
<MWPL>
	<Date>06-FEB-2020</Date>
	<ISIN>INE591G01017</ISIN>
	<Scrip_Name>NIIT TECHNOLOGIES LTD</Scrip_Name>
	<NSE_Symbol>NIITTECH</NSE_Symbol>
	<MWPL_Limit>3735123</MWPL_Limit>
	<Open_Interest>1090875</Open_Interest>
	<Limit_for_Next_Day>2457491</Limit_for_Next_Day>
</MWPL>
<MWPL>
	<Date>06-FEB-2020</Date>
	<ISIN>INE584A01023</ISIN>
	<Scrip_Name>NMDC LTD.</Scrip_Name>
	<NSE_Symbol>NMDC</NSE_Symbol>
	<MWPL_Limit>169762789</MWPL_Limit>
	<Open_Interest>57150000</Open_Interest>
	<Limit_for_Next_Day>104124649</Limit_for_Next_Day>
</MWPL>
<MWPL>
	<Date>06-FEB-2020</Date>
	<ISIN>INE733E01010</ISIN>
	<Scrip_Name>NTPC LTD</Scrip_Name>
	<NSE_Symbol>NTPC</NSE_Symbol>
	<MWPL_Limit>907542167</MWPL_Limit>
	<Open_Interest>180652800</Open_Interest>
	<Limit_for_Next_Day>681512258</Limit_for_Next_Day>
</MWPL>
<MWPL>
	<Date>06-FEB-2020</Date>
	<ISIN>INE274J01014</ISIN>
	<Scrip_Name>OIL INDIA LTD</Scrip_Name>
	<NSE_Symbol>OIL</NSE_Symbol>
	<MWPL_Limit>87686245</MWPL_Limit>
	<Open_Interest>15999093</Open_Interest>
	<Limit_for_Next_Day>67302839</Limit_for_Next_Day>
</MWPL>
<MWPL>
	<Date>06-FEB-2020</Date>
	<ISIN>INE213A01029</ISIN>
	<Scrip_Name>OIL AND NATURAL GAS CORP.</Scrip_Name>
	<NSE_Symbol>ONGC</NSE_Symbol>
	<MWPL_Limit>936452540</MWPL_Limit>
	<Open_Interest>149834500</Open_Interest>
	<Limit_for_Next_Day>739795413</Limit_for_Next_Day>
</MWPL>
<MWPL>
	<Date>06-FEB-2020</Date>
	<ISIN>INE761H01022</ISIN>
	<Scrip_Name>PAGE INDUSTRIES LTD</Scrip_Name>
	<NSE_Symbol>PAGEIND</NSE_Symbol>
	<MWPL_Limit>1152956</MWPL_Limit>
	<Open_Interest>137825</Open_Interest>
	<Limit_for_Next_Day>957483</Limit_for_Next_Day>
</MWPL>
<MWPL>
	<Date>06-FEB-2020</Date>
	<ISIN>INE140A01024</ISIN>
	<Scrip_Name>PIRAMAL ENTERPRISES LTD</Scrip_Name>
	<NSE_Symbol>PEL</NSE_Symbol>
	<MWPL_Limit>22520608</MWPL_Limit>
	<Open_Interest>5652228</Open_Interest>
	<Limit_for_Next_Day>15742349</Limit_for_Next_Day>
</MWPL>
<MWPL>
	<Date>06-FEB-2020</Date>
	<ISIN>INE347G01014</ISIN>
	<Scrip_Name>PETRONET LNG LIMITED</Scrip_Name>
	<NSE_Symbol>PETRONET</NSE_Symbol>
	<MWPL_Limit>150000017</MWPL_Limit>
	<Open_Interest>19812000</Open_Interest>
	<Limit_for_Next_Day>122688016</Limit_for_Next_Day>
</MWPL>
<MWPL>
	<Date>06-FEB-2020</Date>
	<ISIN>INE134E01011</ISIN>
	<Scrip_Name>POWER FIN CORP LTD.</Scrip_Name>
	<NSE_Symbol>PFC</NSE_Symbol>
	<MWPL_Limit>232357926</MWPL_Limit>
	<Open_Interest>46419400</Open_Interest>
	<Limit_for_Next_Day>174320629</Limit_for_Next_Day>
</MWPL>
<MWPL>
	<Date>06-FEB-2020</Date>
	<ISIN>INE318A01026</ISIN>
	<Scrip_Name>PIDILITE INDUSTRIES LTD</Scrip_Name>
	<NSE_Symbol>PIDILITIND</NSE_Symbol>
	<MWPL_Limit>30498689</MWPL_Limit>
	<Open_Interest>2675500</Open_Interest>
	<Limit_for_Next_Day>26298254</Limit_for_Next_Day>
</MWPL>
<MWPL>
	<Date>06-FEB-2020</Date>
	<ISIN>INE160A01022</ISIN>
	<Scrip_Name>PUNJAB NATIONAL BANK</Scrip_Name>
	<NSE_Symbol>PNB</NSE_Symbol>
	<MWPL_Limit>226470953</MWPL_Limit>
	<Open_Interest>167477400</Open_Interest>
	<Limit_for_Next_Day>47670005</Limit_for_Next_Day>
</MWPL>
<MWPL>
	<Date>06-FEB-2020</Date>
	<ISIN>INE752E01010</ISIN>
	<Scrip_Name>POWER GRID CORP. LTD.</Scrip_Name>
	<NSE_Symbol>POWERGRID</NSE_Symbol>
	<MWPL_Limit>471230235</MWPL_Limit>
	<Open_Interest>93456000</Open_Interest>
	<Limit_for_Next_Day>354212723</Limit_for_Next_Day>
</MWPL>
<MWPL>
	<Date>06-FEB-2020</Date>
	<ISIN>INE191H01014</ISIN>
	<Scrip_Name>PVR LIMITED</Scrip_Name>
	<NSE_Symbol>PVR</NSE_Symbol>
	<MWPL_Limit>8373408</MWPL_Limit>
	<Open_Interest>1476400</Open_Interest>
	<Limit_for_Next_Day>6478337</Limit_for_Next_Day>
</MWPL>
<MWPL>
	<Date>06-FEB-2020</Date>
	<ISIN>INE331A01037</ISIN>
	<Scrip_Name>THE RAMCO CEMENTS LIMITED</Scrip_Name>
	<NSE_Symbol>RAMCOCEM</NSE_Symbol>
	<MWPL_Limit>27013844</MWPL_Limit>
	<Open_Interest>1880000</Open_Interest>
	<Limit_for_Next_Day>23783151</Limit_for_Next_Day>
</MWPL>
<MWPL>
	<Date>06-FEB-2020</Date>
	<ISIN>INE976G01028</ISIN>
	<Scrip_Name>RBL BANK LIMITED</Scrip_Name>
	<NSE_Symbol>RBLBANK</NSE_Symbol>
	<MWPL_Limit>97688022</MWPL_Limit>
	<Open_Interest>20694000</Open_Interest>
	<Limit_for_Next_Day>72109620</Limit_for_Next_Day>
</MWPL>
<MWPL>
	<Date>06-FEB-2020</Date>
	<ISIN>INE020B01018</ISIN>
	<Scrip_Name>REC LIMITED</Scrip_Name>
	<NSE_Symbol>RECLTD</NSE_Symbol>
	<MWPL_Limit>187084550</MWPL_Limit>
	<Open_Interest>37782000</Open_Interest>
	<Limit_for_Next_Day>139948322</Limit_for_Next_Day>
</MWPL>
<MWPL>
	<Date>06-FEB-2020</Date>
	<ISIN>INE002A01018</ISIN>
	<Scrip_Name>RELIANCE INDUSTRIES LTD</Scrip_Name>
	<NSE_Symbol>RELIANCE</NSE_Symbol>
	<MWPL_Limit>618845558</MWPL_Limit>
	<Open_Interest>58179500</Open_Interest>
	<Limit_for_Next_Day>529723780</Limit_for_Next_Day>
</MWPL>
<MWPL>
	<Date>06-FEB-2020</Date>
	<ISIN>INE114A01011</ISIN>
	<Scrip_Name>STEEL AUTHORITY OF INDIA</Scrip_Name>
	<NSE_Symbol>SAIL</NSE_Symbol>
	<MWPL_Limit>206529370</MWPL_Limit>
	<Open_Interest>121675000</Open_Interest>
	<Limit_for_Next_Day>74527901</Limit_for_Next_Day>
</MWPL>
<MWPL>
	<Date>06-FEB-2020</Date>
	<ISIN>INE062A01020</ISIN>
	<Scrip_Name>STATE BANK OF INDIA</Scrip_Name>
	<NSE_Symbol>SBIN</NSE_Symbol>
	<MWPL_Limit>745532789</MWPL_Limit>
	<Open_Interest>198882000</Open_Interest>
	<Limit_for_Next_Day>509374149</Limit_for_Next_Day>
</MWPL>
<MWPL>
	<Date>06-FEB-2020</Date>
	<ISIN>INE070A01015</ISIN>
	<Scrip_Name>SHREE CEMENT LIMITED</Scrip_Name>
	<NSE_Symbol>SHREECEM</NSE_Symbol>
	<MWPL_Limit>2702190</MWPL_Limit>
	<Open_Interest>165850</Open_Interest>
	<Limit_for_Next_Day>2401230</Limit_for_Next_Day>
</MWPL>
<MWPL>
	<Date>06-FEB-2020</Date>
	<ISIN>INE003A01024</ISIN>
	<Scrip_Name>SIEMENS LTD</Scrip_Name>
	<NSE_Symbol>SIEMENS</NSE_Symbol>
	<MWPL_Limit>17806068</MWPL_Limit>
	<Open_Interest>2156550</Open_Interest>
	<Limit_for_Next_Day>14759214</Limit_for_Next_Day>
</MWPL>
<MWPL>
	<Date>06-FEB-2020</Date>
	<ISIN>INE647A01010</ISIN>
	<Scrip_Name>SRF LTD</Scrip_Name>
	<NSE_Symbol>SRF</NSE_Symbol>
	<MWPL_Limit>5480800</MWPL_Limit>
	<Open_Interest>1394250</Open_Interest>
	<Limit_for_Next_Day>3812510</Limit_for_Next_Day>
</MWPL>
<MWPL>
	<Date>06-FEB-2020</Date>
	<ISIN>INE721A01013</ISIN>
	<Scrip_Name>SHRIRAM TRANSPORT FIN CO.</Scrip_Name>
	<NSE_Symbol>SRTRANSFIN</NSE_Symbol>
	<MWPL_Limit>33465550</MWPL_Limit>
	<Open_Interest>6506400</Open_Interest>
	<Limit_for_Next_Day>25285872</Limit_for_Next_Day>
</MWPL>
<MWPL>
	<Date>06-FEB-2020</Date>
	<ISIN>INE044A01036</ISIN>
	<Scrip_Name>SUN PHARMACEUTICAL IND L</Scrip_Name>
	<NSE_Symbol>SUNPHARMA</NSE_Symbol>
	<MWPL_Limit>218055884</MWPL_Limit>
	<Open_Interest>77362500</Open_Interest>
	<Limit_for_Next_Day>129790589</Limit_for_Next_Day>
</MWPL>
<MWPL>
	<Date>06-FEB-2020</Date>
	<ISIN>INE424H01027</ISIN>
	<Scrip_Name>SUN TV NETWORK LIMITED</Scrip_Name>
	<NSE_Symbol>SUNTV</NSE_Symbol>
	<MWPL_Limit>19704232</MWPL_Limit>
	<Open_Interest>7803600</Open_Interest>
	<Limit_for_Next_Day>10915420</Limit_for_Next_Day>
</MWPL>
<MWPL>
	<Date>06-FEB-2020</Date>
	<ISIN>INE092A01019</ISIN>
	<Scrip_Name>TATA CHEMICALS LTD</Scrip_Name>
	<NSE_Symbol>TATACHEM</NSE_Symbol>
	<MWPL_Limit>35116539</MWPL_Limit>
	<Open_Interest>5493600</Open_Interest>
	<Limit_for_Next_Day>27867112</Limit_for_Next_Day>
</MWPL>
<MWPL>
	<Date>06-FEB-2020</Date>
	<ISIN>INE192A01025</ISIN>
	<Scrip_Name>TATA GLOBAL BEVERAGES LTD</Scrip_Name>
	<NSE_Symbol>TATAGLOBAL</NSE_Symbol>
	<MWPL_Limit>82732329</MWPL_Limit>
	<Open_Interest>23824800</Open_Interest>
	<Limit_for_Next_Day>54770912</Limit_for_Next_Day>
</MWPL>
<MWPL>
	<Date>06-FEB-2020</Date>
	<ISIN>INE155A01022</ISIN>
	<Scrip_Name>TATA MOTORS LIMITED</Scrip_Name>
	<NSE_Symbol>TATAMOTORS</NSE_Symbol>
	<MWPL_Limit>355884192</MWPL_Limit>
	<Open_Interest>124867700</Open_Interest>
	<Limit_for_Next_Day>213222282</Limit_for_Next_Day>
</MWPL>
<MWPL>
	<Date>06-FEB-2020</Date>
	<ISIN>INE245A01021</ISIN>
	<Scrip_Name>TATA POWER CO LTD</Scrip_Name>
	<NSE_Symbol>TATAPOWER</NSE_Symbol>
	<MWPL_Limit>345072152</MWPL_Limit>
	<Open_Interest>80514000</Open_Interest>
	<Limit_for_Next_Day>247304544</Limit_for_Next_Day>
</MWPL>
<MWPL>
	<Date>06-FEB-2020</Date>
	<ISIN>INE081A01012</ISIN>
	<Scrip_Name>TATA STEEL LIMITED</Scrip_Name>
	<NSE_Symbol>TATASTEEL</NSE_Symbol>
	<MWPL_Limit>161060679</MWPL_Limit>
	<Open_Interest>36990000</Open_Interest>
	<Limit_for_Next_Day>116017645</Limit_for_Next_Day>
</MWPL>
<MWPL>
	<Date>06-FEB-2020</Date>
	<ISIN>INE467B01029</ISIN>
	<Scrip_Name>TATA CONSULTANCY SERV LT</Scrip_Name>
	<NSE_Symbol>TCS</NSE_Symbol>
	<MWPL_Limit>209768541</MWPL_Limit>
	<Open_Interest>17402250</Open_Interest>
	<Limit_for_Next_Day>181877863</Limit_for_Next_Day>
</MWPL>
<MWPL>
	<Date>06-FEB-2020</Date>
	<ISIN>INE669C01036</ISIN>
	<Scrip_Name>TECH MAHINDRA LIMITED</Scrip_Name>
	<NSE_Symbol>TECHM</NSE_Symbol>
	<MWPL_Limit>123803094</MWPL_Limit>
	<Open_Interest>16618800</Open_Interest>
	<Limit_for_Next_Day>100994139</Limit_for_Next_Day>
</MWPL>
<MWPL>
	<Date>06-FEB-2020</Date>
	<ISIN>INE280A01028</ISIN>
	<Scrip_Name>TITAN COMPANY LIMITED</Scrip_Name>
	<NSE_Symbol>TITAN</NSE_Symbol>
	<MWPL_Limit>83616848</MWPL_Limit>
	<Open_Interest>13339500</Open_Interest>
	<Limit_for_Next_Day>66096505</Limit_for_Next_Day>
</MWPL>
<MWPL>
	<Date>06-FEB-2020</Date>
	<ISIN>INE685A01028</ISIN>
	<Scrip_Name>TORRENT PHARMACEUTICALS L</Scrip_Name>
	<NSE_Symbol>TORNTPHARM</NSE_Symbol>
	<MWPL_Limit>9731584</MWPL_Limit>
	<Open_Interest>355000</Open_Interest>
	<Limit_for_Next_Day>8890004</Limit_for_Next_Day>
</MWPL>
<MWPL>
	<Date>06-FEB-2020</Date>
	<ISIN>INE813H01021</ISIN>
	<Scrip_Name>TORRENT POWER LTD</Scrip_Name>
	<NSE_Symbol>TORNTPOWER</NSE_Symbol>
	<MWPL_Limit>44634411</MWPL_Limit>
	<Open_Interest>4884000</Open_Interest>
	<Limit_for_Next_Day>37518690</Limit_for_Next_Day>
</MWPL>
<MWPL>
	<Date>06-FEB-2020</Date>
	<ISIN>INE494B01023</ISIN>
	<Scrip_Name>TVS MOTOR COMPANY  LTD</Scrip_Name>
	<NSE_Symbol>TVSMOTOR</NSE_Symbol>
	<MWPL_Limit>40480865</MWPL_Limit>
	<Open_Interest>6686550</Open_Interest>
	<Limit_for_Next_Day>31770271</Limit_for_Next_Day>
</MWPL>
<MWPL>
	<Date>06-FEB-2020</Date>
	<ISIN>INE686F01025</ISIN>
	<Scrip_Name>UNITED BREWERIES LTD</Scrip_Name>
	<NSE_Symbol>UBL</NSE_Symbol>
	<MWPL_Limit>22357672</MWPL_Limit>
	<Open_Interest>2554300</Open_Interest>
	<Limit_for_Next_Day>18685488</Limit_for_Next_Day>
</MWPL>
<MWPL>
	<Date>06-FEB-2020</Date>
	<ISIN>INE334L01012</ISIN>
	<Scrip_Name>UJJIVAN FIN. SERVC. LTD.</Scrip_Name>
	<NSE_Symbol>UJJIVAN</NSE_Symbol>
	<MWPL_Limit>24313500</MWPL_Limit>
	<Open_Interest>9831100</Open_Interest>
	<Limit_for_Next_Day>13266725</Limit_for_Next_Day>
</MWPL>
<MWPL>
	<Date>06-FEB-2020</Date>
	<ISIN>INE481G01011</ISIN>
	<Scrip_Name>ULTRATECH CEMENT LIMITED</Scrip_Name>
	<NSE_Symbol>ULTRACEMCO</NSE_Symbol>
	<MWPL_Limit>22937900</MWPL_Limit>
	<Open_Interest>3050600</Open_Interest>
	<Limit_for_Next_Day>18740405</Limit_for_Next_Day>
</MWPL>
<MWPL>
	<Date>06-FEB-2020</Date>
	<ISIN>INE628A01036</ISIN>
	<Scrip_Name>UPL LIMITED</Scrip_Name>
	<NSE_Symbol>UPL</NSE_Symbol>
	<MWPL_Limit>110153252</MWPL_Limit>
	<Open_Interest>17712900</Open_Interest>
	<Limit_for_Next_Day>86932689</Limit_for_Next_Day>
</MWPL>
<MWPL>
	<Date>06-FEB-2020</Date>
	<ISIN>INE205A01025</ISIN>
	<Scrip_Name>VEDANTA LIMITED</Scrip_Name>
	<NSE_Symbol>VEDL</NSE_Symbol>
	<MWPL_Limit>367715829</MWPL_Limit>
	<Open_Interest>109735500</Open_Interest>
	<Limit_for_Next_Day>239594537</Limit_for_Next_Day>
</MWPL>
<MWPL>
	<Date>06-FEB-2020</Date>
	<ISIN>INE226A01021</ISIN>
	<Scrip_Name>VOLTAS LTD</Scrip_Name>
	<NSE_Symbol>VOLTAS</NSE_Symbol>
	<MWPL_Limit>46126252</MWPL_Limit>
	<Open_Interest>5398000</Open_Interest>
	<Limit_for_Next_Day>38421939</Limit_for_Next_Day>
</MWPL>
<MWPL>
	<Date>06-FEB-2020</Date>
	<ISIN>INE075A01022</ISIN>
	<Scrip_Name>WIPRO LTD</Scrip_Name>
	<NSE_Symbol>WIPRO</NSE_Symbol>
	<MWPL_Limit>291744528</MWPL_Limit>
	<Open_Interest>26460800</Open_Interest>
	<Limit_for_Next_Day>250696501</Limit_for_Next_Day>
</MWPL>
<MWPL>
	<Date>06-FEB-2020</Date>
	<ISIN>INE256A01028</ISIN>
	<Scrip_Name>ZEE ENTERTAINMENT ENT LTD</Scrip_Name>
	<NSE_Symbol>ZEEL</NSE_Symbol>
	<MWPL_Limit>182737530</MWPL_Limit>
	<Open_Interest>42899500</Open_Interest>
	<Limit_for_Next_Day>130701153</Limit_for_Next_Day>
</MWPL>
</MWPL_Viols>
