Date, ISIN, Scrip Name, NSE Symbol, MWPL, Open Interest, Limit for Next Day
05-APR-2019,INE814H01011,ADANI POWER LTD,ADANIPOWER,193065274,155040000,No Fresh Positions
05-APR-2019,INE202B01012,DEWAN HOUSING FIN CORP LT,DHFL,38154662,36259500,No Fresh Positions
05-APR-2019,INE008A01015,IDBI BANK LIMITED,IDBI,39323831,37970000,No Fresh Positions
05-APR-2019,INE802G01018,JET AIRWAYS (INDIA) LTD.,JETAIRWAYS,11132543,12271600,No Fresh Positions
05-APR-2019,INE614G01033,RELIANCE POWER LTD.,RPOWER,140233556,129264000,No Fresh Positions
05-APR-2019,INE012A01025,ACC LIMITED,ACC,17078428,3192400,13032106
05-APR-2019,INE423A01024,ADANI ENTERPRISES LIMITED,ADANIENT,55169320,45992000,6418854
05-APR-2019,INE742F01042,ADANI PORT & SEZ LTD,ADANIPORTS,156144401,23067500,125269680
05-APR-2019,INE031B01049,AJANTA PHARMA LIMITED,AJANTPHARM,5196948,837000,4100100
05-APR-2019,INE428A01015,ALLAHABAD BANK,ALBK,50696289,33540000,14621474
05-APR-2019,INE885A01032,AMARA RAJA BATTERIES LTD.,AMARAJABAT,16377009,3500700,12057458
05-APR-2019,INE079A01024,AMBUJA CEMENTS LTD,AMBUJACEM,144327988,25430000,111681588
05-APR-2019,INE437A01024,APOLLO HOSPITALS ENTER. L,APOLLOHOSP,18254499,1450500,15891274
05-APR-2019,INE438A01022,APOLLO TYRES LTD,APOLLOTYRE,67723169,12948000,51389010
05-APR-2019,INE034A01011,ARVIND LIMITED,ARVIND,29429703,6374000,21584217
05-APR-2019,INE208A01029,ASHOK LEYLAND LTD,ASHOKLEY,286973403,107564000,165060732
05-APR-2019,INE021A01026,ASIAN PAINTS LIMITED,ASIANPAINT,90562661,6485400,79549127
05-APR-2019,INE406A01037,AUROBINDO PHARMA LTD,AUROPHARMA,56396335,18450000,35126518
05-APR-2019,INE238A01034,AXIS BANK LIMITED,AXISBANK,380572741,42849600,318694503
05-APR-2019,INE917I01010,BAJAJ AUTO LIMITED,BAJAJ-AUTO,29341807,4366750,23507966
05-APR-2019,INE918I01018,BAJAJ FINSERV LTD.,BAJAJFINSV,13248060,846625,11739032
05-APR-2019,INE296A01024,BAJAJ FINANCE LIMITED,BAJFINANCE,51558770,6476000,42504831
05-APR-2019,INE787D01026,BALKRISHNA IND. LTD,BALKRISIND,16124234,2347200,12970822
05-APR-2019,INE028A01039,BANK OF BARODA,BANKBARODA,191844279,67824000,114428065
05-APR-2019,INE084A01016,BANK OF INDIA,BANKINDIA,58936059,32934000,23055256
05-APR-2019,INE176A01028,BATA INDIA LTD,BATAINDIA,12092405,2864400,8623384
05-APR-2019,INE263A01024,BHARAT ELECTRONICS LTD,BEL,185506537,48852000,127379210
05-APR-2019,INE258A01016,BEML LIMITED,BEML,3828900,2136400,1501055
05-APR-2019,INE463A01038,BERGER PAINTS (I) LTD,BERGEPAINT,48578062,3291200,42857958
05-APR-2019,INE180K01011,BHARAT FIN INCLUSION LTD,BHARATFIN,27585244,4211500,21994481
05-APR-2019,INE465A01025,BHARAT FORGE LTD,BHARATFORG,50501678,10288800,37687794
05-APR-2019,INE397D01024,BHARTI AIRTEL LIMITED,BHARTIARTL,262428715,41333800,207973479
05-APR-2019,INE257A01026,BHEL,BHEL,256482590,89992500,153665960
05-APR-2019,INE376G01013,BIOCON LIMITED.,BIOCON,45649210,7224300,36142449
05-APR-2019,INE323A01026,BOSCH LIMITED,BOSCHLTD,1737683,154710,1496088
05-APR-2019,INE029A01011,BHARAT PETROLEUM CORP  LT,BPCL,199861375,15616800,174251506
05-APR-2019,INE216A01030,BRITANNIA INDUSTRIES LTD,BRITANNIA,23714500,2344400,20184375
05-APR-2019,INE836A01035,BIRLASOFT LIMITED,BSOFT,30868887,4140000,25185442
05-APR-2019,INE010B01027,CADILA HEALTHCARE LIMITED,CADILAHC,51610474,12374400,36655550
05-APR-2019,INE476A01014,CANARA BANK,CANBK,40260000,15342000,22905000
05-APR-2019,INE477A01020,CAN FIN HOMES LTD,CANFINHOME,18644752,4766400,12946114
05-APR-2019,INE172A01027,CASTROL INDIA LIMITED,CASTROLIND,96933993,8772000,83315293
05-APR-2019,INE482A01020,CEAT LIMITED,CEATLTD,3966064,1281200,2486560
05-APR-2019,INE055A01016,CENTURY TEXTILES LTD,CENTURYTEX,11123542,4423800,6143564
05-APR-2019,INE486A01013,CESC LTD,CESC,13275380,1819950,10791661
05-APR-2019,INE067A01029,CG POWER AND IND SOL LTD,CGPOWER,82103824,32328000,45670632
05-APR-2019,INE178A01016,CHENNAI PETROLEUM CORP LT,CHENNPETRO,9742660,1256400,7999127
05-APR-2019,INE121A01016,CHOLAMANDALAM IN & FIN CO,CHOLAFIN,14677911,672000,13272015
05-APR-2019,INE059A01026,CIPLA LTD,CIPLA,101917315,12685000,84136449
05-APR-2019,INE522F01014,COAL INDIA LTD,COALINDIA,336345332,36713600,282814465
05-APR-2019,INE259A01022,COLGATE PALMOLIVE LTD.,COLPAL,26654592,1822100,23499762
05-APR-2019,INE111A01025,CONTAINER CORP OF IND LTD,CONCOR,55081874,1428582,50899198
05-APR-2019,INE298A01020,CUMMINS INDIA LTD,CUMMINSIND,27165463,1890000,23917189
05-APR-2019,INE016A01026,DABUR INDIA LTD,DABUR,113438092,16222500,91543687
05-APR-2019,INE503A01015,DCB BANK LIMITED,DCBBANK,52620094,7911000,42078089
05-APR-2019,INE836F01026,DISH TV INDIA LTD.,DISHTV,144254920,76384000,60658174
05-APR-2019,INE361B01024,DIVI'S LABORATORIES LTD,DIVISLAB,25478844,3337600,20867301
05-APR-2019,INE271C01023,DLF LIMITED,DLF,89416568,55954600,28991139
05-APR-2019,INE089A01023,DR. REDDY'S LABORATORIES,DRREDDY,24280052,4285000,18781049
05-APR-2019,INE066A01013,EICHER MOTORS LTD,EICHERMOT,2763845,532075,2093577
05-APR-2019,INE510A01028,ENGINEERS INDIA LTD,ENGINERSIN,60644337,11734200,45877920
05-APR-2019,INE988K01017,EQUITAS HOLDINGS LIMITED,EQUITAS,68261466,13092000,51756392
05-APR-2019,INE042A01014,ESCORTS INDIA LTD,ESCORTS,14689242,5094100,8860679
05-APR-2019,INE302A01020,EXIDE INDUSTRIES LTD,EXIDEIND,91809066,12192000,75026612
05-APR-2019,INE171A01029,FEDERAL BANK LTD,FEDERALBNK,390687191,79436000,291716831
05-APR-2019,INE129A01019,GAIL (INDIA) LTD,GAIL,208101824,12622911,185073821
05-APR-2019,INE935A01035,GLENMARK PHARMACEUTICALS,GLENMARK,30167759,4431000,24228371
05-APR-2019,INE776C01039,GMR INFRASTRUCTURE LTD.,GMRINFRA,441771144,247905000,171777586
05-APR-2019,INE260B01028,GODFREY PHILLIPS INDIA LT,GODFRYPHLP,2891826,586600,2160634
05-APR-2019,INE102D01028,GODREJ CONSUMER PRODUCTS,GODREJCP,75135570,6217200,65161591
05-APR-2019,INE233A01035,GODREJ INDUSTRIES LTD,GODREJIND,26013156,1386000,23326498
05-APR-2019,INE047A01021,GRASIM INDUSTRIES LTD,GRASIM,78447148,12609750,61915040
05-APR-2019,INE026A01025,GUJ STATE FERT & CHEM LTD,GSFC,49535525,12229400,34829348
05-APR-2019,INE176B01034,HAVELLS INDIA LIMITED,HAVELLS,50509139,4849000,43134682
05-APR-2019,INE860A01027,HCL TECHNOLOGIES LTD,HCLTECH,108488721,9294600,93769684
05-APR-2019,INE001A01036,HDFC LTD,HDFC,331028275,29265000,285211861
05-APR-2019,INE040A01026,HDFC BANK LTD,HDFCBANK,322340063,11779000,294444059
05-APR-2019,INE158A01026,HERO MOTOCORP LIMITED,HEROMOTOCO,26110651,4245600,20559518
05-APR-2019,INE093A01033,HEXAWARE TECHNOLOGIES LTD,HEXAWARE,22208479,3487500,17610555
05-APR-2019,INE038A01020,HINDALCO  INDUSTRIES  LTD,HINDALCO,292540128,41832000,236081121
05-APR-2019,INE094A01015,HINDUSTAN PETROLEUM CORP,HINDPETRO,304764525,19525800,270000498
05-APR-2019,INE030A01027,HINDUSTAN UNILEVER LTD.,HINDUNILVR,142047217,14653800,120291056
05-APR-2019,INE267A01025,HINDUSTAN ZINC LIMITED,HINDZINC,296432938,5004800,276606491
05-APR-2019,INE148I01020,INDIABULLS HSG FIN LTD,IBULHSGFIN,66523910,27668000,35529714
05-APR-2019,INE090A01021,ICICI BANK LTD.,ICICIBANK,967259346,129965000,788931378
05-APR-2019,INE726G01019,ICICI PRU LIFE INS CO LTD,ICICIPRULI,61178818,10275000,47844877
05-APR-2019,INE669E01016,VODAFONE IDEA LIMITED,IDEA,829391834,628285764,159636478
05-APR-2019,INE043D01016,IDFC LIMITED,IDFC,319271663,100768800,202539279
05-APR-2019,INE092T01019,IDFC FIRST BANK LIMITED,IDFCFIRSTB,573782582,152508000,392585452
05-APR-2019,INE039A01010,IFCI LTD,IFCI,147807447,75005000,65412074
05-APR-2019,INE203G01027,INDRAPRASTHA GAS LTD,IGL,77000080,4900500,68249576
05-APR-2019,INE383A01012,THE INDIA CEMENTS LIMITED,INDIACEM,44246369,29659500,12374550
05-APR-2019,INE562A01011,INDIAN BANK,INDIANB,17549476,4528000,12144002
05-APR-2019,INE646L01027,INTERGLOBE AVIATION LTD,INDIGO,19270843,3164400,15142900
05-APR-2019,INE095A01012,INDUSIND BANK LIMITED,INDUSINDBK,89434622,8217900,76744990
05-APR-2019,INE483S01020,INFIBEAM AVENUES LIMITED,INFIBEAM,81413204,14776000,62566543
05-APR-2019,INE121J01017,BHARTI INFRATEL LTD.,INFRATEL,171832533,7036000,156204906
05-APR-2019,INE009A01021,INFOSYS LIMITED,INFY,757551164,58566000,661107605
05-APR-2019,INE242A01010,INDIAN OIL CORP LTD,IOC,868368232,66944500,758005320
05-APR-2019,INE821I01014,IRB INFRA DEV LTD.,IRB,29847479,11078400,17276705
05-APR-2019,INE154A01025,ITC LTD,ITC,2445238781,74575200,2248401641
05-APR-2019,INE749A01030,JINDAL STEEL & POWER LTD,JINDALSTEL,80029268,31637250,44390554
05-APR-2019,INE175A01038,JAIN IRRIGATION SYSTEMS,JISLJALEQS,63596288,43380000,17036473
05-APR-2019,INE019A01038,JSW STEEL LIMITED,JSWSTEEL,274637182,44748000,216157322
05-APR-2019,INE797F01012,JUBILANT FOODWORKS LTD,JUBLFOOD,14455140,4149000,9583383
05-APR-2019,INE599M01018,JUSTDIAL LTD.,JUSTDIAL,8550030,4652200,3470328
05-APR-2019,INE217B01036,KAJARIA CERAMICS LTD,KAJARIACER,16664813,2104700,13726872
05-APR-2019,INE237A01028,KOTAK MAHINDRA BANK LTD,KOTAKBANK,267015629,14424000,239240847
05-APR-2019,INE455I01029,KAVERI SEED CO. LTD.,KSCL,5669882,1273500,4112887
05-APR-2019,INE614B01018,KARNATAKA BANK LIMITED,KTKBANK,56521559,20708200,32987281
05-APR-2019,INE498L01015,L&T FINANCE HOLDINGS LTD,L&TFH,143962331,26599500,110164714
05-APR-2019,INE115A01026,LIC HOUSING FINANCE LTD,LICHSGFIN,60244101,9014500,48217395
05-APR-2019,INE018A01030,LARSEN & TOUBRO LTD.,LT,275535867,12340500,249418573
05-APR-2019,INE326A01037,LUPIN LIMITED,LUPIN,47971947,12033000,33540349
05-APR-2019,INE101A01026,MAHINDRA & MAHINDRA LTD,M&M,173623634,24290000,140652452
05-APR-2019,INE774D01024,M&M FIN. SERVICES LTD,M&MFIN,59712403,12581250,44145532
05-APR-2019,INE522D01027,MANAPPURAM FINANCE LTD,MANAPPURAM,109330743,12390000,91474205
05-APR-2019,INE196A01026,MARICO LIMITED,MARICO,103836709,6741800,91903073
05-APR-2019,INE585B01010,MARUTI SUZUKI INDIA LTD.,MARUTI,26458324,4132425,21002982
05-APR-2019,INE854D01024,UNITED SPIRITS LIMITED,MCDOWELL-N,62845623,14618750,45084591
05-APR-2019,INE745G01035,MULTI COMMODITY EXCHANGE,MCX,10173586,2030000,7634906
05-APR-2019,INE180A01020,MAX FINANCIAL SERV LTD,MFSL,38534772,1737600,34870433
05-APR-2019,INE002S01010,MAHANAGAR GAS LTD.,MGL,11359449,705600,10085876
05-APR-2019,INE018I01017,MINDTREE LIMITED,MINDTREE,28409718,6861000,20128232
05-APR-2019,INE775A01035,MOTHERSON SUMI SYSTEMS LT,MOTHERSUMI,241729538,36556950,193086111
05-APR-2019,INE883A01011,MRF LTD,MRF,613765,31540,551536
05-APR-2019,INE103A01014,MRPL,MRPL,40018232,5278000,32739320
05-APR-2019,INE414G01012,MUTHOOT FINANCE LIMITED,MUTHOOTFIN,21223881,3442500,16720186
05-APR-2019,INE139A01034,NATIONAL ALUMINIUM CO LTD,NATIONALUM,161309931,49616000,103628434
05-APR-2019,INE095N01031,NBCC (INDIA) LIMITED,NBCC,105949489,50520000,50132014
05-APR-2019,INE868B01028,NCC LIMITED,NCC,98291337,45312000,48064770
05-APR-2019,INE239A01016,NESTLE INDIA LIMITED,NESTLEIND,7180127,331550,6489570
05-APR-2019,INE848E01016,NHPC LTD,NHPC,525836038,32967000,466577236
05-APR-2019,INE591G01017,NIIT TECHNOLOGIES LTD,NIITTECH,8557451,2505000,5624578
05-APR-2019,INE584A01023,NMDC LTD.,NMDC,169762789,23394000,137880649
05-APR-2019,INE733E01010,NTPC LTD,NTPC,866904097,82833600,740725292
05-APR-2019,INE881D01027,ORACLE FIN SERV SOFT LTD.,OFSS,4540712,293250,4020426
05-APR-2019,INE274J01014,OIL INDIA LTD,OIL,80148191,8905380,67235401
05-APR-2019,INE213A01029,OIL AND NATURAL GAS CORP.,ONGC,881795538,61436250,776269511
05-APR-2019,INE141A01014,ORIENTAL BANK OF COMMERCE,ORIENTBANK,28817691,18865000,8511806
05-APR-2019,INE761H01022,PAGE INDUSTRIES LTD,PAGEIND,1152956,102975,992333
05-APR-2019,INE785M01013,PC JEWELLER LTD,PCJEWELLER,33475537,26435500,5366260
05-APR-2019,INE140A01024,PIRAMAL ENTERPRISES LTD,PEL,18042791,3418640,13722011
05-APR-2019,INE347G01014,PETRONET LNG LIMITED,PETRONET,150000017,12108000,130392016
05-APR-2019,INE134E01011,POWER FIN CORP LTD.,PFC,203369978,40622400,152579079
05-APR-2019,INE318A01026,PIDILITE INDUSTRIES LTD,PIDILITIND,30719858,2914000,26269865
05-APR-2019,INE160A01022,PUNJAB NATIONAL BANK,PNB,208425616,141561000,56443335
05-APR-2019,INE752E01010,POWER GRID CORP. LTD.,POWERGRID,456842549,19644000,414356421
05-APR-2019,INE191H01014,PVR LIMITED,PVR,7454656,691600,6390323
05-APR-2019,INE331A01037,THE RAMCO CEMENTS LIMITED,RAMCOCEM,26974244,1660800,23964731
05-APR-2019,INE301A01014,RAYMOND LTD,RAYMOND,6775384,3698400,2738214
05-APR-2019,INE976G01028,RBL BANK LIMITED,RBLBANK,85086978,8065200,72767429
05-APR-2019,INE020B01018,REC LIMITED,RECLTD,186236520,43890000,133034694
05-APR-2019,INE013A01015,RELIANCE CAPITAL LTD,RELCAPITAL,23702036,13702500,8814434
05-APR-2019,INE002A01018,RELIANCE INDUSTRIES LTD,RELIANCE,654841181,61642500,560456621
05-APR-2019,INE036A01016,RELIANCE INFRASTRUCTU LTD,RELINFRA,26054178,16471000,8280469
05-APR-2019,INE612J01015,REPCO HOME FINANCE LTD,REPCOHOME,7866151,1153900,6318943
05-APR-2019,INE114A01011,STEEL AUTHORITY OF INDIA,SAIL,206528041,128292000,67909638
05-APR-2019,INE062A01020,STATE BANK OF INDIA,SBIN,729782012,136149000,557143911
05-APR-2019,INE070A01015,SHREE CEMENT LIMITED,SHREECEM,2453485,91500,2239310
05-APR-2019,INE003A01024,SIEMENS LTD,SIEMENS,17806068,1822150,15093614
05-APR-2019,INE683A01023,THE SOUTH INDIAN BANK LTD,SOUTHBANK,361928764,163517694,180314631
05-APR-2019,INE647A01010,SRF LTD,SRF,5468800,1609000,3586360
05-APR-2019,INE721A01013,SHRIRAM TRANSPORT FIN CO.,SRTRANSFIN,33541942,4082400,27782444
05-APR-2019,INE939A01011,STRIDES PHARMA SCI LTD,STAR,12395780,3702600,8073391
05-APR-2019,INE044A01036,SUN PHARMACEUTICAL IND L,SUNPHARMA,218894578,58164700,149785149
05-APR-2019,INE424H01027,SUN TV NETWORK LIMITED,SUNTV,19704232,7454000,11265020
05-APR-2019,INE040H01021,SUZLON ENERGY LIMITED,SUZLON,851741765,381064000,428090676
05-APR-2019,INE667A01018,SYNDICATE BANK,SYNDIBANK,76346533,37470000,35059206
05-APR-2019,INE092A01019,TATA CHEMICALS LTD,TATACHEM,35345667,4656750,28921633
05-APR-2019,INE151A01013,TATA COMMUNICATIONS LTD,TATACOMM,14258524,2920000,10625597
05-APR-2019,INE670A01012,TATA ELXSI LIMITED,TATAELXSI,6904235,1774400,4784623
05-APR-2019,INE192A01025,TATA GLOBAL BEVERAGES LTD,TATAGLOBAL,82732329,15633000,62962712
05-APR-2019,INE155A01022,TATA MOTORS LIMITED,TATAMOTORS,362219126,110728000,233380169
05-APR-2019,IN9155A01020,TATA MOTORS DVR 'A' ORD,TATAMTRDVR,101602140,39425000,57097033
05-APR-2019,INE245A01021,TATA POWER CO LTD,TATAPOWER,362445856,72972000,271351563
05-APR-2019,INE081A01012,TATA STEEL LIMITED,TATASTEEL,161060422,42464403,110542997
05-APR-2019,INE467B01029,TATA CONSULTANCY SERV LT,TCS,209768541,18997000,180283113
05-APR-2019,INE669C01036,TECH MAHINDRA LIMITED,TECHM,125642015,16243200,103116714
05-APR-2019,INE280A01028,TITAN COMPANY LIMITED,TITAN,83616848,12784500,66651505
05-APR-2019,INE685A01028,TORRENT PHARMACEUTICALS L,TORNTPHARM,9731600,717000,8528020
05-APR-2019,INE813H01021,TORRENT POWER LTD,TORNTPOWER,44634693,2664000,39738958
05-APR-2019,INE886H01027,TV18 BROADCAST LIMITED,TV18BRDCST,129899100,73515000,49889145
05-APR-2019,INE494B01023,TVS MOTOR COMPANY  LTD,TVSMOTOR,40480865,6892000,31564821
05-APR-2019,INE686F01025,UNITED BREWERIES LTD,UBL,22357672,2886100,18353688
05-APR-2019,INE334L01012,UJJIVAN FIN. SERVC. LTD.,UJJIVAN,24224375,4110400,18902756
05-APR-2019,INE481G01011,ULTRATECH CEMENT LIMITED,ULTRACEMCO,21003731,2166000,17787544
05-APR-2019,INE692A01016,UNION BANK OF INDIA,UNIONBANK,76131760,45171000,27154172
05-APR-2019,INE628A01036,UPL LIMITED,UPL,73388208,15554400,54164397
05-APR-2019,INE205A01025,VEDANTA LIMITED,VEDL,367715829,38987300,310342737
05-APR-2019,INE951I01027,V-GUARD IND LTD.,VGUARD,30594810,3864000,25201069
05-APR-2019,INE226A01021,VOLTAS LTD,VOLTAS,46126252,6932000,36887939
05-APR-2019,INE075A01022,WIPRO LTD,WIPRO,304757941,37360000,252160043
05-APR-2019,INE049B01025,WOCKHARDT LIMITED,WOCKPHARMA,5740164,5290200,162955
05-APR-2019,INE528G01027,YES BANK LIMITED,YESBANK,370789950,159834500,192415952
05-APR-2019,INE256A01028,ZEE ENTERTAINMENT ENT LTD,ZEEL,112141257,26637000,79897194
