Date, ISIN, Scrip Name, NSE Symbol, MWPL, Open Interest, Limit for Next Day
11-APR-2019,INE202B01012,DEWAN HOUSING FIN CORP LT,DHFL,38154662,37128000,No Fresh Positions
11-APR-2019,INE271C01023,DLF LIMITED,DLF,89416568,72784400,No Fresh Positions
11-APR-2019,INE008A01015,IDBI BANK LIMITED,IDBI,39323831,35530000,No Fresh Positions
11-APR-2019,INE802G01018,JET AIRWAYS (INDIA) LTD.,JETAIRWAYS,11132543,11222200,No Fresh Positions
11-APR-2019,INE785M01013,PC JEWELLER LTD,PCJEWELLER,33475537,28119000,No Fresh Positions
11-APR-2019,INE614G01033,RELIANCE POWER LTD.,RPOWER,140233556,119280000,No Fresh Positions
11-APR-2019,INE049B01025,WOCKHARDT LIMITED,WOCKPHARMA,5740164,4867200,No Fresh Positions
11-APR-2019,INE012A01025,ACC LIMITED,ACC,17078428,3092400,13132106
11-APR-2019,INE423A01024,ADANI ENTERPRISES LIMITED,ADANIENT,55169320,47272000,5138854
11-APR-2019,INE742F01042,ADANI PORT & SEZ LTD,ADANIPORTS,156144401,22787500,125549680
11-APR-2019,INE814H01011,ADANI POWER LTD,ADANIPOWER,193065274,154380000,29032010
11-APR-2019,INE031B01049,AJANTA PHARMA LIMITED,AJANTPHARM,5196948,895500,4041600
11-APR-2019,INE428A01015,ALLAHABAD BANK,ALBK,50696289,31057000,17104474
11-APR-2019,INE885A01032,AMARA RAJA BATTERIES LTD.,AMARAJABAT,16377009,3129700,12428458
11-APR-2019,INE079A01024,AMBUJA CEMENTS LTD,AMBUJACEM,144327988,24832500,112279088
11-APR-2019,INE437A01024,APOLLO HOSPITALS ENTER. L,APOLLOHOSP,18254499,1469000,15872774
11-APR-2019,INE438A01022,APOLLO TYRES LTD,APOLLOTYRE,67723169,14388000,49949010
11-APR-2019,INE034A01011,ARVIND LIMITED,ARVIND,29429703,6740000,21218217
11-APR-2019,INE208A01029,ASHOK LEYLAND LTD,ASHOKLEY,286973403,105364000,167260732
11-APR-2019,INE021A01026,ASIAN PAINTS LIMITED,ASIANPAINT,90562661,7800600,78233927
11-APR-2019,INE406A01037,AUROBINDO PHARMA LTD,AUROPHARMA,56396335,19686000,33890518
11-APR-2019,INE238A01034,AXIS BANK LIMITED,AXISBANK,380572741,42272400,319271703
11-APR-2019,INE917I01010,BAJAJ AUTO LIMITED,BAJAJ-AUTO,29341807,4218750,23655966
11-APR-2019,INE918I01018,BAJAJ FINSERV LTD.,BAJAJFINSV,13248060,923875,11661782
11-APR-2019,INE296A01024,BAJAJ FINANCE LIMITED,BAJFINANCE,51558770,6671250,42309581
11-APR-2019,INE787D01026,BALKRISHNA IND. LTD,BALKRISIND,16124234,2223200,13094822
11-APR-2019,INE028A01039,BANK OF BARODA,BANKBARODA,191844279,75084000,107168065
11-APR-2019,INE084A01016,BANK OF INDIA,BANKINDIA,58936059,34536000,21453256
11-APR-2019,INE176A01028,BATA INDIA LTD,BATAINDIA,12092405,2557500,8930284
11-APR-2019,INE263A01024,BHARAT ELECTRONICS LTD,BEL,185506537,55860000,120371210
11-APR-2019,INE258A01016,BEML LIMITED,BEML,3828900,2213400,1424055
11-APR-2019,INE463A01038,BERGER PAINTS (I) LTD,BERGEPAINT,48578062,3632200,42516958
11-APR-2019,INE180K01011,BHARAT FIN INCLUSION LTD,BHARATFIN,27585244,4396500,21809481
11-APR-2019,INE465A01025,BHARAT FORGE LTD,BHARATFORG,50501678,10533600,37442994
11-APR-2019,INE397D01024,BHARTI AIRTEL LIMITED,BHARTIARTL,262428715,40029900,209277379
11-APR-2019,INE257A01026,BHEL,BHEL,256482590,84832500,158825960
11-APR-2019,INE376G01013,BIOCON LIMITED.,BIOCON,45649210,7058700,36308049
11-APR-2019,INE323A01026,BOSCH LIMITED,BOSCHLTD,1737683,153570,1497228
11-APR-2019,INE029A01011,BHARAT PETROLEUM CORP  LT,BPCL,199861375,15534000,174334306
11-APR-2019,INE216A01030,BRITANNIA INDUSTRIES LTD,BRITANNIA,23714500,2397600,20131175
11-APR-2019,INE836A01035,BIRLASOFT LIMITED,BSOFT,30868887,4522500,24802942
11-APR-2019,INE010B01027,CADILA HEALTHCARE LIMITED,CADILAHC,51610474,12009600,37020350
11-APR-2019,INE476A01014,CANARA BANK,CANBK,40260000,15372000,22875000
11-APR-2019,INE477A01020,CAN FIN HOMES LTD,CANFINHOME,18644752,4413600,13298914
11-APR-2019,INE172A01027,CASTROL INDIA LIMITED,CASTROLIND,96933993,8795800,83291493
11-APR-2019,INE482A01020,CEAT LIMITED,CEATLTD,3966064,1559600,2208160
11-APR-2019,INE055A01016,CENTURY TEXTILES LTD,CENTURYTEX,11123542,4616400,5950964
11-APR-2019,INE486A01013,CESC LTD,CESC,13275380,1884850,10726761
11-APR-2019,INE067A01029,CG POWER AND IND SOL LTD,CGPOWER,82103824,32556000,45442632
11-APR-2019,INE178A01016,CHENNAI PETROLEUM CORP LT,CHENNPETRO,9742660,1155600,8099927
11-APR-2019,INE121A01016,CHOLAMANDALAM IN & FIN CO,CHOLAFIN,14677911,730500,13213515
11-APR-2019,INE059A01026,CIPLA LTD,CIPLA,101917315,13317000,83504449
11-APR-2019,INE522F01014,COAL INDIA LTD,COALINDIA,336345332,39197400,280330665
11-APR-2019,INE259A01022,COLGATE PALMOLIVE LTD.,COLPAL,26654592,2070600,23251262
11-APR-2019,INE111A01025,CONTAINER CORP OF IND LTD,CONCOR,55081874,1663032,50664748
11-APR-2019,INE298A01020,CUMMINS INDIA LTD,CUMMINSIND,27165463,1729000,24078189
11-APR-2019,INE016A01026,DABUR INDIA LTD,DABUR,113438092,17028750,90737437
11-APR-2019,INE503A01015,DCB BANK LIMITED,DCBBANK,52620094,8122500,41866589
11-APR-2019,INE836F01026,DISH TV INDIA LTD.,DISHTV,144254920,79648000,57394174
11-APR-2019,INE361B01024,DIVI'S LABORATORIES LTD,DIVISLAB,25478844,3093600,21111301
11-APR-2019,INE089A01023,DR. REDDY'S LABORATORIES,DRREDDY,24280052,4624750,18441299
11-APR-2019,INE066A01013,EICHER MOTORS LTD,EICHERMOT,2763845,548050,2077602
11-APR-2019,INE510A01028,ENGINEERS INDIA LTD,ENGINERSIN,60644337,11746500,45865620
11-APR-2019,INE988K01017,EQUITAS HOLDINGS LIMITED,EQUITAS,68261466,13136000,51712392
11-APR-2019,INE042A01014,ESCORTS INDIA LTD,ESCORTS,14689242,5420800,8533979
11-APR-2019,INE302A01020,EXIDE INDUSTRIES LTD,EXIDEIND,91809066,11338000,75880612
11-APR-2019,INE171A01029,FEDERAL BANK LTD,FEDERALBNK,390687191,79338000,291814831
11-APR-2019,INE129A01019,GAIL (INDIA) LTD,GAIL,208101824,14935200,182761532
11-APR-2019,INE935A01035,GLENMARK PHARMACEUTICALS,GLENMARK,30167759,4501000,24158371
11-APR-2019,INE776C01039,GMR INFRASTRUCTURE LTD.,GMRINFRA,441771144,254610000,165072586
11-APR-2019,INE260B01028,GODFREY PHILLIPS INDIA LT,GODFRYPHLP,2891826,683900,2063334
11-APR-2019,INE102D01028,GODREJ CONSUMER PRODUCTS,GODREJCP,75135570,7714200,63664591
11-APR-2019,INE233A01035,GODREJ INDUSTRIES LTD,GODREJIND,26013156,1387500,23324998
11-APR-2019,INE047A01021,GRASIM INDUSTRIES LTD,GRASIM,78447148,12430500,62094290
11-APR-2019,INE026A01025,GUJ STATE FERT & CHEM LTD,GSFC,49535525,12563100,34495648
11-APR-2019,INE176B01034,HAVELLS INDIA LIMITED,HAVELLS,50509139,5041000,42942682
11-APR-2019,INE860A01027,HCL TECHNOLOGIES LTD,HCLTECH,108488721,9351300,93712984
11-APR-2019,INE001A01036,HDFC LTD,HDFC,331028275,28768000,285708861
11-APR-2019,INE040A01026,HDFC BANK LTD,HDFCBANK,322340063,16847000,289376059
11-APR-2019,INE158A01026,HERO MOTOCORP LIMITED,HEROMOTOCO,26110651,4292400,20512718
11-APR-2019,INE093A01033,HEXAWARE TECHNOLOGIES LTD,HEXAWARE,22208479,4141500,16956555
11-APR-2019,INE038A01020,HINDALCO  INDUSTRIES  LTD,HINDALCO,292540128,44093000,233820121
11-APR-2019,INE094A01015,HINDUSTAN PETROLEUM CORP,HINDPETRO,304764525,19485900,270040398
11-APR-2019,INE030A01027,HINDUSTAN UNILEVER LTD.,HINDUNILVR,142047217,13800600,121144256
11-APR-2019,INE267A01025,HINDUSTAN ZINC LIMITED,HINDZINC,296432938,5200000,276411291
11-APR-2019,INE148I01020,INDIABULLS HSG FIN LTD,IBULHSGFIN,66523910,29458000,33739714
11-APR-2019,INE090A01021,ICICI BANK LTD.,ICICIBANK,967259346,136875750,782020628
11-APR-2019,INE726G01019,ICICI PRU LIFE INS CO LTD,ICICIPRULI,61178818,9931500,48188377
11-APR-2019,INE669E01016,VODAFONE IDEA LIMITED,IDEA,829391834,678492200,109430042
11-APR-2019,INE043D01016,IDFC LIMITED,IDFC,319271663,100425600,202882479
11-APR-2019,INE092T01019,IDFC FIRST BANK LIMITED,IDFCFIRSTB,573782582,154452000,390641452
11-APR-2019,INE039A01010,IFCI LTD,IFCI,147807447,79485000,60932074
11-APR-2019,INE203G01027,INDRAPRASTHA GAS LTD,IGL,77000080,5403750,67746326
11-APR-2019,INE383A01012,THE INDIA CEMENTS LIMITED,INDIACEM,44246369,31158000,10876050
11-APR-2019,INE562A01011,INDIAN BANK,INDIANB,17549476,4446000,12226002
11-APR-2019,INE646L01027,INTERGLOBE AVIATION LTD,INDIGO,19270843,3309600,14997700
11-APR-2019,INE095A01012,INDUSIND BANK LIMITED,INDUSINDBK,89434622,8397600,76565290
11-APR-2019,INE483S01020,INFIBEAM AVENUES LIMITED,INFIBEAM,81413204,17688000,59654543
11-APR-2019,INE121J01017,BHARTI INFRATEL LTD.,INFRATEL,171832533,6752000,156488906
11-APR-2019,INE009A01021,INFOSYS LIMITED,INFY,757551164,65062800,654610805
11-APR-2019,INE242A01010,INDIAN OIL CORP LTD,IOC,868368232,65999500,758950320
11-APR-2019,INE821I01014,IRB INFRA DEV LTD.,IRB,29847479,13408000,14947105
11-APR-2019,INE154A01025,ITC LTD,ITC,2445238781,82502400,2240474441
11-APR-2019,INE749A01030,JINDAL STEEL & POWER LTD,JINDALSTEL,80029268,32532750,43495054
11-APR-2019,INE175A01038,JAIN IRRIGATION SYSTEMS,JISLJALEQS,63596288,41841000,18575473
11-APR-2019,INE019A01038,JSW STEEL LIMITED,JSWSTEEL,274637182,45420000,215485322
11-APR-2019,INE797F01012,JUBILANT FOODWORKS LTD,JUBLFOOD,14455140,4336500,9395883
11-APR-2019,INE599M01018,JUSTDIAL LTD.,JUSTDIAL,8550030,4912600,3209928
11-APR-2019,INE217B01036,KAJARIA CERAMICS LTD,KAJARIACER,16664813,2048800,13782772
11-APR-2019,INE237A01028,KOTAK MAHINDRA BANK LTD,KOTAKBANK,267015629,13964000,239700847
11-APR-2019,INE455I01029,KAVERI SEED CO. LTD.,KSCL,5669882,1137000,4249387
11-APR-2019,INE614B01018,KARNATAKA BANK LIMITED,KTKBANK,56521559,19505000,34190481
11-APR-2019,INE498L01015,L&T FINANCE HOLDINGS LTD,L&TFH,143962331,31590000,105174214
11-APR-2019,INE115A01026,LIC HOUSING FINANCE LTD,LICHSGFIN,60244101,9425900,47805995
11-APR-2019,INE018A01030,LARSEN & TOUBRO LTD.,LT,275535867,12702375,249056698
11-APR-2019,INE326A01037,LUPIN LIMITED,LUPIN,47971947,11667600,33905749
11-APR-2019,INE101A01026,MAHINDRA & MAHINDRA LTD,M&M,173623634,23013000,141929452
11-APR-2019,INE774D01024,M&M FIN. SERVICES LTD,M&MFIN,59712403,12292500,44434282
11-APR-2019,INE522D01027,MANAPPURAM FINANCE LTD,MANAPPURAM,109330743,14418000,89446205
11-APR-2019,INE196A01026,MARICO LIMITED,MARICO,103836709,7576400,91068473
11-APR-2019,INE585B01010,MARUTI SUZUKI INDIA LTD.,MARUTI,26458324,4173975,20961432
11-APR-2019,INE854D01024,UNITED SPIRITS LIMITED,MCDOWELL-N,62845623,13485000,46218341
11-APR-2019,INE745G01035,MULTI COMMODITY EXCHANGE,MCX,10173586,2406600,7258306
11-APR-2019,INE180A01020,MAX FINANCIAL SERV LTD,MFSL,38534772,2109600,34498433
11-APR-2019,INE002S01010,MAHANAGAR GAS LTD.,MGL,11359449,661800,10129676
11-APR-2019,INE018I01017,MINDTREE LIMITED,MINDTREE,28409718,6648600,20340632
11-APR-2019,INE775A01035,MOTHERSON SUMI SYSTEMS LT,MOTHERSUMI,241729538,36431550,193211511
11-APR-2019,INE883A01011,MRF LTD,MRF,613765,33920,549156
11-APR-2019,INE103A01014,MRPL,MRPL,40018232,5635000,32382320
11-APR-2019,INE414G01012,MUTHOOT FINANCE LIMITED,MUTHOOTFIN,21223881,3445500,16717186
11-APR-2019,INE139A01034,NATIONAL ALUMINIUM CO LTD,NATIONALUM,161309931,53096000,100148434
11-APR-2019,INE095N01031,NBCC (INDIA) LIMITED,NBCC,105949489,57560000,43092014
11-APR-2019,INE868B01028,NCC LIMITED,NCC,98291337,51088000,42288770
11-APR-2019,INE239A01016,NESTLE INDIA LIMITED,NESTLEIND,7180127,342500,6478620
11-APR-2019,INE848E01016,NHPC LTD,NHPC,525836038,34344000,465200236
11-APR-2019,INE591G01017,NIIT TECHNOLOGIES LTD,NIITTECH,8557451,3900000,4229578
11-APR-2019,INE584A01023,NMDC LTD.,NMDC,169762789,24438000,136836649
11-APR-2019,INE733E01010,NTPC LTD,NTPC,866904097,82665600,740893292
11-APR-2019,INE881D01027,ORACLE FIN SERV SOFT LTD.,OFSS,4540712,299250,4014426
11-APR-2019,INE274J01014,OIL INDIA LTD,OIL,80148191,8755824,67384957
11-APR-2019,INE213A01029,OIL AND NATURAL GAS CORP.,ONGC,881795538,61856250,775849511
11-APR-2019,INE141A01014,ORIENTAL BANK OF COMMERCE,ORIENTBANK,28817691,19425000,7951806
11-APR-2019,INE761H01022,PAGE INDUSTRIES LTD,PAGEIND,1152956,101275,994033
11-APR-2019,INE140A01024,PIRAMAL ENTERPRISES LTD,PEL,18042791,3604974,13535677
11-APR-2019,INE347G01014,PETRONET LNG LIMITED,PETRONET,150000017,12852000,129648016
11-APR-2019,INE134E01011,POWER FIN CORP LTD.,PFC,203369978,42277800,150923679
11-APR-2019,INE318A01026,PIDILITE INDUSTRIES LTD,PIDILITIND,30719858,2742500,26441365
11-APR-2019,INE160A01022,PUNJAB NATIONAL BANK,PNB,208425616,150045000,47959335
11-APR-2019,INE752E01010,POWER GRID CORP. LTD.,POWERGRID,456842549,20480000,413520421
11-APR-2019,INE191H01014,PVR LIMITED,PVR,7454656,876000,6205923
11-APR-2019,INE331A01037,THE RAMCO CEMENTS LIMITED,RAMCOCEM,26974244,1733600,23891931
11-APR-2019,INE301A01014,RAYMOND LTD,RAYMOND,6775384,3912800,2523814
11-APR-2019,INE976G01028,RBL BANK LIMITED,RBLBANK,85086978,7815600,73017029
11-APR-2019,INE020B01018,REC LIMITED,RECLTD,186236520,43296000,133628694
11-APR-2019,INE013A01015,RELIANCE CAPITAL LTD,RELCAPITAL,23702036,16293000,6223934
11-APR-2019,INE002A01018,RELIANCE INDUSTRIES LTD,RELIANCE,654841181,65992000,556107121
11-APR-2019,INE036A01016,RELIANCE INFRASTRUCTU LTD,RELINFRA,26054178,18457400,6294069
11-APR-2019,INE612J01015,REPCO HOME FINANCE LTD,REPCOHOME,7866151,1153900,6318943
11-APR-2019,INE114A01011,STEEL AUTHORITY OF INDIA,SAIL,206528041,137892000,58309638
11-APR-2019,INE062A01020,STATE BANK OF INDIA,SBIN,729782012,141918000,551374911
11-APR-2019,INE070A01015,SHREE CEMENT LIMITED,SHREECEM,2453485,89550,2241260
11-APR-2019,INE003A01024,SIEMENS LTD,SIEMENS,17806068,1783650,15132114
11-APR-2019,INE683A01023,THE SOUTH INDIAN BANK LTD,SOUTHBANK,361928764,179856207,163976118
11-APR-2019,INE647A01010,SRF LTD,SRF,5468800,1508500,3686860
11-APR-2019,INE721A01013,SHRIRAM TRANSPORT FIN CO.,SRTRANSFIN,33541942,3959400,27905444
11-APR-2019,INE939A01011,STRIDES PHARMA SCI LTD,STAR,12395780,3786200,7989791
11-APR-2019,INE044A01036,SUN PHARMACEUTICAL IND L,SUNPHARMA,218894578,58008500,149941349
11-APR-2019,INE424H01027,SUN TV NETWORK LIMITED,SUNTV,19704232,8538000,10181020
11-APR-2019,INE040H01021,SUZLON ENERGY LIMITED,SUZLON,851741765,380836000,428318676
11-APR-2019,INE667A01018,SYNDICATE BANK,SYNDIBANK,76346533,38535000,33994206
11-APR-2019,INE092A01019,TATA CHEMICALS LTD,TATACHEM,35345667,4377000,29201383
11-APR-2019,INE151A01013,TATA COMMUNICATIONS LTD,TATACOMM,14258524,2667000,10878597
11-APR-2019,INE670A01012,TATA ELXSI LIMITED,TATAELXSI,6904235,1760400,4798623
11-APR-2019,INE192A01025,TATA GLOBAL BEVERAGES LTD,TATAGLOBAL,82732329,16674750,61920962
11-APR-2019,INE155A01022,TATA MOTORS LIMITED,TATAMOTORS,362219126,121824000,222284169
11-APR-2019,IN9155A01020,TATA MOTORS DVR 'A' ORD,TATAMTRDVR,101602140,41264200,55257833
11-APR-2019,INE245A01021,TATA POWER CO LTD,TATAPOWER,362445856,84321000,260002563
11-APR-2019,INE081A01012,TATA STEEL LIMITED,TATASTEEL,161060422,41189081,111818319
11-APR-2019,INE467B01029,TATA CONSULTANCY SERV LT,TCS,209768541,21546000,177734113
11-APR-2019,INE669C01036,TECH MAHINDRA LIMITED,TECHM,125642015,16080000,103279914
11-APR-2019,INE280A01028,TITAN COMPANY LIMITED,TITAN,83616848,12609000,66827005
11-APR-2019,INE685A01028,TORRENT PHARMACEUTICALS L,TORNTPHARM,9731600,845500,8399520
11-APR-2019,INE813H01021,TORRENT POWER LTD,TORNTPOWER,44634693,3180000,39222958
11-APR-2019,INE886H01027,TV18 BROADCAST LIMITED,TV18BRDCST,129899100,77090000,46314145
11-APR-2019,INE494B01023,TVS MOTOR COMPANY  LTD,TVSMOTOR,40480865,6711000,31745821
11-APR-2019,INE686F01025,UNITED BREWERIES LTD,UBL,22357672,2671900,18567888
11-APR-2019,INE334L01012,UJJIVAN FIN. SERVC. LTD.,UJJIVAN,24224375,5867200,17145956
11-APR-2019,INE481G01011,ULTRATECH CEMENT LIMITED,ULTRACEMCO,21003731,2302400,17651144
11-APR-2019,INE692A01016,UNION BANK OF INDIA,UNIONBANK,76131760,44506000,27819172
11-APR-2019,INE628A01036,UPL LIMITED,UPL,73388208,15895200,53823597
11-APR-2019,INE205A01025,VEDANTA LIMITED,VEDL,367715829,44850000,304480037
11-APR-2019,INE951I01027,V-GUARD IND LTD.,VGUARD,30594810,3846000,25219069
11-APR-2019,INE226A01021,VOLTAS LTD,VOLTAS,46126252,6790000,37029939
11-APR-2019,INE075A01022,WIPRO LTD,WIPRO,304757941,44940800,244579243
11-APR-2019,INE528G01027,YES BANK LIMITED,YESBANK,370789950,169930250,182320202
11-APR-2019,INE256A01028,ZEE ENTERTAINMENT ENT LTD,ZEEL,112141257,25486500,81047694
