Date, ISIN, Scrip Name, NSE Symbol, MWPL, Open Interest, Limit for Next Day
10-APR-2019,INE814H01011,ADANI POWER LTD,ADANIPOWER,193065274,154480000,No Fresh Positions
10-APR-2019,INE271C01023,DLF LIMITED,DLF,89416568,76302200,No Fresh Positions
10-APR-2019,INE008A01015,IDBI BANK LIMITED,IDBI,39323831,35660000,No Fresh Positions
10-APR-2019,INE802G01018,JET AIRWAYS (INDIA) LTD.,JETAIRWAYS,11132543,11442200,No Fresh Positions
10-APR-2019,INE785M01013,PC JEWELLER LTD,PCJEWELLER,33475537,30264000,No Fresh Positions
10-APR-2019,INE614G01033,RELIANCE POWER LTD.,RPOWER,140233556,123808000,No Fresh Positions
10-APR-2019,INE049B01025,WOCKHARDT LIMITED,WOCKPHARMA,5740164,5023800,No Fresh Positions
10-APR-2019,INE012A01025,ACC LIMITED,ACC,17078428,3086800,13137706
10-APR-2019,INE423A01024,ADANI ENTERPRISES LIMITED,ADANIENT,55169320,46392000,6018854
10-APR-2019,INE742F01042,ADANI PORT & SEZ LTD,ADANIPORTS,156144401,22810000,125527180
10-APR-2019,INE031B01049,AJANTA PHARMA LIMITED,AJANTPHARM,5196948,900500,4036600
10-APR-2019,INE428A01015,ALLAHABAD BANK,ALBK,50696289,31161000,17000474
10-APR-2019,INE885A01032,AMARA RAJA BATTERIES LTD.,AMARAJABAT,16377009,3266900,12291258
10-APR-2019,INE079A01024,AMBUJA CEMENTS LTD,AMBUJACEM,144327988,25177500,111934088
10-APR-2019,INE437A01024,APOLLO HOSPITALS ENTER. L,APOLLOHOSP,18254499,1467500,15874274
10-APR-2019,INE438A01022,APOLLO TYRES LTD,APOLLOTYRE,67723169,13584000,50753010
10-APR-2019,INE034A01011,ARVIND LIMITED,ARVIND,29429703,6430000,21528217
10-APR-2019,INE208A01029,ASHOK LEYLAND LTD,ASHOKLEY,286973403,105652000,166972732
10-APR-2019,INE021A01026,ASIAN PAINTS LIMITED,ASIANPAINT,90562661,7514400,78520127
10-APR-2019,INE406A01037,AUROBINDO PHARMA LTD,AUROPHARMA,56396335,18993000,34583518
10-APR-2019,INE238A01034,AXIS BANK LIMITED,AXISBANK,380572741,42766800,318777303
10-APR-2019,INE917I01010,BAJAJ AUTO LIMITED,BAJAJ-AUTO,29341807,4155250,23719466
10-APR-2019,INE918I01018,BAJAJ FINSERV LTD.,BAJAJFINSV,13248060,827250,11758407
10-APR-2019,INE296A01024,BAJAJ FINANCE LIMITED,BAJFINANCE,51558770,6622250,42358581
10-APR-2019,INE787D01026,BALKRISHNA IND. LTD,BALKRISIND,16124234,2222400,13095622
10-APR-2019,INE028A01039,BANK OF BARODA,BANKBARODA,191844279,73376000,108876065
10-APR-2019,INE084A01016,BANK OF INDIA,BANKINDIA,58936059,33672000,22317256
10-APR-2019,INE176A01028,BATA INDIA LTD,BATAINDIA,12092405,2614150,8873634
10-APR-2019,INE263A01024,BHARAT ELECTRONICS LTD,BEL,185506537,50274000,125957210
10-APR-2019,INE258A01016,BEML LIMITED,BEML,3828900,2230200,1407255
10-APR-2019,INE463A01038,BERGER PAINTS (I) LTD,BERGEPAINT,48578062,3493600,42655558
10-APR-2019,INE180K01011,BHARAT FIN INCLUSION LTD,BHARATFIN,27585244,4387000,21818981
10-APR-2019,INE465A01025,BHARAT FORGE LTD,BHARATFORG,50501678,10238400,37738194
10-APR-2019,INE397D01024,BHARTI AIRTEL LIMITED,BHARTIARTL,262428715,39346500,209960779
10-APR-2019,INE257A01026,BHEL,BHEL,256482590,88935000,154723460
10-APR-2019,INE376G01013,BIOCON LIMITED.,BIOCON,45649210,6812100,36554649
10-APR-2019,INE323A01026,BOSCH LIMITED,BOSCHLTD,1737683,155040,1495758
10-APR-2019,INE029A01011,BHARAT PETROLEUM CORP  LT,BPCL,199861375,16268400,173599906
10-APR-2019,INE216A01030,BRITANNIA INDUSTRIES LTD,BRITANNIA,23714500,2379400,20149375
10-APR-2019,INE836A01035,BIRLASOFT LIMITED,BSOFT,30868887,4286250,25039192
10-APR-2019,INE010B01027,CADILA HEALTHCARE LIMITED,CADILAHC,51610474,12265600,36764350
10-APR-2019,INE476A01014,CANARA BANK,CANBK,40260000,15336000,22911000
10-APR-2019,INE477A01020,CAN FIN HOMES LTD,CANFINHOME,18644752,4440600,13271914
10-APR-2019,INE172A01027,CASTROL INDIA LIMITED,CASTROLIND,96933993,8952200,83135093
10-APR-2019,INE482A01020,CEAT LIMITED,CEATLTD,3966064,1536400,2231360
10-APR-2019,INE055A01016,CENTURY TEXTILES LTD,CENTURYTEX,11123542,4630800,5936564
10-APR-2019,INE486A01013,CESC LTD,CESC,13275380,1864500,10747111
10-APR-2019,INE067A01029,CG POWER AND IND SOL LTD,CGPOWER,82103824,31872000,46126632
10-APR-2019,INE178A01016,CHENNAI PETROLEUM CORP LT,CHENNPETRO,9742660,1227600,8027927
10-APR-2019,INE121A01016,CHOLAMANDALAM IN & FIN CO,CHOLAFIN,14677911,679500,13264515
10-APR-2019,INE059A01026,CIPLA LTD,CIPLA,101917315,13162000,83659449
10-APR-2019,INE522F01014,COAL INDIA LTD,COALINDIA,336345332,37994000,281534065
10-APR-2019,INE259A01022,COLGATE PALMOLIVE LTD.,COLPAL,26654592,2055200,23266662
10-APR-2019,INE111A01025,CONTAINER CORP OF IND LTD,CONCOR,55081874,1673973,50653807
10-APR-2019,INE298A01020,CUMMINS INDIA LTD,CUMMINSIND,27165463,1717800,24089389
10-APR-2019,INE016A01026,DABUR INDIA LTD,DABUR,113438092,16611250,91154937
10-APR-2019,INE503A01015,DCB BANK LIMITED,DCBBANK,52620094,7875000,42114089
10-APR-2019,INE202B01012,DEWAN HOUSING FIN CORP LT,DHFL,38154662,33507000,2739928
10-APR-2019,INE836F01026,DISH TV INDIA LTD.,DISHTV,144254920,77536000,59506174
10-APR-2019,INE361B01024,DIVI'S LABORATORIES LTD,DIVISLAB,25478844,3146400,21058501
10-APR-2019,INE089A01023,DR. REDDY'S LABORATORIES,DRREDDY,24280052,4530750,18535299
10-APR-2019,INE066A01013,EICHER MOTORS LTD,EICHERMOT,2763845,546475,2079177
10-APR-2019,INE510A01028,ENGINEERS INDIA LTD,ENGINERSIN,60644337,12271300,45340820
10-APR-2019,INE988K01017,EQUITAS HOLDINGS LIMITED,EQUITAS,68261466,13088000,51760392
10-APR-2019,INE042A01014,ESCORTS INDIA LTD,ESCORTS,14689242,5398800,8555979
10-APR-2019,INE302A01020,EXIDE INDUSTRIES LTD,EXIDEIND,91809066,11450000,75768612
10-APR-2019,INE171A01029,FEDERAL BANK LTD,FEDERALBNK,390687191,79275000,291877831
10-APR-2019,INE129A01019,GAIL (INDIA) LTD,GAIL,208101824,15735300,181961432
10-APR-2019,INE935A01035,GLENMARK PHARMACEUTICALS,GLENMARK,30167759,4415000,24244371
10-APR-2019,INE776C01039,GMR INFRASTRUCTURE LTD.,GMRINFRA,441771144,247455000,172227586
10-APR-2019,INE260B01028,GODFREY PHILLIPS INDIA LT,GODFRYPHLP,2891826,749000,1998234
10-APR-2019,INE102D01028,GODREJ CONSUMER PRODUCTS,GODREJCP,75135570,6796800,64581991
10-APR-2019,INE233A01035,GODREJ INDUSTRIES LTD,GODREJIND,26013156,1398000,23314498
10-APR-2019,INE047A01021,GRASIM INDUSTRIES LTD,GRASIM,78447148,12399750,62125040
10-APR-2019,INE026A01025,GUJ STATE FERT & CHEM LTD,GSFC,49535525,12215300,34843448
10-APR-2019,INE176B01034,HAVELLS INDIA LIMITED,HAVELLS,50509139,4960000,43023682
10-APR-2019,INE860A01027,HCL TECHNOLOGIES LTD,HCLTECH,108488721,9382100,93682184
10-APR-2019,INE001A01036,HDFC LTD,HDFC,331028275,29042000,285434861
10-APR-2019,INE040A01026,HDFC BANK LTD,HDFCBANK,322340063,17312500,288910559
10-APR-2019,INE158A01026,HERO MOTOCORP LIMITED,HEROMOTOCO,26110651,4213600,20591518
10-APR-2019,INE093A01033,HEXAWARE TECHNOLOGIES LTD,HEXAWARE,22208479,4023000,17075055
10-APR-2019,INE038A01020,HINDALCO  INDUSTRIES  LTD,HINDALCO,292540128,44138500,233774621
10-APR-2019,INE094A01015,HINDUSTAN PETROLEUM CORP,HINDPETRO,304764525,19964700,269561598
10-APR-2019,INE030A01027,HINDUSTAN UNILEVER LTD.,HINDUNILVR,142047217,13996800,120948056
10-APR-2019,INE267A01025,HINDUSTAN ZINC LIMITED,HINDZINC,296432938,5155200,276456091
10-APR-2019,INE148I01020,INDIABULLS HSG FIN LTD,IBULHSGFIN,66523910,29277500,33920214
10-APR-2019,INE090A01021,ICICI BANK LTD.,ICICIBANK,967259346,135432000,783464378
10-APR-2019,INE726G01019,ICICI PRU LIFE INS CO LTD,ICICIPRULI,61178818,9999000,48120877
10-APR-2019,INE669E01016,VODAFONE IDEA LIMITED,IDEA,829391834,639670128,148252114
10-APR-2019,INE043D01016,IDFC LIMITED,IDFC,319271663,100808400,202499679
10-APR-2019,INE092T01019,IDFC FIRST BANK LIMITED,IDFCFIRSTB,573782582,153252000,391841452
10-APR-2019,INE039A01010,IFCI LTD,IFCI,147807447,78960000,61457074
10-APR-2019,INE203G01027,INDRAPRASTHA GAS LTD,IGL,77000080,5381750,67768326
10-APR-2019,INE383A01012,THE INDIA CEMENTS LIMITED,INDIACEM,44246369,31671000,10363050
10-APR-2019,INE562A01011,INDIAN BANK,INDIANB,17549476,4474000,12198002
10-APR-2019,INE646L01027,INTERGLOBE AVIATION LTD,INDIGO,19270843,3255600,15051700
10-APR-2019,INE095A01012,INDUSIND BANK LIMITED,INDUSINDBK,89434622,8252100,76710790
10-APR-2019,INE483S01020,INFIBEAM AVENUES LIMITED,INFIBEAM,81413204,18232000,59110543
10-APR-2019,INE121J01017,BHARTI INFRATEL LTD.,INFRATEL,171832533,7170000,156070906
10-APR-2019,INE009A01021,INFOSYS LIMITED,INFY,757551164,62419200,657254405
10-APR-2019,INE242A01010,INDIAN OIL CORP LTD,IOC,868368232,66923500,758026320
10-APR-2019,INE821I01014,IRB INFRA DEV LTD.,IRB,29847479,12870400,15484705
10-APR-2019,INE154A01025,ITC LTD,ITC,2445238781,80539200,2242437641
10-APR-2019,INE749A01030,JINDAL STEEL & POWER LTD,JINDALSTEL,80029268,30474000,45553804
10-APR-2019,INE175A01038,JAIN IRRIGATION SYSTEMS,JISLJALEQS,63596288,41544000,18872473
10-APR-2019,INE019A01038,JSW STEEL LIMITED,JSWSTEEL,274637182,45160500,215744822
10-APR-2019,INE797F01012,JUBILANT FOODWORKS LTD,JUBLFOOD,14455140,4277500,9454883
10-APR-2019,INE599M01018,JUSTDIAL LTD.,JUSTDIAL,8550030,5167400,2955128
10-APR-2019,INE217B01036,KAJARIA CERAMICS LTD,KAJARIACER,16664813,2052700,13778872
10-APR-2019,INE237A01028,KOTAK MAHINDRA BANK LTD,KOTAKBANK,267015629,13590400,240074447
10-APR-2019,INE455I01029,KAVERI SEED CO. LTD.,KSCL,5669882,1177500,4208887
10-APR-2019,INE614B01018,KARNATAKA BANK LIMITED,KTKBANK,56521559,19909200,33786281
10-APR-2019,INE498L01015,L&T FINANCE HOLDINGS LTD,L&TFH,143962331,31270500,105493714
10-APR-2019,INE115A01026,LIC HOUSING FINANCE LTD,LICHSGFIN,60244101,9011200,48220695
10-APR-2019,INE018A01030,LARSEN & TOUBRO LTD.,LT,275535867,13067625,248691448
10-APR-2019,INE326A01037,LUPIN LIMITED,LUPIN,47971947,11578700,33994649
10-APR-2019,INE101A01026,MAHINDRA & MAHINDRA LTD,M&M,173623634,23088000,141854452
10-APR-2019,INE774D01024,M&M FIN. SERVICES LTD,M&MFIN,59712403,12647500,44079282
10-APR-2019,INE522D01027,MANAPPURAM FINANCE LTD,MANAPPURAM,109330743,11556000,92308205
10-APR-2019,INE196A01026,MARICO LIMITED,MARICO,103836709,7662200,90982673
10-APR-2019,INE585B01010,MARUTI SUZUKI INDIA LTD.,MARUTI,26458324,4189725,20945682
10-APR-2019,INE854D01024,UNITED SPIRITS LIMITED,MCDOWELL-N,62845623,13710000,45993341
10-APR-2019,INE745G01035,MULTI COMMODITY EXCHANGE,MCX,10173586,2369500,7295406
10-APR-2019,INE180A01020,MAX FINANCIAL SERV LTD,MFSL,38534772,2054400,34553633
10-APR-2019,INE002S01010,MAHANAGAR GAS LTD.,MGL,11359449,660000,10131476
10-APR-2019,INE018I01017,MINDTREE LIMITED,MINDTREE,28409718,6664200,20325032
10-APR-2019,INE775A01035,MOTHERSON SUMI SYSTEMS LT,MOTHERSUMI,241729538,36531300,193111761
10-APR-2019,INE883A01011,MRF LTD,MRF,613765,33340,549736
10-APR-2019,INE103A01014,MRPL,MRPL,40018232,5649000,32368320
10-APR-2019,INE414G01012,MUTHOOT FINANCE LIMITED,MUTHOOTFIN,21223881,3334500,16828186
10-APR-2019,INE139A01034,NATIONAL ALUMINIUM CO LTD,NATIONALUM,161309931,50840000,102404434
10-APR-2019,INE095N01031,NBCC (INDIA) LIMITED,NBCC,105949489,57776000,42876014
10-APR-2019,INE868B01028,NCC LIMITED,NCC,98291337,51760000,41616770
10-APR-2019,INE239A01016,NESTLE INDIA LIMITED,NESTLEIND,7180127,336950,6484170
10-APR-2019,INE848E01016,NHPC LTD,NHPC,525836038,34101000,465443236
10-APR-2019,INE591G01017,NIIT TECHNOLOGIES LTD,NIITTECH,8557451,3799500,4330078
10-APR-2019,INE584A01023,NMDC LTD.,NMDC,169762789,23952000,137322649
10-APR-2019,INE733E01010,NTPC LTD,NTPC,866904097,84220800,739338092
10-APR-2019,INE881D01027,ORACLE FIN SERV SOFT LTD.,OFSS,4540712,299700,4013976
10-APR-2019,INE274J01014,OIL INDIA LTD,OIL,80148191,8494101,67646680
10-APR-2019,INE213A01029,OIL AND NATURAL GAS CORP.,ONGC,881795538,61683750,776022011
10-APR-2019,INE141A01014,ORIENTAL BANK OF COMMERCE,ORIENTBANK,28817691,19495000,7881806
10-APR-2019,INE761H01022,PAGE INDUSTRIES LTD,PAGEIND,1152956,100900,994408
10-APR-2019,INE140A01024,PIRAMAL ENTERPRISES LTD,PEL,18042791,3514072,13626579
10-APR-2019,INE347G01014,PETRONET LNG LIMITED,PETRONET,150000017,13053000,129447016
10-APR-2019,INE134E01011,POWER FIN CORP LTD.,PFC,203369978,41695000,151506479
10-APR-2019,INE318A01026,PIDILITE INDUSTRIES LTD,PIDILITIND,30719858,2716000,26467865
10-APR-2019,INE160A01022,PUNJAB NATIONAL BANK,PNB,208425616,146188000,51816335
10-APR-2019,INE752E01010,POWER GRID CORP. LTD.,POWERGRID,456842549,19904000,414096421
10-APR-2019,INE191H01014,PVR LIMITED,PVR,7454656,766800,6315123
10-APR-2019,INE331A01037,THE RAMCO CEMENTS LIMITED,RAMCOCEM,26974244,1696000,23929531
10-APR-2019,INE301A01014,RAYMOND LTD,RAYMOND,6775384,3912800,2523814
10-APR-2019,INE976G01028,RBL BANK LIMITED,RBLBANK,85086978,7676400,73156229
10-APR-2019,INE020B01018,REC LIMITED,RECLTD,186236520,44352000,132572694
10-APR-2019,INE013A01015,RELIANCE CAPITAL LTD,RELCAPITAL,23702036,15210000,7306934
10-APR-2019,INE002A01018,RELIANCE INDUSTRIES LTD,RELIANCE,654841181,66224500,555874621
10-APR-2019,INE036A01016,RELIANCE INFRASTRUCTU LTD,RELINFRA,26054178,17990700,6760769
10-APR-2019,INE612J01015,REPCO HOME FINANCE LTD,REPCOHOME,7866151,1194600,6278243
10-APR-2019,INE114A01011,STEEL AUTHORITY OF INDIA,SAIL,206528041,131052000,65149638
10-APR-2019,INE062A01020,STATE BANK OF INDIA,SBIN,729782012,139767000,553525911
10-APR-2019,INE070A01015,SHREE CEMENT LIMITED,SHREECEM,2453485,89450,2241360
10-APR-2019,INE003A01024,SIEMENS LTD,SIEMENS,17806068,1860100,15055664
10-APR-2019,INE683A01023,THE SOUTH INDIAN BANK LTD,SOUTHBANK,361928764,180187617,163644708
10-APR-2019,INE647A01010,SRF LTD,SRF,5468800,1504500,3690860
10-APR-2019,INE721A01013,SHRIRAM TRANSPORT FIN CO.,SRTRANSFIN,33541942,3964800,27900044
10-APR-2019,INE939A01011,STRIDES PHARMA SCI LTD,STAR,12395780,3539800,8236191
10-APR-2019,INE044A01036,SUN PHARMACEUTICAL IND L,SUNPHARMA,218894578,58549700,149400149
10-APR-2019,INE424H01027,SUN TV NETWORK LIMITED,SUNTV,19704232,8419000,10300020
10-APR-2019,INE040H01021,SUZLON ENERGY LIMITED,SUZLON,851741765,383116000,426038676
10-APR-2019,INE667A01018,SYNDICATE BANK,SYNDIBANK,76346533,38535000,33994206
10-APR-2019,INE092A01019,TATA CHEMICALS LTD,TATACHEM,35345667,4328250,29250133
10-APR-2019,INE151A01013,TATA COMMUNICATIONS LTD,TATACOMM,14258524,2694000,10851597
10-APR-2019,INE670A01012,TATA ELXSI LIMITED,TATAELXSI,6904235,1737200,4821823
10-APR-2019,INE192A01025,TATA GLOBAL BEVERAGES LTD,TATAGLOBAL,82732329,15779250,62816462
10-APR-2019,INE155A01022,TATA MOTORS LIMITED,TATAMOTORS,362219126,123838000,220270169
10-APR-2019,IN9155A01020,TATA MOTORS DVR 'A' ORD,TATAMTRDVR,101602140,40743600,55778433
10-APR-2019,INE245A01021,TATA POWER CO LTD,TATAPOWER,362445856,81972000,262351563
10-APR-2019,INE081A01012,TATA STEEL LIMITED,TATASTEEL,161060422,40993857,112013543
10-APR-2019,INE467B01029,TATA CONSULTANCY SERV LT,TCS,209768541,20277000,179003113
10-APR-2019,INE669C01036,TECH MAHINDRA LIMITED,TECHM,125642015,16297200,103062714
10-APR-2019,INE280A01028,TITAN COMPANY LIMITED,TITAN,83616848,12916500,66519505
10-APR-2019,INE685A01028,TORRENT PHARMACEUTICALS L,TORNTPHARM,9731600,877000,8368020
10-APR-2019,INE813H01021,TORRENT POWER LTD,TORNTPOWER,44634693,3177000,39225958
10-APR-2019,INE886H01027,TV18 BROADCAST LIMITED,TV18BRDCST,129899100,77233000,46171145
10-APR-2019,INE494B01023,TVS MOTOR COMPANY  LTD,TVSMOTOR,40480865,6565000,31891821
10-APR-2019,INE686F01025,UNITED BREWERIES LTD,UBL,22357672,2708300,18531488
10-APR-2019,INE334L01012,UJJIVAN FIN. SERVC. LTD.,UJJIVAN,24224375,4726400,18286756
10-APR-2019,INE481G01011,ULTRATECH CEMENT LIMITED,ULTRACEMCO,21003731,2322000,17631544
10-APR-2019,INE692A01016,UNION BANK OF INDIA,UNIONBANK,76131760,43876000,28449172
10-APR-2019,INE628A01036,UPL LIMITED,UPL,73388208,15654000,54064797
10-APR-2019,INE205A01025,VEDANTA LIMITED,VEDL,367715829,40286800,309043237
10-APR-2019,INE951I01027,V-GUARD IND LTD.,VGUARD,30594810,3816000,25249069
10-APR-2019,INE226A01021,VOLTAS LTD,VOLTAS,46126252,6888000,36931939
10-APR-2019,INE075A01022,WIPRO LTD,WIPRO,304757941,41392000,248128043
10-APR-2019,INE528G01027,YES BANK LIMITED,YESBANK,370789950,168336000,183914452
10-APR-2019,INE256A01028,ZEE ENTERTAINMENT ENT LTD,ZEEL,112141257,25710100,80824094
