Date, ISIN, Scrip Name, NSE Symbol, MWPL, Open Interest, Limit for Next Day
06-FEB-2020,INE528G01027,YES BANK LIMITED,YESBANK,467596261,442261600,No Fresh Positions
06-FEB-2020,INE012A01025,ACC LIMITED,ACC,17078410,5620000,10604489
06-FEB-2020,INE423A01024,ADANI ENTERPRISES LIMITED,ADANIENT,55169320,38128000,14282854
06-FEB-2020,INE742F01042,ADANI PORT & SEZ LTD,ADANIPORTS,152550487,33187500,111735462
06-FEB-2020,INE814H01011,ADANI POWER LTD,ADANIPOWER,193065274,81460000,101952010
06-FEB-2020,INE885A01032,AMARA RAJA BATTERIES LTD.,AMARAJABAT,24576009,1882400,21464808
06-FEB-2020,INE079A01024,AMBUJA CEMENTS LTD,AMBUJACEM,144729497,34597500,102895522
06-FEB-2020,INE437A01024,APOLLO HOSPITALS ENTER. L,APOLLOHOSP,19254499,2123500,16168274
06-FEB-2020,INE438A01022,APOLLO TYRES LTD,APOLLOTYRE,67612169,20286000,43945560
06-FEB-2020,INE208A01029,ASHOK LEYLAND LTD,ASHOKLEY,286973403,93080000,179544732
06-FEB-2020,INE021A01026,ASIAN PAINTS LIMITED,ASIANPAINT,90562642,9120600,76913909
06-FEB-2020,INE406A01037,AUROBINDO PHARMA LTD,AUROPHARMA,56402535,17622000,35960408
06-FEB-2020,INE238A01034,AXIS BANK LIMITED,AXISBANK,453270749,60474000,370133211
06-FEB-2020,INE917I01010,BAJAJ AUTO LIMITED,BAJAJ-AUTO,26897583,2474750,23077953
06-FEB-2020,INE918I01018,BAJAJ FINSERV LTD.,BAJAJFINSV,12463989,1313500,10527289
06-FEB-2020,INE296A01024,BAJAJ FINANCE LIMITED,BAJFINANCE,52403424,8656250,41127002
06-FEB-2020,INE787D01026,BALKRISHNA IND. LTD,BALKRISIND,16124234,1732000,13586022
06-FEB-2020,INE028A01039,BANK OF BARODA,BANKBARODA,238001693,101995200,124106408
06-FEB-2020,INE176A01028,BATA INDIA LTD,BATAINDIA,12092405,3095400,8392384
06-FEB-2020,INE263A01024,BHARAT ELECTRONICS LTD,BEL,217969737,83538000,123533250
06-FEB-2020,INE463A01038,BERGER PAINTS (I) LTD,BERGEPAINT,48580015,10472000,35679014
06-FEB-2020,INE465A01025,BHARAT FORGE LTD,BHARATFORG,50505198,8437000,39542938
06-FEB-2020,INE397D01024,BHARTI AIRTEL LIMITED,BHARTIARTL,447133046,68359281,356417112
06-FEB-2020,INE257A01026,BHEL,BHEL,256482590,124956000,118702460
06-FEB-2020,INE376G01013,BIOCON LIMITED.,BIOCON,91358374,16960200,69830255
06-FEB-2020,INE323A01026,BOSCH LIMITED,BOSCHLTD,1737683,150120,1500678
06-FEB-2020,INE029A01011,BHARAT PETROLEUM CORP  LT,BPCL,204013830,34365600,159447538
06-FEB-2020,INE216A01030,BRITANNIA INDUSTRIES LTD,BRITANNIA,23743860,2512200,20044467
06-FEB-2020,INE010B01027,CADILA HEALTHCARE LIMITED,CADILAHC,51441633,11132000,37737551
06-FEB-2020,INE476A01014,CANARA BANK,CANBK,40260000,30877600,7369400
06-FEB-2020,INE055A01016,CENTURY TEXTILES LTD,CENTURYTEX,11123542,5444400,5122964
06-FEB-2020,INE486A01013,CESC LTD,CESC,13276966,1752800,10860317
06-FEB-2020,INE121A01024,CHOLAMANDALAM IN & FIN CO,CHOLAFIN,73594677,7565000,62349943
06-FEB-2020,INE059A01026,CIPLA LTD,CIPLA,102029332,18025100,78902765
06-FEB-2020,INE522F01014,COAL INDIA LTD,COALINDIA,381504943,94689000,267740695
06-FEB-2020,INE259A01022,COLGATE PALMOLIVE LTD.,COLPAL,26654592,3630200,21691662
06-FEB-2020,INE111A01025,CONTAINER CORP OF IND LTD,CONCOR,55081874,5989416,46338364
06-FEB-2020,INE298A01020,CUMMINS INDIA LTD,CUMMINSIND,27165463,2525400,23281789
06-FEB-2020,INE016A01026,DABUR INDIA LTD,DABUR,113507443,15288750,92543320
06-FEB-2020,INE361B01024,DIVI'S LABORATORIES LTD,DIVISLAB,25485844,2092000,22119551
06-FEB-2020,INE271C01023,DLF LIMITED,DLF,124016568,49275600,68540139
06-FEB-2020,INE089A01023,DR. REDDY'S LABORATORIES,DRREDDY,24261734,3335500,19713147
06-FEB-2020,INE066A01013,EICHER MOTORS LTD,EICHERMOT,2769587,372300,2258807
06-FEB-2020,INE988K01017,EQUITAS HOLDINGS LIMITED,EQUITAS,68357849,25127200,39812756
06-FEB-2020,INE042A01014,ESCORTS INDIA LTD,ESCORTS,14033737,8495300,4836750
06-FEB-2020,INE302A01020,EXIDE INDUSTRIES LTD,EXIDEIND,91809066,18087300,69131312
06-FEB-2020,INE171A01029,FEDERAL BANK LTD,FEDERALBNK,391810603,70721000,301499072
06-FEB-2020,INE129A01019,GAIL (INDIA) LTD,GAIL,428666171,61506354,345726508
06-FEB-2020,INE935A01035,GLENMARK PHARMACEUTICALS,GLENMARK,30143046,9697800,18938093
06-FEB-2020,INE776C01039,GMR INFRASTRUCTURE LTD.,GMRINFRA,439450504,208080000,209397978
06-FEB-2020,INE102D01028,GODREJ CONSUMER PRODUCTS,GODREJCP,75164423,6654400,64751801
06-FEB-2020,INE047A01021,GRASIM INDUSTRIES LTD,GRASIM,78516765,24923250,49667676
06-FEB-2020,INE176B01034,HAVELLS INDIA LIMITED,HAVELLS,50571276,8373000,39669712
06-FEB-2020,INE860A01027,HCL TECHNOLOGIES LTD,HCLTECH,217205954,25072600,181273056
06-FEB-2020,INE001A01036,HDFC LTD,HDFC,345805533,35879500,292635756
06-FEB-2020,INE040A01034,HDFC BANK LTD,HDFCBANK,656857136,37835000,586179279
06-FEB-2020,INE158A01026,HERO MOTOCORP LIMITED,HEROMOTOCO,26114231,5021400,19787119
06-FEB-2020,INE038A01020,HINDALCO  INDUSTRIES  LTD,HINDALCO,292428478,59720500,218086554
06-FEB-2020,INE094A01015,HINDUSTAN PETROLEUM CORP,HINDPETRO,148995450,23576700,117968977
06-FEB-2020,INE030A01027,HINDUSTAN UNILEVER LTD.,HINDUNILVR,142079839,12132900,122842947
06-FEB-2020,INE148I01020,INDIABULLS HSG FIN LTD,IBULHSGFIN,65274907,42692400,19318761
06-FEB-2020,INE090A01021,ICICI BANK LTD.,ICICIBANK,1021655289,119922000,850650524
06-FEB-2020,INE726G01019,ICICI PRU LIFE INS CO LTD,ICICIPRULI,71845901,12595500,55658105
06-FEB-2020,INE669E01016,VODAFONE IDEA LIMITED,IDEA,1606294231,656796000,869183519
06-FEB-2020,INE092T01019,IDFC FIRST BANK LIMITED,IDFCFIRSTB,574734964,280596000,265402215
06-FEB-2020,INE203G01027,INDRAPRASTHA GAS LTD,IGL,77000080,12980000,60170076
06-FEB-2020,INE646L01027,INTERGLOBE AVIATION LTD,INDIGO,19348731,4292700,14088594
06-FEB-2020,INE095A01012,INDUSIND BANK LIMITED,INDUSINDBK,107602564,18578000,83644435
06-FEB-2020,INE121J01017,BHARTI INFRATEL LTD.,INFRATEL,171858192,13758000,149507282
06-FEB-2020,INE009A01021,INFOSYS LIMITED,INFY,735916553,36846000,662274725
06-FEB-2020,INE242A01010,INDIAN OIL CORP LTD,IOC,913205148,75728000,791816890
06-FEB-2020,INE154A01025,ITC LTD,ITC,2454224491,195180000,2136333266
06-FEB-2020,INE749A01030,JINDAL STEEL & POWER LTD,JINDALSTEL,79976268,48705000,27272454
06-FEB-2020,INE019A01038,JSW STEEL LIMITED,JSWSTEEL,275809615,67024300,194994834
06-FEB-2020,INE797F01012,JUBILANT FOODWORKS LTD,JUBLFOOD,15273633,4238500,10271451
06-FEB-2020,INE599M01018,JUSTDIAL LTD.,JUSTDIAL,8699646,4816000,3448663
06-FEB-2020,INE237A01028,KOTAK MAHINDRA BANK LTD,KOTAKBANK,267713798,11191600,243136508
06-FEB-2020,INE498L01015,L&T FINANCE HOLDINGS LTD,L&TFH,144597551,41613600,95754073
06-FEB-2020,INE115A01026,LIC HOUSING FINANCE LTD,LICHSGFIN,60243601,18145400,39086020
06-FEB-2020,INE018A01030,LARSEN & TOUBRO LTD.,LT,276897514,26459625,236593013
06-FEB-2020,INE326A01037,LUPIN LIMITED,LUPIN,48067612,11452700,34211531
06-FEB-2020,INE101A01026,MAHINDRA & MAHINDRA LTD,M&M,179052689,24674000,145426054
06-FEB-2020,INE774D01024,M&M FIN. SERVICES LTD,M&MFIN,59818115,16107200,40720009
06-FEB-2020,INE522D01027,MANAPPURAM FINANCE LTD,MANAPPURAM,109764431,50964000,53312209
06-FEB-2020,INE196A01026,MARICO LIMITED,MARICO,104139567,18639400,80293188
06-FEB-2020,INE585B01010,MARUTI SUZUKI INDIA LTD.,MARUTI,26458324,4312000,20823407
06-FEB-2020,INE854D01024,UNITED SPIRITS LIMITED,MCDOWELL-N,62845623,15441250,44262091
06-FEB-2020,INE180A01020,MAX FINANCIAL SERV LTD,MFSL,38641175,6995300,29713816
06-FEB-2020,INE002S01010,MAHANAGAR GAS LTD.,MGL,13335005,3013200,9655054
06-FEB-2020,INE018I01017,MINDTREE LIMITED,MINDTREE,8604230,1215200,6958818
06-FEB-2020,INE775A01035,MOTHERSON SUMI SYSTEMS LT,MOTHERSUMI,241729538,24625000,205018061
06-FEB-2020,INE883A01011,MRF LTD,MRF,612642,20400,561609
06-FEB-2020,INE414G01012,MUTHOOT FINANCE LIMITED,MUTHOOTFIN,21300965,5941500,14294416
06-FEB-2020,INE139A01034,NATIONAL ALUMINIUM CO LTD,NATIONALUM,180964897,50134500,121782152
06-FEB-2020,INE868B01028,NCC LIMITED,NCC,98368941,69462000,23988493
06-FEB-2020,INE239A01016,NESTLE INDIA LIMITED,NESTLEIND,7180127,521450,6299670
06-FEB-2020,INE591G01017,NIIT TECHNOLOGIES LTD,NIITTECH,3735123,1090875,2457491
06-FEB-2020,INE584A01023,NMDC LTD.,NMDC,169762789,57150000,104124649
06-FEB-2020,INE733E01010,NTPC LTD,NTPC,907542167,180652800,681512258
06-FEB-2020,INE274J01014,OIL INDIA LTD,OIL,87686245,15999093,67302839
06-FEB-2020,INE213A01029,OIL AND NATURAL GAS CORP.,ONGC,936452540,149834500,739795413
06-FEB-2020,INE761H01022,PAGE INDUSTRIES LTD,PAGEIND,1152956,137825,957483
06-FEB-2020,INE140A01024,PIRAMAL ENTERPRISES LTD,PEL,22520608,5652228,15742349
06-FEB-2020,INE347G01014,PETRONET LNG LIMITED,PETRONET,150000017,19812000,122688016
06-FEB-2020,INE134E01011,POWER FIN CORP LTD.,PFC,232357926,46419400,174320629
06-FEB-2020,INE318A01026,PIDILITE INDUSTRIES LTD,PIDILITIND,30498689,2675500,26298254
06-FEB-2020,INE160A01022,PUNJAB NATIONAL BANK,PNB,226470953,167477400,47670005
06-FEB-2020,INE752E01010,POWER GRID CORP. LTD.,POWERGRID,471230235,93456000,354212723
06-FEB-2020,INE191H01014,PVR LIMITED,PVR,8373408,1476400,6478337
06-FEB-2020,INE331A01037,THE RAMCO CEMENTS LIMITED,RAMCOCEM,27013844,1880000,23783151
06-FEB-2020,INE976G01028,RBL BANK LIMITED,RBLBANK,97688022,20694000,72109620
06-FEB-2020,INE020B01018,REC LIMITED,RECLTD,187084550,37782000,139948322
06-FEB-2020,INE002A01018,RELIANCE INDUSTRIES LTD,RELIANCE,618845558,58179500,529723780
06-FEB-2020,INE114A01011,STEEL AUTHORITY OF INDIA,SAIL,206529370,121675000,74527901
06-FEB-2020,INE062A01020,STATE BANK OF INDIA,SBIN,745532789,198882000,509374149
06-FEB-2020,INE070A01015,SHREE CEMENT LIMITED,SHREECEM,2702190,165850,2401230
06-FEB-2020,INE003A01024,SIEMENS LTD,SIEMENS,17806068,2156550,14759214
06-FEB-2020,INE647A01010,SRF LTD,SRF,5480800,1394250,3812510
06-FEB-2020,INE721A01013,SHRIRAM TRANSPORT FIN CO.,SRTRANSFIN,33465550,6506400,25285872
06-FEB-2020,INE044A01036,SUN PHARMACEUTICAL IND L,SUNPHARMA,218055884,77362500,129790589
06-FEB-2020,INE424H01027,SUN TV NETWORK LIMITED,SUNTV,19704232,7803600,10915420
06-FEB-2020,INE092A01019,TATA CHEMICALS LTD,TATACHEM,35116539,5493600,27867112
06-FEB-2020,INE192A01025,TATA GLOBAL BEVERAGES LTD,TATAGLOBAL,82732329,23824800,54770912
06-FEB-2020,INE155A01022,TATA MOTORS LIMITED,TATAMOTORS,355884192,124867700,213222282
06-FEB-2020,INE245A01021,TATA POWER CO LTD,TATAPOWER,345072152,80514000,247304544
06-FEB-2020,INE081A01012,TATA STEEL LIMITED,TATASTEEL,161060679,36990000,116017645
06-FEB-2020,INE467B01029,TATA CONSULTANCY SERV LT,TCS,209768541,17402250,181877863
06-FEB-2020,INE669C01036,TECH MAHINDRA LIMITED,TECHM,123803094,16618800,100994139
06-FEB-2020,INE280A01028,TITAN COMPANY LIMITED,TITAN,83616848,13339500,66096505
06-FEB-2020,INE685A01028,TORRENT PHARMACEUTICALS L,TORNTPHARM,9731584,355000,8890004
06-FEB-2020,INE813H01021,TORRENT POWER LTD,TORNTPOWER,44634411,4884000,37518690
06-FEB-2020,INE494B01023,TVS MOTOR COMPANY  LTD,TVSMOTOR,40480865,6686550,31770271
06-FEB-2020,INE686F01025,UNITED BREWERIES LTD,UBL,22357672,2554300,18685488
06-FEB-2020,INE334L01012,UJJIVAN FIN. SERVC. LTD.,UJJIVAN,24313500,9831100,13266725
06-FEB-2020,INE481G01011,ULTRATECH CEMENT LIMITED,ULTRACEMCO,22937900,3050600,18740405
06-FEB-2020,INE628A01036,UPL LIMITED,UPL,110153252,17712900,86932689
06-FEB-2020,INE205A01025,VEDANTA LIMITED,VEDL,367715829,109735500,239594537
06-FEB-2020,INE226A01021,VOLTAS LTD,VOLTAS,46126252,5398000,38421939
06-FEB-2020,INE075A01022,WIPRO LTD,WIPRO,291744528,26460800,250696501
06-FEB-2020,INE256A01028,ZEE ENTERTAINMENT ENT LTD,ZEEL,182737530,42899500,130701153
