Date, ISIN, Scrip Name, NSE Symbol, MWPL, Open Interest, Limit for Next Day
22-Apr-19,INE814H01011,ADANI POWER LTD,ADANIPOWER,193065274,187220000,No Fresh Positions
22-Apr-19,INE271C01023,DLF LIMITED,DLF,89416568,97996600,No Fresh Positions
22-Apr-19,INE008A01015,IDBI BANK LIMITED,IDBI,39323831,33770000,No Fresh Positions
22-Apr-19,INE669E01016,VODAFONE IDEA LIMITED,IDEA,829391834,728062860,No Fresh Positions
22-Apr-19,INE802G01018,JET AIRWAYS (INDIA) LTD.,JETAIRWAYS,11132543,12817200,No Fresh Positions
22-Apr-19,INE785M01013,PC JEWELLER LTD,PCJEWELLER,33475537,31122000,No Fresh Positions
22-Apr-19,INE013A01015,RELIANCE CAPITAL LTD,RELCAPITAL,23702036,22881000,No Fresh Positions
22-Apr-19,INE012A01025,ACC LIMITED,ACC,17078428,3484000,12740506
22-Apr-19,INE423A01024,ADANI ENTERPRISES LIMITED,ADANIENT,55169320,47756000,4654854
22-Apr-19,INE742F01042,ADANI PORT & SEZ LTD,ADANIPORTS,156144401,22965000,125372180
22-Apr-19,INE031B01049,AJANTA PHARMA LIMITED,AJANTPHARM,5196948,856500,4080600
22-Apr-19,INE428A01015,ALLAHABAD BANK,ALBK,50696289,29900000,18261474
22-Apr-19,INE885A01032,AMARA RAJA BATTERIES LTD.,AMARAJABAT,16377009,2521400,13036758
22-Apr-19,INE079A01024,AMBUJA CEMENTS LTD,AMBUJACEM,144327988,24592500,112519088
22-Apr-19,INE437A01024,APOLLO HOSPITALS ENTER. L,APOLLOHOSP,18254499,1148000,16193774
22-Apr-19,INE438A01022,APOLLO TYRES LTD,APOLLOTYRE,67723169,15315000,49022010
22-Apr-19,INE034A01011,ARVIND LIMITED,ARVIND,29429703,6880000,21078217
22-Apr-19,INE208A01029,ASHOK LEYLAND LTD,ASHOKLEY,286973403,118856000,153768732
22-Apr-19,INE021A01026,ASIAN PAINTS LIMITED,ASIANPAINT,90562661,6781800,79252727
22-Apr-19,INE406A01037,AUROBINDO PHARMA LTD,AUROPHARMA,56396335,20329000,33247518
22-Apr-19,INE238A01034,AXIS BANK LIMITED,AXISBANK,380572741,47703600,313840503
22-Apr-19,INE917I01010,BAJAJ AUTO LIMITED,BAJAJ-AUTO,29341807,4389250,23485466
22-Apr-19,INE918I01018,BAJAJ FINSERV LTD.,BAJAJFINSV,13248060,894625,11691032
22-Apr-19,INE296A01024,BAJAJ FINANCE LIMITED,BAJFINANCE,51558770,6785750,42195081
22-Apr-19,INE787D01026,BALKRISHNA IND. LTD,BALKRISIND,16124234,1999200,13318822
22-Apr-19,INE028A01039,BANK OF BARODA,BANKBARODA,191844279,78780000,103472065
22-Apr-19,INE084A01016,BANK OF INDIA,BANKINDIA,58936059,40068000,15921256
22-Apr-19,INE176A01028,BATA INDIA LTD,BATAINDIA,12092405,2581700,8906084
22-Apr-19,INE263A01024,BHARAT ELECTRONICS LTD,BEL,185506537,56598000,119633210
22-Apr-19,INE258A01016,BEML LIMITED,BEML,3828900,2203600,1433855
22-Apr-19,INE463A01038,BERGER PAINTS (I) LTD,BERGEPAINT,48578062,3009600,43139558
22-Apr-19,INE180K01011,BHARAT FIN INCLUSION LTD,BHARATFIN,27585244,4808500,21397481
22-Apr-19,INE465A01025,BHARAT FORGE LTD,BHARATFORG,50501678,11625600,36350994
22-Apr-19,INE397D01024,BHARTI AIRTEL LIMITED,BHARTIARTL,285738559,48847890,222603741
22-Apr-19,INE257A01026,BHEL,BHEL,256482590,81907500,161750960
22-Apr-19,INE376G01013,BIOCON LIMITED.,BIOCON,45649210,8212500,35154249
22-Apr-19,INE323A01026,BOSCH LIMITED,BOSCHLTD,1737683,157350,1493448
22-Apr-19,INE029A01011,BHARAT PETROLEUM CORP  LT,BPCL,199861375,16194600,173673706
22-Apr-19,INE216A01030,BRITANNIA INDUSTRIES LTD,BRITANNIA,23714500,2253400,20275375
22-Apr-19,INE836A01035,BIRLASOFT LIMITED,BSOFT,30868887,3912750,25412692
22-Apr-19,INE010B01027,CADILA HEALTHCARE LIMITED,CADILAHC,51610474,13457600,35572350
22-Apr-19,INE476A01014,CANARA BANK,CANBK,40260000,16120000,22127000
22-Apr-19,INE477A01020,CAN FIN HOMES LTD,CANFINHOME,18644752,4410000,13302514
22-Apr-19,INE172A01027,CASTROL INDIA LIMITED,CASTROLIND,96933993,9067800,83019493
22-Apr-19,INE482A01020,CEAT LIMITED,CEATLTD,3966064,1768000,1999760
22-Apr-19,INE055A01016,CENTURY TEXTILES LTD,CENTURYTEX,11123542,4568400,5998964
22-Apr-19,INE486A01013,CESC LTD,CESC,13275380,1856800,10754811
22-Apr-19,INE067A01029,CG POWER AND IND SOL LTD,CGPOWER,82103824,34356000,43642632
22-Apr-19,INE178A01016,CHENNAI PETROLEUM CORP LT,CHENNPETRO,9742660,1425600,7829927
22-Apr-19,INE121A01016,CHOLAMANDALAM IN & FIN CO,CHOLAFIN,14677911,670500,13273515
22-Apr-19,INE059A01026,CIPLA LTD,CIPLA,101917315,14975000,81846449
22-Apr-19,INE522F01014,COAL INDIA LTD,COALINDIA,336345332,49016000,270512065
22-Apr-19,INE259A01022,COLGATE PALMOLIVE LTD.,COLPAL,26654592,2233700,23088162
22-Apr-19,INE111A01025,CONTAINER CORP OF IND LTD,CONCOR,55081874,2036589,50291191
22-Apr-19,INE298A01020,CUMMINS INDIA LTD,CUMMINSIND,27165463,2053100,23754089
22-Apr-19,INE016A01026,DABUR INDIA LTD,DABUR,113438092,16443750,91322437
22-Apr-19,INE503A01015,DCB BANK LIMITED,DCBBANK,52620094,11038500,38950589
22-Apr-19,INE202B01012,DEWAN HOUSING FIN CORP LT,DHFL,38154662,30591000,5655928
22-Apr-19,INE836F01026,DISH TV INDIA LTD.,DISHTV,144254920,80688000,56354174
22-Apr-19,INE361B01024,DIVI'S LABORATORIES LTD,DIVISLAB,25478844,3252800,20952101
22-Apr-19,INE089A01023,DR. REDDY'S LABORATORIES,DRREDDY,24280052,4385750,18680299
22-Apr-19,INE066A01013,EICHER MOTORS LTD,EICHERMOT,2763845,524550,2101102
22-Apr-19,INE510A01028,ENGINEERS INDIA LTD,ENGINERSIN,60644337,10983900,46628220
22-Apr-19,INE988K01017,EQUITAS HOLDINGS LIMITED,EQUITAS,68261466,12712000,52136392
22-Apr-19,INE042A01014,ESCORTS INDIA LTD,ESCORTS,14689242,4866400,9088379
22-Apr-19,INE302A01020,EXIDE INDUSTRIES LTD,EXIDEIND,91809066,11958000,75260612
22-Apr-19,INE171A01029,FEDERAL BANK LTD,FEDERALBNK,390687191,75404000,295748831
22-Apr-19,INE129A01019,GAIL (INDIA) LTD,GAIL,208101824,14164437,183532295
22-Apr-19,INE935A01035,GLENMARK PHARMACEUTICALS,GLENMARK,30167759,5001000,23658371
22-Apr-19,INE776C01039,GMR INFRASTRUCTURE LTD.,GMRINFRA,441771144,263520000,156162586
22-Apr-19,INE260B01028,GODFREY PHILLIPS INDIA LT,GODFRYPHLP,2891826,742700,2004534
22-Apr-19,INE102D01028,GODREJ CONSUMER PRODUCTS,GODREJCP,75135570,7230000,64148791
22-Apr-19,INE233A01035,GODREJ INDUSTRIES LTD,GODREJIND,26013156,1353000,23359498
22-Apr-19,INE047A01021,GRASIM INDUSTRIES LTD,GRASIM,78447148,11780250,62744540
22-Apr-19,INE026A01025,GUJ STATE FERT & CHEM LTD,GSFC,49535525,12610100,34448648
22-Apr-19,INE176B01034,HAVELLS INDIA LIMITED,HAVELLS,50509139,5842000,42141682
22-Apr-19,INE860A01027,HCL TECHNOLOGIES LTD,HCLTECH,108488721,9678200,93386084
22-Apr-19,INE001A01036,HDFC LTD,HDFC,331028275,31257000,283219861
22-Apr-19,INE040A01026,HDFC BANK LTD,HDFCBANK,322340063,19306500,286916559
22-Apr-19,INE158A01026,HERO MOTOCORP LIMITED,HEROMOTOCO,26110651,3517000,21288118
22-Apr-19,INE093A01033,HEXAWARE TECHNOLOGIES LTD,HEXAWARE,22208479,4777500,16320555
22-Apr-19,INE038A01020,HINDALCO  INDUSTRIES  LTD,HINDALCO,292540128,51159500,226753621
22-Apr-19,INE094A01015,HINDUSTAN PETROLEUM CORP,HINDPETRO,304764525,18839100,270687198
22-Apr-19,INE030A01027,HINDUSTAN UNILEVER LTD.,HINDUNILVR,142047217,13085400,121859456
22-Apr-19,INE267A01025,HINDUSTAN ZINC LIMITED,HINDZINC,296432938,5248000,276363291
22-Apr-19,INE148I01020,INDIABULLS HSG FIN LTD,IBULHSGFIN,66523910,28470000,34727714
22-Apr-19,INE090A01021,ICICI BANK LTD.,ICICIBANK,967259346,141803750,777092628
22-Apr-19,INE726G01019,ICICI PRU LIFE INS CO LTD,ICICIPRULI,61178818,9360000,48759877
22-Apr-19,INE043D01016,IDFC LIMITED,IDFC,319271663,102616800,200691279
22-Apr-19,INE092T01019,IDFC FIRST BANK LIMITED,IDFCFIRSTB,573782582,161796000,383297452
22-Apr-19,INE039A01010,IFCI LTD,IFCI,147807447,98105000,42312074
22-Apr-19,INE203G01027,INDRAPRASTHA GAS LTD,IGL,77000080,5417500,67732576
22-Apr-19,INE383A01012,THE INDIA CEMENTS LIMITED,INDIACEM,44246369,32116500,9917550
22-Apr-19,INE562A01011,INDIAN BANK,INDIANB,17549476,4646000,12026002
22-Apr-19,INE646L01027,INTERGLOBE AVIATION LTD,INDIGO,19270843,6051600,12255700
22-Apr-19,INE095A01012,INDUSIND BANK LIMITED,INDUSINDBK,89434622,8928300,76034590
22-Apr-19,INE483S01020,INFIBEAM AVENUES LIMITED,INFIBEAM,81413204,21764000,55578543
22-Apr-19,INE121J01017,BHARTI INFRATEL LTD.,INFRATEL,171832533,6640000,156600906
22-Apr-19,INE009A01021,INFOSYS LIMITED,INFY,757551164,78554400,641119205
22-Apr-19,INE242A01010,INDIAN OIL CORP LTD,IOC,868368232,68365500,756584320
22-Apr-19,INE821I01014,IRB INFRA DEV LTD.,IRB,29847479,12969600,15385505
22-Apr-19,INE154A01025,ITC LTD,ITC,2445238781,90775200,2232201641
22-Apr-19,INE749A01030,JINDAL STEEL & POWER LTD,JINDALSTEL,80029268,36229500,39798304
22-Apr-19,INE175A01038,JAIN IRRIGATION SYSTEMS,JISLJALEQS,63596288,39573000,20843473
22-Apr-19,INE019A01038,JSW STEEL LIMITED,JSWSTEEL,274637182,48288000,212617322
22-Apr-19,INE797F01012,JUBILANT FOODWORKS LTD,JUBLFOOD,14455140,4991000,8741383
22-Apr-19,INE599M01018,JUSTDIAL LTD.,JUSTDIAL,8550030,4876200,3246328
22-Apr-19,INE217B01036,KAJARIA CERAMICS LTD,KAJARIACER,16664813,1704300,14127272
22-Apr-19,INE237A01028,KOTAK MAHINDRA BANK LTD,KOTAKBANK,267015629,13433600,240231247
22-Apr-19,INE455I01029,KAVERI SEED CO. LTD.,KSCL,5669882,1086000,4300387
22-Apr-19,INE614B01018,KARNATAKA BANK LIMITED,KTKBANK,56521559,18259500,35435981
22-Apr-19,INE498L01015,L&T FINANCE HOLDINGS LTD,L&TFH,143962331,33975000,102789214
22-Apr-19,INE115A01026,LIC HOUSING FINANCE LTD,LICHSGFIN,60244101,10255300,46976595
22-Apr-19,INE018A01030,LARSEN & TOUBRO LTD.,LT,275535867,14409000,247350073
22-Apr-19,INE326A01037,LUPIN LIMITED,LUPIN,47971947,13549900,32023449
22-Apr-19,INE101A01026,MAHINDRA & MAHINDRA LTD,M&M,173623634,22566000,142376452
22-Apr-19,INE774D01024,M&M FIN. SERVICES LTD,M&MFIN,59712403,11815000,44911782
22-Apr-19,INE522D01027,MANAPPURAM FINANCE LTD,MANAPPURAM,109330743,12090000,91774205
22-Apr-19,INE196A01026,MARICO LIMITED,MARICO,103836709,7935200,90709673
22-Apr-19,INE585B01010,MARUTI SUZUKI INDIA LTD.,MARUTI,26458324,4097175,21038232
22-Apr-19,INE854D01024,UNITED SPIRITS LIMITED,MCDOWELL-N,62845623,13472500,46230841
22-Apr-19,INE745G01035,MULTI COMMODITY EXCHANGE,MCX,10173586,2199400,7465506
22-Apr-19,INE180A01020,MAX FINANCIAL SERV LTD,MFSL,38534772,2412000,34196033
22-Apr-19,INE002S01010,MAHANAGAR GAS LTD.,MGL,11359449,721800,10069676
22-Apr-19,INE018I01017,MINDTREE LIMITED,MINDTREE,28409718,6453000,20536232
22-Apr-19,INE775A01035,MOTHERSON SUMI SYSTEMS LT,MOTHERSUMI,241729538,37993350,191649711
22-Apr-19,INE883A01011,MRF LTD,MRF,613765,35350,547726
22-Apr-19,INE103A01014,MRPL,MRPL,40018232,5859000,32158320
22-Apr-19,INE414G01012,MUTHOOT FINANCE LIMITED,MUTHOOTFIN,21223881,2713500,17449186
22-Apr-19,INE139A01034,NATIONAL ALUMINIUM CO LTD,NATIONALUM,161309931,53864000,99380434
22-Apr-19,INE095N01031,NBCC (INDIA) LIMITED,NBCC,105949489,49632000,51020014
22-Apr-19,INE868B01028,NCC LIMITED,NCC,98291337,48576000,44800770
22-Apr-19,INE239A01016,NESTLE INDIA LIMITED,NESTLEIND,7180127,323900,6497220
22-Apr-19,INE848E01016,NHPC LTD,NHPC,525836038,38016000,461528236
22-Apr-19,INE591G01017,NIIT TECHNOLOGIES LTD,NIITTECH,8557451,3098250,5031328
22-Apr-19,INE584A01023,NMDC LTD.,NMDC,169762789,24924000,136350649
22-Apr-19,INE733E01010,NTPC LTD,NTPC,866904097,87768000,735790892
22-Apr-19,INE881D01027,ORACLE FIN SERV SOFT LTD.,OFSS,4540712,329400,3984276
22-Apr-19,INE274J01014,OIL INDIA LTD,OIL,80148191,8436318,67704463
22-Apr-19,INE213A01029,OIL AND NATURAL GAS CORP.,ONGC,881795538,67612500,770093261
22-Apr-19,INE141A01014,ORIENTAL BANK OF COMMERCE,ORIENTBANK,28817691,19194000,8182806
22-Apr-19,INE761H01022,PAGE INDUSTRIES LTD,PAGEIND,1152956,113200,982108
22-Apr-19,INE140A01024,PIRAMAL ENTERPRISES LTD,PEL,18042791,3981568,13159083
22-Apr-19,INE347G01014,PETRONET LNG LIMITED,PETRONET,150000017,11889000,130611016
22-Apr-19,INE134E01011,POWER FIN CORP LTD.,PFC,203369978,44137800,149063679
22-Apr-19,INE318A01026,PIDILITE INDUSTRIES LTD,PIDILITIND,30719858,3073000,26110865
22-Apr-19,INE160A01022,PUNJAB NATIONAL BANK,PNB,208425616,158494000,39510335
22-Apr-19,INE752E01010,POWER GRID CORP. LTD.,POWERGRID,456842549,23964000,410036421
22-Apr-19,INE191H01014,PVR LIMITED,PVR,7454656,1029600,6052323
22-Apr-19,INE331A01037,THE RAMCO CEMENTS LIMITED,RAMCOCEM,26974244,1621600,24003931
22-Apr-19,INE301A01014,RAYMOND LTD,RAYMOND,6775384,3860000,2576614
22-Apr-19,INE976G01028,RBL BANK LIMITED,RBLBANK,85086978,9984000,70848629
22-Apr-19,INE020B01018,REC LIMITED,RECLTD,186236520,41802000,135122694
22-Apr-19,INE002A01018,RELIANCE INDUSTRIES LTD,RELIANCE,654841181,75419500,546679621
22-Apr-19,INE036A01016,RELIANCE INFRASTRUCTU LTD,RELINFRA,26054178,19451900,5299569
22-Apr-19,INE612J01015,REPCO HOME FINANCE LTD,REPCOHOME,7866151,1240800,6232043
22-Apr-19,INE614G01033,RELIANCE POWER LTD.,RPOWER,140233556,120368000,12853878
22-Apr-19,INE114A01011,STEEL AUTHORITY OF INDIA,SAIL,206528041,149664000,46537638
22-Apr-19,INE062A01020,STATE BANK OF INDIA,SBIN,729782012,152952000,540340911
22-Apr-19,INE070A01015,SHREE CEMENT LIMITED,SHREECEM,2453485,99900,2230910
22-Apr-19,INE003A01024,SIEMENS LTD,SIEMENS,17806068,1477300,15438464
22-Apr-19,INE683A01023,THE SOUTH INDIAN BANK LTD,SOUTHBANK,361928764,181910949,161921376
22-Apr-19,INE647A01010,SRF LTD,SRF,5468800,1298500,3896860
22-Apr-19,INE721A01013,SHRIRAM TRANSPORT FIN CO.,SRTRANSFIN,33541942,3851400,28013444
22-Apr-19,INE939A01011,STRIDES PHARMA SCI LTD,STAR,12395780,3679500,8096491
22-Apr-19,INE044A01036,SUN PHARMACEUTICAL IND L,SUNPHARMA,218894578,61353600,146596249
22-Apr-19,INE424H01027,SUN TV NETWORK LIMITED,SUNTV,19704232,9012000,9707020
22-Apr-19,INE040H01021,SUZLON ENERGY LIMITED,SUZLON,851741765,400900000,408254676
22-Apr-19,INE667A01018,SYNDICATE BANK,SYNDIBANK,76346533,38805000,33724206
22-Apr-19,INE092A01019,TATA CHEMICALS LTD,TATACHEM,35345667,4140000,29438383
22-Apr-19,INE151A01013,TATA COMMUNICATIONS LTD,TATACOMM,14258524,2600000,10945597
22-Apr-19,INE670A01012,TATA ELXSI LIMITED,TATAELXSI,6904235,1886400,4672623
22-Apr-19,INE192A01025,TATA GLOBAL BEVERAGES LTD,TATAGLOBAL,82732329,17604000,60991712
22-Apr-19,INE155A01022,TATA MOTORS LIMITED,TATAMOTORS,362219126,126584000,217524169
22-Apr-19,IN9155A01020,TATA MOTORS DVR 'A' ORD,TATAMTRDVR,101602140,39915200,56606833
22-Apr-19,INE245A01021,TATA POWER CO LTD,TATAPOWER,362445856,84636000,259687563
22-Apr-19,INE081A01012,TATA STEEL LIMITED,TATASTEEL,161060422,41855389,111152011
22-Apr-19,INE467B01029,TATA CONSULTANCY SERV LT,TCS,209768541,23681500,175598613
22-Apr-19,INE669C01036,TECH MAHINDRA LIMITED,TECHM,125642015,14361600,104998314
22-Apr-19,INE280A01028,TITAN COMPANY LIMITED,TITAN,83616848,12204750,67231255
22-Apr-19,INE685A01028,TORRENT PHARMACEUTICALS L,TORNTPHARM,9731600,860000,8385020
22-Apr-19,INE813H01021,TORRENT POWER LTD,TORNTPOWER,44634693,3021000,39381958
22-Apr-19,INE886H01027,TV18 BROADCAST LIMITED,TV18BRDCST,129899100,92287000,31117145
22-Apr-19,INE494B01023,TVS MOTOR COMPANY  LTD,TVSMOTOR,40480865,7357000,31099821
22-Apr-19,INE686F01025,UNITED BREWERIES LTD,UBL,22357672,2432500,18807288
22-Apr-19,INE334L01012,UJJIVAN FIN. SERVC. LTD.,UJJIVAN,24224375,5148800,17864356
22-Apr-19,INE481G01011,ULTRATECH CEMENT LIMITED,ULTRACEMCO,21003731,2272200,17681344
22-Apr-19,INE692A01016,UNION BANK OF INDIA,UNIONBANK,76131760,45752000,26573172
22-Apr-19,INE628A01036,UPL LIMITED,UPL,73388208,15954000,53764797
22-Apr-19,INE205A01025,VEDANTA LIMITED,VEDL,367715829,49767400,299562637
22-Apr-19,INE951I01027,V-GUARD IND LTD.,VGUARD,30594810,4386000,24679069
22-Apr-19,INE226A01021,VOLTAS LTD,VOLTAS,46126252,6353000,37466939
22-Apr-19,INE075A01022,WIPRO LTD,WIPRO,304757941,68505600,221014443
22-Apr-19,INE049B01025,WOCKHARDT LIMITED,WOCKPHARMA,5740164,4711500,741655
22-Apr-19,INE528G01027,YES BANK LIMITED,YESBANK,370789950,196325500,155924952
22-Apr-19,INE256A01028,ZEE ENTERTAINMENT ENT LTD,ZEEL,112141257,25951900,80582294
