<?xml version="1.0" encoding="utf-8" ?>
<MWPL_Viols>
<MWPL>
	<Date>30-SEP-2019</Date>
	<ISIN>INE012A01025</ISIN>
	<Scrip_Name>ACC LIMITED</Scrip_Name>
	<NSE_Symbol>ACC</NSE_Symbol>
	<MWPL_Limit>17078428</MWPL_Limit>
	<Open_Interest>2239200</Open_Interest>
	<Limit_for_Next_Day>13985306</Limit_for_Next_Day>
</MWPL>
<MWPL>
	<Date>30-SEP-2019</Date>
	<ISIN>INE423A01024</ISIN>
	<Scrip_Name>ADANI ENTERPRISES LIMITED</Scrip_Name>
	<NSE_Symbol>ADANIENT</NSE_Symbol>
	<MWPL_Limit>55169320</MWPL_Limit>
	<Open_Interest>27132000</Open_Interest>
	<Limit_for_Next_Day>25278854</Limit_for_Next_Day>
</MWPL>
<MWPL>
	<Date>30-SEP-2019</Date>
	<ISIN>INE742F01042</ISIN>
	<Scrip_Name>ADANI PORT & SEZ LTD</Scrip_Name>
	<NSE_Symbol>ADANIPORTS</NSE_Symbol>
	<MWPL_Limit>156144401</MWPL_Limit>
	<Open_Interest>12997500</Open_Interest>
	<Limit_for_Next_Day>135339680</Limit_for_Next_Day>
</MWPL>
<MWPL>
	<Date>30-SEP-2019</Date>
	<ISIN>INE814H01011</ISIN>
	<Scrip_Name>ADANI POWER LTD</Scrip_Name>
	<NSE_Symbol>ADANIPOWER</NSE_Symbol>
	<MWPL_Limit>193065274</MWPL_Limit>
	<Open_Interest>102160000</Open_Interest>
	<Limit_for_Next_Day>81252010</Limit_for_Next_Day>
</MWPL>
<MWPL>
	<Date>30-SEP-2019</Date>
	<ISIN>INE885A01032</ISIN>
	<Scrip_Name>AMARA RAJA BATTERIES LTD.</Scrip_Name>
	<NSE_Symbol>AMARAJABAT</NSE_Symbol>
	<MWPL_Limit>24576009</MWPL_Limit>
	<Open_Interest>1768900</Open_Interest>
	<Limit_for_Next_Day>21578308</Limit_for_Next_Day>
</MWPL>
<MWPL>
	<Date>30-SEP-2019</Date>
	<ISIN>INE079A01024</ISIN>
	<Scrip_Name>AMBUJA CEMENTS LTD</Scrip_Name>
	<NSE_Symbol>AMBUJACEM</NSE_Symbol>
	<MWPL_Limit>144375452</MWPL_Limit>
	<Open_Interest>26037500</Open_Interest>
	<Limit_for_Next_Day>111119179</Limit_for_Next_Day>
</MWPL>
<MWPL>
	<Date>30-SEP-2019</Date>
	<ISIN>INE437A01024</ISIN>
	<Scrip_Name>APOLLO HOSPITALS ENTER. L</Scrip_Name>
	<NSE_Symbol>APOLLOHOSP</NSE_Symbol>
	<MWPL_Limit>18254499</MWPL_Limit>
	<Open_Interest>2048500</Open_Interest>
	<Limit_for_Next_Day>15293274</Limit_for_Next_Day>
</MWPL>
<MWPL>
	<Date>30-SEP-2019</Date>
	<ISIN>INE438A01022</ISIN>
	<Scrip_Name>APOLLO TYRES LTD</Scrip_Name>
	<NSE_Symbol>APOLLOTYRE</NSE_Symbol>
	<MWPL_Limit>67612169</MWPL_Limit>
	<Open_Interest>8574000</Open_Interest>
	<Limit_for_Next_Day>55657560</Limit_for_Next_Day>
</MWPL>
<MWPL>
	<Date>30-SEP-2019</Date>
	<ISIN>INE208A01029</ISIN>
	<Scrip_Name>ASHOK LEYLAND LTD</Scrip_Name>
	<NSE_Symbol>ASHOKLEY</NSE_Symbol>
	<MWPL_Limit>286973403</MWPL_Limit>
	<Open_Interest>97398000</Open_Interest>
	<Limit_for_Next_Day>175226732</Limit_for_Next_Day>
</MWPL>
<MWPL>
	<Date>30-SEP-2019</Date>
	<ISIN>INE021A01026</ISIN>
	<Scrip_Name>ASIAN PAINTS LIMITED</Scrip_Name>
	<NSE_Symbol>ASIANPAINT</NSE_Symbol>
	<MWPL_Limit>90562642</MWPL_Limit>
	<Open_Interest>9985800</Open_Interest>
	<Limit_for_Next_Day>76048709</Limit_for_Next_Day>
</MWPL>
<MWPL>
	<Date>30-SEP-2019</Date>
	<ISIN>INE406A01037</ISIN>
	<Scrip_Name>AUROBINDO PHARMA LTD</Scrip_Name>
	<NSE_Symbol>AUROPHARMA</NSE_Symbol>
	<MWPL_Limit>56397935</MWPL_Limit>
	<Open_Interest>16768000</Open_Interest>
	<Limit_for_Next_Day>36810038</Limit_for_Next_Day>
</MWPL>
<MWPL>
	<Date>30-SEP-2019</Date>
	<ISIN>INE238A01034</ISIN>
	<Scrip_Name>AXIS BANK LIMITED</Scrip_Name>
	<NSE_Symbol>AXISBANK</NSE_Symbol>
	<MWPL_Limit>408457435</MWPL_Limit>
	<Open_Interest>67554000</Open_Interest>
	<Limit_for_Next_Day>320480563</Limit_for_Next_Day>
</MWPL>
<MWPL>
	<Date>30-SEP-2019</Date>
	<ISIN>INE917I01010</ISIN>
	<Scrip_Name>BAJAJ AUTO LIMITED</Scrip_Name>
	<NSE_Symbol>BAJAJ-AUTO</NSE_Symbol>
	<MWPL_Limit>26897583</MWPL_Limit>
	<Open_Interest>2343750</Open_Interest>
	<Limit_for_Next_Day>23208953</Limit_for_Next_Day>
</MWPL>
<MWPL>
	<Date>30-SEP-2019</Date>
	<ISIN>INE918I01018</ISIN>
	<Scrip_Name>BAJAJ FINSERV LTD.</Scrip_Name>
	<NSE_Symbol>BAJAJFINSV</NSE_Symbol>
	<MWPL_Limit>12496712</MWPL_Limit>
	<Open_Interest>1153875</Open_Interest>
	<Limit_for_Next_Day>10718001</Limit_for_Next_Day>
</MWPL>
<MWPL>
	<Date>30-SEP-2019</Date>
	<ISIN>INE296A01024</ISIN>
	<Scrip_Name>BAJAJ FINANCE LIMITED</Scrip_Name>
	<NSE_Symbol>BAJFINANCE</NSE_Symbol>
	<MWPL_Limit>47918676</MWPL_Limit>
	<Open_Interest>8028500</Open_Interest>
	<Limit_for_Next_Day>37494242</Limit_for_Next_Day>
</MWPL>
<MWPL>
	<Date>30-SEP-2019</Date>
	<ISIN>INE787D01026</ISIN>
	<Scrip_Name>BALKRISHNA IND. LTD</Scrip_Name>
	<NSE_Symbol>BALKRISIND</NSE_Symbol>
	<MWPL_Limit>16124234</MWPL_Limit>
	<Open_Interest>1751200</Open_Interest>
	<Limit_for_Next_Day>13566822</Limit_for_Next_Day>
</MWPL>
<MWPL>
	<Date>30-SEP-2019</Date>
	<ISIN>INE028A01039</ISIN>
	<Scrip_Name>BANK OF BARODA</Scrip_Name>
	<NSE_Symbol>BANKBARODA</NSE_Symbol>
	<MWPL_Limit>236709448</MWPL_Limit>
	<Open_Interest>85639500</Open_Interest>
	<Limit_for_Next_Day>139234475</Limit_for_Next_Day>
</MWPL>
<MWPL>
	<Date>30-SEP-2019</Date>
	<ISIN>INE084A01016</ISIN>
	<Scrip_Name>BANK OF INDIA</Scrip_Name>
	<NSE_Symbol>BANKINDIA</NSE_Symbol>
	<MWPL_Limit>58936059</MWPL_Limit>
	<Open_Interest>33210000</Open_Interest>
	<Limit_for_Next_Day>22779256</Limit_for_Next_Day>
</MWPL>
<MWPL>
	<Date>30-SEP-2019</Date>
	<ISIN>INE176A01028</ISIN>
	<Scrip_Name>BATA INDIA LTD</Scrip_Name>
	<NSE_Symbol>BATAINDIA</NSE_Symbol>
	<MWPL_Limit>12092405</MWPL_Limit>
	<Open_Interest>3191100</Open_Interest>
	<Limit_for_Next_Day>8296684</Limit_for_Next_Day>
</MWPL>
<MWPL>
	<Date>30-SEP-2019</Date>
	<ISIN>INE263A01024</ISIN>
	<Scrip_Name>BHARAT ELECTRONICS LTD</Scrip_Name>
	<NSE_Symbol>BEL</NSE_Symbol>
	<MWPL_Limit>200653302</MWPL_Limit>
	<Open_Interest>25176000</Open_Interest>
	<Limit_for_Next_Day>165444636</Limit_for_Next_Day>
</MWPL>
<MWPL>
	<Date>30-SEP-2019</Date>
	<ISIN>INE463A01038</ISIN>
	<Scrip_Name>BERGER PAINTS (I) LTD</Scrip_Name>
	<NSE_Symbol>BERGEPAINT</NSE_Symbol>
	<MWPL_Limit>48562002</MWPL_Limit>
	<Open_Interest>5123800</Open_Interest>
	<Limit_for_Next_Day>41010101</Limit_for_Next_Day>
</MWPL>
<MWPL>
	<Date>30-SEP-2019</Date>
	<ISIN>INE465A01025</ISIN>
	<Scrip_Name>BHARAT FORGE LTD</Scrip_Name>
	<NSE_Symbol>BHARATFORG</NSE_Symbol>
	<MWPL_Limit>50505198</MWPL_Limit>
	<Open_Interest>8179200</Open_Interest>
	<Limit_for_Next_Day>39800738</Limit_for_Next_Day>
</MWPL>
<MWPL>
	<Date>30-SEP-2019</Date>
	<ISIN>INE397D01024</ISIN>
	<Scrip_Name>BHARTI AIRTEL LIMITED</Scrip_Name>
	<NSE_Symbol>BHARTIARTL</NSE_Symbol>
	<MWPL_Limit>382341918</MWPL_Limit>
	<Open_Interest>48316653</Open_Interest>
	<Limit_for_Next_Day>314908169</Limit_for_Next_Day>
</MWPL>
<MWPL>
	<Date>30-SEP-2019</Date>
	<ISIN>INE257A01026</ISIN>
	<Scrip_Name>BHEL</Scrip_Name>
	<NSE_Symbol>BHEL</NSE_Symbol>
	<MWPL_Limit>256482590</MWPL_Limit>
	<Open_Interest>66405000</Open_Interest>
	<Limit_for_Next_Day>177253460</Limit_for_Next_Day>
</MWPL>
<MWPL>
	<Date>30-SEP-2019</Date>
	<ISIN>INE376G01013</ISIN>
	<Scrip_Name>BIOCON LIMITED.</Scrip_Name>
	<NSE_Symbol>BIOCON</NSE_Symbol>
	<MWPL_Limit>91179410</MWPL_Limit>
	<Open_Interest>15321600</Open_Interest>
	<Limit_for_Next_Day>71298839</Limit_for_Next_Day>
</MWPL>
<MWPL>
	<Date>30-SEP-2019</Date>
	<ISIN>INE323A01026</ISIN>
	<Scrip_Name>BOSCH LIMITED</Scrip_Name>
	<NSE_Symbol>BOSCHLTD</NSE_Symbol>
	<MWPL_Limit>1737683</MWPL_Limit>
	<Open_Interest>157920</Open_Interest>
	<Limit_for_Next_Day>1492878</Limit_for_Next_Day>
</MWPL>
<MWPL>
	<Date>30-SEP-2019</Date>
	<ISIN>INE029A01011</ISIN>
	<Scrip_Name>BHARAT PETROLEUM CORP  LT</Scrip_Name>
	<NSE_Symbol>BPCL</NSE_Symbol>
	<MWPL_Limit>202631356</MWPL_Limit>
	<Open_Interest>30227400</Open_Interest>
	<Limit_for_Next_Day>162272388</Limit_for_Next_Day>
</MWPL>
<MWPL>
	<Date>30-SEP-2019</Date>
	<ISIN>INE216A01030</ISIN>
	<Scrip_Name>BRITANNIA INDUSTRIES LTD</Scrip_Name>
	<NSE_Symbol>BRITANNIA</NSE_Symbol>
	<MWPL_Limit>23714500</MWPL_Limit>
	<Open_Interest>2361600</Open_Interest>
	<Limit_for_Next_Day>20167175</Limit_for_Next_Day>
</MWPL>
<MWPL>
	<Date>30-SEP-2019</Date>
	<ISIN>INE010B01027</ISIN>
	<Scrip_Name>CADILA HEALTHCARE LIMITED</Scrip_Name>
	<NSE_Symbol>CADILAHC</NSE_Symbol>
	<MWPL_Limit>51610474</MWPL_Limit>
	<Open_Interest>10060800</Open_Interest>
	<Limit_for_Next_Day>38969150</Limit_for_Next_Day>
</MWPL>
<MWPL>
	<Date>30-SEP-2019</Date>
	<ISIN>INE476A01014</ISIN>
	<Scrip_Name>CANARA BANK</Scrip_Name>
	<NSE_Symbol>CANBK</NSE_Symbol>
	<MWPL_Limit>40260000</MWPL_Limit>
	<Open_Interest>18800000</Open_Interest>
	<Limit_for_Next_Day>19447000</Limit_for_Next_Day>
</MWPL>
<MWPL>
	<Date>30-SEP-2019</Date>
	<ISIN>INE172A01027</ISIN>
	<Scrip_Name>CASTROL INDIA LIMITED</Scrip_Name>
	<NSE_Symbol>CASTROLIND</NSE_Symbol>
	<MWPL_Limit>96933993</MWPL_Limit>
	<Open_Interest>6487200</Open_Interest>
	<Limit_for_Next_Day>85600093</Limit_for_Next_Day>
</MWPL>
<MWPL>
	<Date>30-SEP-2019</Date>
	<ISIN>INE055A01016</ISIN>
	<Scrip_Name>CENTURY TEXTILES LTD</Scrip_Name>
	<NSE_Symbol>CENTURYTEX</NSE_Symbol>
	<MWPL_Limit>11123542</MWPL_Limit>
	<Open_Interest>3388200</Open_Interest>
	<Limit_for_Next_Day>7179164</Limit_for_Next_Day>
</MWPL>
<MWPL>
	<Date>30-SEP-2019</Date>
	<ISIN>INE486A01013</ISIN>
	<Scrip_Name>CESC LTD</Scrip_Name>
	<NSE_Symbol>CESC</NSE_Symbol>
	<MWPL_Limit>13275380</MWPL_Limit>
	<Open_Interest>1857600</Open_Interest>
	<Limit_for_Next_Day>10754011</Limit_for_Next_Day>
</MWPL>
<MWPL>
	<Date>30-SEP-2019</Date>
	<ISIN>INE121A01024</ISIN>
	<Scrip_Name>CHOLAMANDALAM IN & FIN CO</Scrip_Name>
	<NSE_Symbol>CHOLAFIN</NSE_Symbol>
	<MWPL_Limit>73583339</MWPL_Limit>
	<Open_Interest>3247500</Open_Interest>
	<Limit_for_Next_Day>66656672</Limit_for_Next_Day>
</MWPL>
<MWPL>
	<Date>30-SEP-2019</Date>
	<ISIN>INE059A01026</ISIN>
	<Scrip_Name>CIPLA LTD</Scrip_Name>
	<NSE_Symbol>CIPLA</NSE_Symbol>
	<MWPL_Limit>101949498</MWPL_Limit>
	<Open_Interest>14920000</Open_Interest>
	<Limit_for_Next_Day>81932023</Limit_for_Next_Day>
</MWPL>
<MWPL>
	<Date>30-SEP-2019</Date>
	<ISIN>INE522F01014</ISIN>
	<Scrip_Name>COAL INDIA LTD</Scrip_Name>
	<NSE_Symbol>COALINDIA</NSE_Symbol>
	<MWPL_Limit>357942309</MWPL_Limit>
	<Open_Interest>41621800</Open_Interest>
	<Limit_for_Next_Day>298423393</Limit_for_Next_Day>
</MWPL>
<MWPL>
	<Date>30-SEP-2019</Date>
	<ISIN>INE259A01022</ISIN>
	<Scrip_Name>COLGATE PALMOLIVE LTD.</Scrip_Name>
	<NSE_Symbol>COLPAL</NSE_Symbol>
	<MWPL_Limit>26654592</MWPL_Limit>
	<Open_Interest>1608600</Open_Interest>
	<Limit_for_Next_Day>23713262</Limit_for_Next_Day>
</MWPL>
<MWPL>
	<Date>30-SEP-2019</Date>
	<ISIN>INE111A01025</ISIN>
	<Scrip_Name>CONTAINER CORP OF IND LTD</Scrip_Name>
	<NSE_Symbol>CONCOR</NSE_Symbol>
	<MWPL_Limit>55081874</MWPL_Limit>
	<Open_Interest>5289192</Open_Interest>
	<Limit_for_Next_Day>47038588</Limit_for_Next_Day>
</MWPL>
<MWPL>
	<Date>30-SEP-2019</Date>
	<ISIN>INE298A01020</ISIN>
	<Scrip_Name>CUMMINS INDIA LTD</Scrip_Name>
	<NSE_Symbol>CUMMINSIND</NSE_Symbol>
	<MWPL_Limit>27165463</MWPL_Limit>
	<Open_Interest>1687000</Open_Interest>
	<Limit_for_Next_Day>24120189</Limit_for_Next_Day>
</MWPL>
<MWPL>
	<Date>30-SEP-2019</Date>
	<ISIN>INE016A01026</ISIN>
	<Scrip_Name>DABUR INDIA LTD</Scrip_Name>
	<NSE_Symbol>DABUR</NSE_Symbol>
	<MWPL_Limit>113525799</MWPL_Limit>
	<Open_Interest>11768750</Open_Interest>
	<Limit_for_Next_Day>96080759</Limit_for_Next_Day>
</MWPL>
<MWPL>
	<Date>30-SEP-2019</Date>
	<ISIN>INE836F01026</ISIN>
	<Scrip_Name>DISH TV INDIA LTD.</Scrip_Name>
	<NSE_Symbol>DISHTV</NSE_Symbol>
	<MWPL_Limit>156447024</MWPL_Limit>
	<Open_Interest>114898000</Open_Interest>
	<Limit_for_Next_Day>33726672</Limit_for_Next_Day>
</MWPL>
<MWPL>
	<Date>30-SEP-2019</Date>
	<ISIN>INE361B01024</ISIN>
	<Scrip_Name>DIVI'S LABORATORIES LTD</Scrip_Name>
	<NSE_Symbol>DIVISLAB</NSE_Symbol>
	<MWPL_Limit>25479844</MWPL_Limit>
	<Open_Interest>2785200</Open_Interest>
	<Limit_for_Next_Day>21420651</Limit_for_Next_Day>
</MWPL>
<MWPL>
	<Date>30-SEP-2019</Date>
	<ISIN>INE271C01023</ISIN>
	<Scrip_Name>DLF LIMITED</Scrip_Name>
	<NSE_Symbol>DLF</NSE_Symbol>
	<MWPL_Limit>124016568</MWPL_Limit>
	<Open_Interest>54546800</Open_Interest>
	<Limit_for_Next_Day>63268939</Limit_for_Next_Day>
</MWPL>
<MWPL>
	<Date>30-SEP-2019</Date>
	<ISIN>INE089A01023</ISIN>
	<Scrip_Name>DR. REDDY'S LABORATORIES</Scrip_Name>
	<NSE_Symbol>DRREDDY</NSE_Symbol>
	<MWPL_Limit>24251642</MWPL_Limit>
	<Open_Interest>3951000</Open_Interest>
	<Limit_for_Next_Day>19088059</Limit_for_Next_Day>
</MWPL>
<MWPL>
	<Date>30-SEP-2019</Date>
	<ISIN>INE066A01013</ISIN>
	<Scrip_Name>EICHER MOTORS LTD</Scrip_Name>
	<NSE_Symbol>EICHERMOT</NSE_Symbol>
	<MWPL_Limit>2766505</MWPL_Limit>
	<Open_Interest>374450</Open_Interest>
	<Limit_for_Next_Day>2253729</Limit_for_Next_Day>
</MWPL>
<MWPL>
	<Date>30-SEP-2019</Date>
	<ISIN>INE988K01017</ISIN>
	<Scrip_Name>EQUITAS HOLDINGS LIMITED</Scrip_Name>
	<NSE_Symbol>EQUITAS</NSE_Symbol>
	<MWPL_Limit>68321579</MWPL_Limit>
	<Open_Interest>14748000</Open_Interest>
	<Limit_for_Next_Day>50157500</Limit_for_Next_Day>
</MWPL>
<MWPL>
	<Date>30-SEP-2019</Date>
	<ISIN>INE042A01014</ISIN>
	<Scrip_Name>ESCORTS INDIA LTD</Scrip_Name>
	<NSE_Symbol>ESCORTS</NSE_Symbol>
	<MWPL_Limit>14033737</MWPL_Limit>
	<Open_Interest>6428400</Open_Interest>
	<Limit_for_Next_Day>6903650</Limit_for_Next_Day>
</MWPL>
<MWPL>
	<Date>30-SEP-2019</Date>
	<ISIN>INE302A01020</ISIN>
	<Scrip_Name>EXIDE INDUSTRIES LTD</Scrip_Name>
	<NSE_Symbol>EXIDEIND</NSE_Symbol>
	<MWPL_Limit>91809066</MWPL_Limit>
	<Open_Interest>10574400</Open_Interest>
	<Limit_for_Next_Day>76644212</Limit_for_Next_Day>
</MWPL>
<MWPL>
	<Date>30-SEP-2019</Date>
	<ISIN>INE171A01029</ISIN>
	<Scrip_Name>FEDERAL BANK LTD</Scrip_Name>
	<NSE_Symbol>FEDERALBNK</NSE_Symbol>
	<MWPL_Limit>390378490</MWPL_Limit>
	<Open_Interest>54117000</Open_Interest>
	<Limit_for_Next_Day>316742565</Limit_for_Next_Day>
</MWPL>
<MWPL>
	<Date>30-SEP-2019</Date>
	<ISIN>INE129A01019</ISIN>
	<Scrip_Name>GAIL (INDIA) LTD</Scrip_Name>
	<NSE_Symbol>GAIL</NSE_Symbol>
	<MWPL_Limit>422844128</MWPL_Limit>
	<Open_Interest>47573946</Open_Interest>
	<Limit_for_Next_Day>354127975</Limit_for_Next_Day>
</MWPL>
<MWPL>
	<Date>30-SEP-2019</Date>
	<ISIN>INE935A01035</ISIN>
	<Scrip_Name>GLENMARK PHARMACEUTICALS</Scrip_Name>
	<NSE_Symbol>GLENMARK</NSE_Symbol>
	<MWPL_Limit>30149622</MWPL_Limit>
	<Open_Interest>6120000</Open_Interest>
	<Limit_for_Next_Day>22522140</Limit_for_Next_Day>
</MWPL>
<MWPL>
	<Date>30-SEP-2019</Date>
	<ISIN>INE776C01039</ISIN>
	<Scrip_Name>GMR INFRASTRUCTURE LTD.</Scrip_Name>
	<NSE_Symbol>GMRINFRA</NSE_Symbol>
	<MWPL_Limit>436550544</MWPL_Limit>
	<Open_Interest>178515000</Open_Interest>
	<Limit_for_Next_Day>236208016</Limit_for_Next_Day>
</MWPL>
<MWPL>
	<Date>30-SEP-2019</Date>
	<ISIN>INE102D01028</ISIN>
	<Scrip_Name>GODREJ CONSUMER PRODUCTS</Scrip_Name>
	<NSE_Symbol>GODREJCP</NSE_Symbol>
	<MWPL_Limit>75135565</MWPL_Limit>
	<Open_Interest>6121600</Open_Interest>
	<Limit_for_Next_Day>65257186</Limit_for_Next_Day>
</MWPL>
<MWPL>
	<Date>30-SEP-2019</Date>
	<ISIN>INE047A01021</ISIN>
	<Scrip_Name>GRASIM INDUSTRIES LTD</Scrip_Name>
	<NSE_Symbol>GRASIM</NSE_Symbol>
	<MWPL_Limit>78438787</MWPL_Limit>
	<Open_Interest>17675250</Open_Interest>
	<Limit_for_Next_Day>56841597</Limit_for_Next_Day>
</MWPL>
<MWPL>
	<Date>30-SEP-2019</Date>
	<ISIN>INE176B01034</ISIN>
	<Scrip_Name>HAVELLS INDIA LIMITED</Scrip_Name>
	<NSE_Symbol>HAVELLS</NSE_Symbol>
	<MWPL_Limit>50529718</MWPL_Limit>
	<Open_Interest>5748000</Open_Interest>
	<Limit_for_Next_Day>42255232</Limit_for_Next_Day>
</MWPL>
<MWPL>
	<Date>30-SEP-2019</Date>
	<ISIN>INE860A01027</ISIN>
	<Scrip_Name>HCL TECHNOLOGIES LTD</Scrip_Name>
	<NSE_Symbol>HCLTECH</NSE_Symbol>
	<MWPL_Limit>108492241</MWPL_Limit>
	<Open_Interest>11179700</Open_Interest>
	<Limit_for_Next_Day>91887928</Limit_for_Next_Day>
</MWPL>
<MWPL>
	<Date>30-SEP-2019</Date>
	<ISIN>INE001A01036</ISIN>
	<Scrip_Name>HDFC LTD</Scrip_Name>
	<NSE_Symbol>HDFC</NSE_Symbol>
	<MWPL_Limit>345061247</MWPL_Limit>
	<Open_Interest>42297000</Open_Interest>
	<Limit_for_Next_Day>285511184</Limit_for_Next_Day>
</MWPL>
<MWPL>
	<Date>30-SEP-2019</Date>
	<ISIN>INE040A01034</ISIN>
	<Scrip_Name>HDFC BANK LTD</Scrip_Name>
	<NSE_Symbol>HDFCBANK</NSE_Symbol>
	<MWPL_Limit>654576630</MWPL_Limit>
	<Open_Interest>44846500</Open_Interest>
	<Limit_for_Next_Day>577001298</Limit_for_Next_Day>
</MWPL>
<MWPL>
	<Date>30-SEP-2019</Date>
	<ISIN>INE158A01026</ISIN>
	<Scrip_Name>HERO MOTOCORP LIMITED</Scrip_Name>
	<NSE_Symbol>HEROMOTOCO</NSE_Symbol>
	<MWPL_Limit>26112160</MWPL_Limit>
	<Open_Interest>3205200</Open_Interest>
	<Limit_for_Next_Day>21601352</Limit_for_Next_Day>
</MWPL>
<MWPL>
	<Date>30-SEP-2019</Date>
	<ISIN>INE093A01033</ISIN>
	<Scrip_Name>HEXAWARE TECHNOLOGIES LTD</Scrip_Name>
	<NSE_Symbol>HEXAWARE</NSE_Symbol>
	<MWPL_Limit>22338852</MWPL_Limit>
	<Open_Interest>2433000</Open_Interest>
	<Limit_for_Next_Day>18788909</Limit_for_Next_Day>
</MWPL>
<MWPL>
	<Date>30-SEP-2019</Date>
	<ISIN>INE038A01020</ISIN>
	<Scrip_Name>HINDALCO  INDUSTRIES  LTD</Scrip_Name>
	<NSE_Symbol>HINDALCO</NSE_Symbol>
	<MWPL_Limit>292389538</MWPL_Limit>
	<Open_Interest>40103000</Open_Interest>
	<Limit_for_Next_Day>237667061</Limit_for_Next_Day>
</MWPL>
<MWPL>
	<Date>30-SEP-2019</Date>
	<ISIN>INE094A01015</ISIN>
	<Scrip_Name>HINDUSTAN PETROLEUM CORP</Scrip_Name>
	<NSE_Symbol>HINDPETRO</NSE_Symbol>
	<MWPL_Limit>148995450</MWPL_Limit>
	<Open_Interest>24271800</Open_Interest>
	<Limit_for_Next_Day>117273877</Limit_for_Next_Day>
</MWPL>
<MWPL>
	<Date>30-SEP-2019</Date>
	<ISIN>INE030A01027</ISIN>
	<Scrip_Name>HINDUSTAN UNILEVER LTD.</Scrip_Name>
	<NSE_Symbol>HINDUNILVR</NSE_Symbol>
	<MWPL_Limit>142077635</MWPL_Limit>
	<Open_Interest>9076500</Open_Interest>
	<Limit_for_Next_Day>125897253</Limit_for_Next_Day>
</MWPL>
<MWPL>
	<Date>30-SEP-2019</Date>
	<ISIN>INE148I01020</ISIN>
	<Scrip_Name>INDIABULLS HSG FIN LTD</Scrip_Name>
	<NSE_Symbol>IBULHSGFIN</NSE_Symbol>
	<MWPL_Limit>66606515</MWPL_Limit>
	<Open_Interest>31462400</Open_Interest>
	<Limit_for_Next_Day>31813789</Limit_for_Next_Day>
</MWPL>
<MWPL>
	<Date>30-SEP-2019</Date>
	<ISIN>INE090A01021</ISIN>
	<Scrip_Name>ICICI BANK LTD.</Scrip_Name>
	<NSE_Symbol>ICICIBANK</NSE_Symbol>
	<MWPL_Limit>981703509</MWPL_Limit>
	<Open_Interest>101693625</Open_Interest>
	<Limit_for_Next_Day>830924708</Limit_for_Next_Day>
</MWPL>
<MWPL>
	<Date>30-SEP-2019</Date>
	<ISIN>INE726G01019</ISIN>
	<Scrip_Name>ICICI PRU LIFE INS CO LTD</Scrip_Name>
	<NSE_Symbol>ICICIPRULI</NSE_Symbol>
	<MWPL_Limit>71843339</MWPL_Limit>
	<Open_Interest>7335000</Open_Interest>
	<Limit_for_Next_Day>60916172</Limit_for_Next_Day>
</MWPL>
<MWPL>
	<Date>30-SEP-2019</Date>
	<ISIN>INE669E01016</ISIN>
	<Scrip_Name>VODAFONE IDEA LIMITED</Scrip_Name>
	<NSE_Symbol>IDEA</NSE_Symbol>
	<MWPL_Limit>1633625320</MWPL_Limit>
	<Open_Interest>775320000</Open_Interest>
	<Limit_for_Next_Day>776624054</Limit_for_Next_Day>
</MWPL>
<MWPL>
	<Date>30-SEP-2019</Date>
	<ISIN>INE092T01019</ISIN>
	<Scrip_Name>IDFC FIRST BANK LIMITED</Scrip_Name>
	<NSE_Symbol>IDFCFIRSTB</NSE_Symbol>
	<MWPL_Limit>573897255</MWPL_Limit>
	<Open_Interest>262092000</Open_Interest>
	<Limit_for_Next_Day>283110392</Limit_for_Next_Day>
</MWPL>
<MWPL>
	<Date>30-SEP-2019</Date>
	<ISIN>INE203G01027</ISIN>
	<Scrip_Name>INDRAPRASTHA GAS LTD</Scrip_Name>
	<NSE_Symbol>IGL</NSE_Symbol>
	<MWPL_Limit>77000080</MWPL_Limit>
	<Open_Interest>3990250</Open_Interest>
	<Limit_for_Next_Day>69159826</Limit_for_Next_Day>
</MWPL>
<MWPL>
	<Date>30-SEP-2019</Date>
	<ISIN>INE646L01027</ISIN>
	<Scrip_Name>INTERGLOBE AVIATION LTD</Scrip_Name>
	<NSE_Symbol>INDIGO</NSE_Symbol>
	<MWPL_Limit>19320836</MWPL_Limit>
	<Open_Interest>4022400</Open_Interest>
	<Limit_for_Next_Day>14332394</Limit_for_Next_Day>
</MWPL>
<MWPL>
	<Date>30-SEP-2019</Date>
	<ISIN>INE095A01012</ISIN>
	<Scrip_Name>INDUSIND BANK LIMITED</Scrip_Name>
	<NSE_Symbol>INDUSINDBK</NSE_Symbol>
	<MWPL_Limit>107539864</MWPL_Limit>
	<Open_Interest>15437600</Open_Interest>
	<Limit_for_Next_Day>86725270</Limit_for_Next_Day>
</MWPL>
<MWPL>
	<Date>30-SEP-2019</Date>
	<ISIN>INE121J01017</ISIN>
	<Scrip_Name>BHARTI INFRATEL LTD.</Scrip_Name>
	<NSE_Symbol>INFRATEL</NSE_Symbol>
	<MWPL_Limit>171839583</MWPL_Limit>
	<Open_Interest>7206000</Open_Interest>
	<Limit_for_Next_Day>156041603</Limit_for_Next_Day>
</MWPL>
<MWPL>
	<Date>30-SEP-2019</Date>
	<ISIN>INE009A01021</ISIN>
	<Scrip_Name>INFOSYS LIMITED</Scrip_Name>
	<NSE_Symbol>INFY</NSE_Symbol>
	<MWPL_Limit>742953135</MWPL_Limit>
	<Open_Interest>55418400</Open_Interest>
	<Limit_for_Next_Day>650387078</Limit_for_Next_Day>
</MWPL>
<MWPL>
	<Date>30-SEP-2019</Date>
	<ISIN>INE242A01010</ISIN>
	<Scrip_Name>INDIAN OIL CORP LTD</Scrip_Name>
	<NSE_Symbol>IOC</NSE_Symbol>
	<MWPL_Limit>900401892</MWPL_Limit>
	<Open_Interest>56700000</Open_Interest>
	<Limit_for_Next_Day>798681797</Limit_for_Next_Day>
</MWPL>
<MWPL>
	<Date>30-SEP-2019</Date>
	<ISIN>INE154A01025</ISIN>
	<Scrip_Name>ITC LTD</Scrip_Name>
	<NSE_Symbol>ITC</NSE_Symbol>
	<MWPL_Limit>2447598336</MWPL_Limit>
	<Open_Interest>130896000</Open_Interest>
	<Limit_for_Next_Day>2194322419</Limit_for_Next_Day>
</MWPL>
<MWPL>
	<Date>30-SEP-2019</Date>
	<ISIN>INE749A01030</ISIN>
	<Scrip_Name>JINDAL STEEL & POWER LTD</Scrip_Name>
	<NSE_Symbol>JINDALSTEL</NSE_Symbol>
	<MWPL_Limit>79976268</MWPL_Limit>
	<Open_Interest>43977600</Open_Interest>
	<Limit_for_Next_Day>31999854</Limit_for_Next_Day>
</MWPL>
<MWPL>
	<Date>30-SEP-2019</Date>
	<ISIN>INE019A01038</ISIN>
	<Scrip_Name>JSW STEEL LIMITED</Scrip_Name>
	<NSE_Symbol>JSWSTEEL</NSE_Symbol>
	<MWPL_Limit>276036208</MWPL_Limit>
	<Open_Interest>58596000</Open_Interest>
	<Limit_for_Next_Day>203638397</Limit_for_Next_Day>
</MWPL>
<MWPL>
	<Date>30-SEP-2019</Date>
	<ISIN>INE797F01012</ISIN>
	<Scrip_Name>JUBILANT FOODWORKS LTD</Scrip_Name>
	<NSE_Symbol>JUBLFOOD</NSE_Symbol>
	<MWPL_Limit>15270639</MWPL_Limit>
	<Open_Interest>2577000</Open_Interest>
	<Limit_for_Next_Day>11930107</Limit_for_Next_Day>
</MWPL>
<MWPL>
	<Date>30-SEP-2019</Date>
	<ISIN>INE599M01018</ISIN>
	<Scrip_Name>JUSTDIAL LTD.</Scrip_Name>
	<NSE_Symbol>JUSTDIAL</NSE_Symbol>
	<MWPL_Limit>8570213</MWPL_Limit>
	<Open_Interest>2630600</Open_Interest>
	<Limit_for_Next_Day>5511102</Limit_for_Next_Day>
</MWPL>
<MWPL>
	<Date>30-SEP-2019</Date>
	<ISIN>INE237A01028</ISIN>
	<Scrip_Name>KOTAK MAHINDRA BANK LTD</Scrip_Name>
	<NSE_Symbol>KOTAKBANK</NSE_Symbol>
	<MWPL_Limit>267374153</MWPL_Limit>
	<Open_Interest>9242800</Open_Interest>
	<Limit_for_Next_Day>244762645</Limit_for_Next_Day>
</MWPL>
<MWPL>
	<Date>30-SEP-2019</Date>
	<ISIN>INE498L01015</ISIN>
	<Scrip_Name>L&T FINANCE HOLDINGS LTD</Scrip_Name>
	<NSE_Symbol>L&TFH</NSE_Symbol>
	<MWPL_Limit>144402931</MWPL_Limit>
	<Open_Interest>54108000</Open_Interest>
	<Limit_for_Next_Day>83074784</Limit_for_Next_Day>
</MWPL>
<MWPL>
	<Date>30-SEP-2019</Date>
	<ISIN>INE115A01026</ISIN>
	<Scrip_Name>LIC HOUSING FINANCE LTD</Scrip_Name>
	<NSE_Symbol>LICHSGFIN</NSE_Symbol>
	<MWPL_Limit>60244101</MWPL_Limit>
	<Open_Interest>14181200</Open_Interest>
	<Limit_for_Next_Day>43050695</Limit_for_Next_Day>
</MWPL>
<MWPL>
	<Date>30-SEP-2019</Date>
	<ISIN>INE018A01030</ISIN>
	<Scrip_Name>LARSEN & TOUBRO LTD.</Scrip_Name>
	<NSE_Symbol>LT</NSE_Symbol>
	<MWPL_Limit>276079893</MWPL_Limit>
	<Open_Interest>14943000</Open_Interest>
	<Limit_for_Next_Day>247332898</Limit_for_Next_Day>
</MWPL>
<MWPL>
	<Date>30-SEP-2019</Date>
	<ISIN>INE326A01037</ISIN>
	<Scrip_Name>LUPIN LIMITED</Scrip_Name>
	<NSE_Symbol>LUPIN</NSE_Symbol>
	<MWPL_Limit>48009022</MWPL_Limit>
	<Open_Interest>8633100</Open_Interest>
	<Limit_for_Next_Day>36975470</Limit_for_Next_Day>
</MWPL>
<MWPL>
	<Date>30-SEP-2019</Date>
	<ISIN>INE101A01026</ISIN>
	<Scrip_Name>MAHINDRA & MAHINDRA LTD</Scrip_Name>
	<NSE_Symbol>M&M</NSE_Symbol>
	<MWPL_Limit>179047984</MWPL_Limit>
	<Open_Interest>24390000</Open_Interest>
	<Limit_for_Next_Day>145705584</Limit_for_Next_Day>
</MWPL>
<MWPL>
	<Date>30-SEP-2019</Date>
	<ISIN>INE774D01024</ISIN>
	<Scrip_Name>M&M FIN. SERVICES LTD</Scrip_Name>
	<NSE_Symbol>M&MFIN</NSE_Symbol>
	<MWPL_Limit>59739145</MWPL_Limit>
	<Open_Interest>15427500</Open_Interest>
	<Limit_for_Next_Day>41324687</Limit_for_Next_Day>
</MWPL>
<MWPL>
	<Date>30-SEP-2019</Date>
	<ISIN>INE522D01027</ISIN>
	<Scrip_Name>MANAPPURAM FINANCE LTD</Scrip_Name>
	<NSE_Symbol>MANAPPURAM</NSE_Symbol>
	<MWPL_Limit>109401942</MWPL_Limit>
	<Open_Interest>17766000</Open_Interest>
	<Limit_for_Next_Day>86165844</Limit_for_Next_Day>
</MWPL>
<MWPL>
	<Date>30-SEP-2019</Date>
	<ISIN>INE196A01026</ISIN>
	<Scrip_Name>MARICO LIMITED</Scrip_Name>
	<NSE_Symbol>MARICO</NSE_Symbol>
	<MWPL_Limit>103826001</MWPL_Limit>
	<Open_Interest>12227800</Open_Interest>
	<Limit_for_Next_Day>86406900</Limit_for_Next_Day>
</MWPL>
<MWPL>
	<Date>30-SEP-2019</Date>
	<ISIN>INE585B01010</ISIN>
	<Scrip_Name>MARUTI SUZUKI INDIA LTD.</Scrip_Name>
	<NSE_Symbol>MARUTI</NSE_Symbol>
	<MWPL_Limit>26458324</MWPL_Limit>
	<Open_Interest>3448575</Open_Interest>
	<Limit_for_Next_Day>21686832</Limit_for_Next_Day>
</MWPL>
<MWPL>
	<Date>30-SEP-2019</Date>
	<ISIN>INE854D01024</ISIN>
	<Scrip_Name>UNITED SPIRITS LIMITED</Scrip_Name>
	<NSE_Symbol>MCDOWELL-N</NSE_Symbol>
	<MWPL_Limit>62845623</MWPL_Limit>
	<Open_Interest>11346250</Open_Interest>
	<Limit_for_Next_Day>48357091</Limit_for_Next_Day>
</MWPL>
<MWPL>
	<Date>30-SEP-2019</Date>
	<ISIN>INE180A01020</ISIN>
	<Scrip_Name>MAX FINANCIAL SERV LTD</Scrip_Name>
	<NSE_Symbol>MFSL</NSE_Symbol>
	<MWPL_Limit>38619025</MWPL_Limit>
	<Open_Interest>3656400</Open_Interest>
	<Limit_for_Next_Day>33031673</Limit_for_Next_Day>
</MWPL>
<MWPL>
	<Date>30-SEP-2019</Date>
	<ISIN>INE002S01010</ISIN>
	<Scrip_Name>MAHANAGAR GAS LTD.</Scrip_Name>
	<NSE_Symbol>MGL</NSE_Symbol>
	<MWPL_Limit>11359449</MWPL_Limit>
	<Open_Interest>1804800</Open_Interest>
	<Limit_for_Next_Day>8986676</Limit_for_Next_Day>
</MWPL>
<MWPL>
	<Date>30-SEP-2019</Date>
	<ISIN>INE018I01017</ISIN>
	<Scrip_Name>MINDTREE LIMITED</Scrip_Name>
	<NSE_Symbol>MINDTREE</NSE_Symbol>
	<MWPL_Limit>28428381</MWPL_Limit>
	<Open_Interest>1479600</Open_Interest>
	<Limit_for_Next_Day>25527361</Limit_for_Next_Day>
</MWPL>
<MWPL>
	<Date>30-SEP-2019</Date>
	<ISIN>INE775A01035</ISIN>
	<Scrip_Name>MOTHERSON SUMI SYSTEMS LT</Scrip_Name>
	<NSE_Symbol>MOTHERSUMI</NSE_Symbol>
	<MWPL_Limit>241729538</MWPL_Limit>
	<Open_Interest>32646900</Open_Interest>
	<Limit_for_Next_Day>196996161</Limit_for_Next_Day>
</MWPL>
<MWPL>
	<Date>30-SEP-2019</Date>
	<ISIN>INE883A01011</ISIN>
	<Scrip_Name>MRF LTD</Scrip_Name>
	<NSE_Symbol>MRF</NSE_Symbol>
	<MWPL_Limit>613041</MWPL_Limit>
	<Open_Interest>20710</Open_Interest>
	<Limit_for_Next_Day>561678</Limit_for_Next_Day>
</MWPL>
<MWPL>
	<Date>30-SEP-2019</Date>
	<ISIN>INE414G01012</ISIN>
	<Scrip_Name>MUTHOOT FINANCE LIMITED</Scrip_Name>
	<NSE_Symbol>MUTHOOTFIN</NSE_Symbol>
	<MWPL_Limit>21247704</MWPL_Limit>
	<Open_Interest>2058000</Open_Interest>
	<Limit_for_Next_Day>18127318</Limit_for_Next_Day>
</MWPL>
<MWPL>
	<Date>30-SEP-2019</Date>
	<ISIN>INE139A01034</ISIN>
	<Scrip_Name>NATIONAL ALUMINIUM CO LTD</Scrip_Name>
	<NSE_Symbol>NATIONALUM</NSE_Symbol>
	<MWPL_Limit>179107196</MWPL_Limit>
	<Open_Interest>38950000</Open_Interest>
	<Limit_for_Next_Day>131201836</Limit_for_Next_Day>
</MWPL>
<MWPL>
	<Date>30-SEP-2019</Date>
	<ISIN>INE095N01031</ISIN>
	<Scrip_Name>NBCC (INDIA) LIMITED</Scrip_Name>
	<NSE_Symbol>NBCC</NSE_Symbol>
	<MWPL_Limit>114538273</MWPL_Limit>
	<Open_Interest>34620500</Open_Interest>
	<Limit_for_Next_Day>74190859</Limit_for_Next_Day>
</MWPL>
<MWPL>
	<Date>30-SEP-2019</Date>
	<ISIN>INE868B01028</ISIN>
	<Scrip_Name>NCC LIMITED</Scrip_Name>
	<NSE_Symbol>NCC</NSE_Symbol>
	<MWPL_Limit>98294611</MWPL_Limit>
	<Open_Interest>59792000</Open_Interest>
	<Limit_for_Next_Day>33587880</Limit_for_Next_Day>
</MWPL>
<MWPL>
	<Date>30-SEP-2019</Date>
	<ISIN>INE239A01016</ISIN>
	<Scrip_Name>NESTLE INDIA LIMITED</Scrip_Name>
	<NSE_Symbol>NESTLEIND</NSE_Symbol>
	<MWPL_Limit>7180127</MWPL_Limit>
	<Open_Interest>559100</Open_Interest>
	<Limit_for_Next_Day>6262020</Limit_for_Next_Day>
</MWPL>
<MWPL>
	<Date>30-SEP-2019</Date>
	<ISIN>INE591G01017</ISIN>
	<Scrip_Name>NIIT TECHNOLOGIES LTD</Scrip_Name>
	<NSE_Symbol>NIITTECH</NSE_Symbol>
	<MWPL_Limit>8173711</MWPL_Limit>
	<Open_Interest>799500</Open_Interest>
	<Limit_for_Next_Day>6965525</Limit_for_Next_Day>
</MWPL>
<MWPL>
	<Date>30-SEP-2019</Date>
	<ISIN>INE584A01023</ISIN>
	<Scrip_Name>NMDC LTD.</Scrip_Name>
	<NSE_Symbol>NMDC</NSE_Symbol>
	<MWPL_Limit>169762789</MWPL_Limit>
	<Open_Interest>34776000</Open_Interest>
	<Limit_for_Next_Day>126498649</Limit_for_Next_Day>
</MWPL>
<MWPL>
	<Date>30-SEP-2019</Date>
	<ISIN>INE733E01010</ISIN>
	<Scrip_Name>NTPC LTD</Scrip_Name>
	<NSE_Symbol>NTPC</NSE_Symbol>
	<MWPL_Limit>862678001</MWPL_Limit>
	<Open_Interest>76392000</Open_Interest>
	<Limit_for_Next_Day>743152100</Limit_for_Next_Day>
</MWPL>
<MWPL>
	<Date>30-SEP-2019</Date>
	<ISIN>INE274J01014</ISIN>
	<Scrip_Name>OIL INDIA LTD</Scrip_Name>
	<NSE_Symbol>OIL</NSE_Symbol>
	<MWPL_Limit>83251980</MWPL_Limit>
	<Open_Interest>10003257</Open_Interest>
	<Limit_for_Next_Day>69086124</Limit_for_Next_Day>
</MWPL>
<MWPL>
	<Date>30-SEP-2019</Date>
	<ISIN>INE213A01029</ISIN>
	<Scrip_Name>OIL AND NATURAL GAS CORP.</Scrip_Name>
	<NSE_Symbol>ONGC</NSE_Symbol>
	<MWPL_Limit>899518757</MWPL_Limit>
	<Open_Interest>70713750</Open_Interest>
	<Limit_for_Next_Day>783829069</Limit_for_Next_Day>
</MWPL>
<MWPL>
	<Date>30-SEP-2019</Date>
	<ISIN>INE761H01022</ISIN>
	<Scrip_Name>PAGE INDUSTRIES LTD</Scrip_Name>
	<NSE_Symbol>PAGEIND</NSE_Symbol>
	<MWPL_Limit>1152956</MWPL_Limit>
	<Open_Interest>194975</Open_Interest>
	<Limit_for_Next_Day>900333</Limit_for_Next_Day>
</MWPL>
<MWPL>
	<Date>30-SEP-2019</Date>
	<ISIN>INE140A01024</ISIN>
	<Scrip_Name>PIRAMAL ENTERPRISES LTD</Scrip_Name>
	<NSE_Symbol>PEL</NSE_Symbol>
	<MWPL_Limit>21140567</MWPL_Limit>
	<Open_Interest>6350154</Open_Interest>
	<Limit_for_Next_Day>13733384</Limit_for_Next_Day>
</MWPL>
<MWPL>
	<Date>30-SEP-2019</Date>
	<ISIN>INE347G01014</ISIN>
	<Scrip_Name>PETRONET LNG LIMITED</Scrip_Name>
	<NSE_Symbol>PETRONET</NSE_Symbol>
	<MWPL_Limit>150000017</MWPL_Limit>
	<Open_Interest>24645000</Open_Interest>
	<Limit_for_Next_Day>117855016</Limit_for_Next_Day>
</MWPL>
<MWPL>
	<Date>30-SEP-2019</Date>
	<ISIN>INE134E01011</ISIN>
	<Scrip_Name>POWER FIN CORP LTD.</Scrip_Name>
	<NSE_Symbol>PFC</NSE_Symbol>
	<MWPL_Limit>216238398</MWPL_Limit>
	<Open_Interest>55676000</Open_Interest>
	<Limit_for_Next_Day>149750478</Limit_for_Next_Day>
</MWPL>
<MWPL>
	<Date>30-SEP-2019</Date>
	<ISIN>INE318A01026</ISIN>
	<Scrip_Name>PIDILITE INDUSTRIES LTD</Scrip_Name>
	<NSE_Symbol>PIDILITIND</NSE_Symbol>
	<MWPL_Limit>30731069</MWPL_Limit>
	<Open_Interest>2722000</Open_Interest>
	<Limit_for_Next_Day>26472515</Limit_for_Next_Day>
</MWPL>
<MWPL>
	<Date>30-SEP-2019</Date>
	<ISIN>INE160A01022</ISIN>
	<Scrip_Name>PUNJAB NATIONAL BANK</Scrip_Name>
	<NSE_Symbol>PNB</NSE_Symbol>
	<MWPL_Limit>208425616</MWPL_Limit>
	<Open_Interest>131222000</Open_Interest>
	<Limit_for_Next_Day>66782335</Limit_for_Next_Day>
</MWPL>
<MWPL>
	<Date>30-SEP-2019</Date>
	<ISIN>INE572E01012</ISIN>
	<Scrip_Name>PNB HOUSING FIN LTD.</Scrip_Name>
	<NSE_Symbol>PNBHOUSING</NSE_Symbol>
	<MWPL_Limit>22629864</MWPL_Limit>
	<Open_Interest>0</Open_Interest>
	<Limit_for_Next_Day>21498370</Limit_for_Next_Day>
</MWPL>
<MWPL>
	<Date>30-SEP-2019</Date>
	<ISIN>INE752E01010</ISIN>
	<Scrip_Name>POWER GRID CORP. LTD.</Scrip_Name>
	<NSE_Symbol>POWERGRID</NSE_Symbol>
	<MWPL_Limit>467018741</MWPL_Limit>
	<Open_Interest>32556000</Open_Interest>
	<Limit_for_Next_Day>411111803</Limit_for_Next_Day>
</MWPL>
<MWPL>
	<Date>30-SEP-2019</Date>
	<ISIN>INE191H01014</ISIN>
	<Scrip_Name>PVR LIMITED</Scrip_Name>
	<NSE_Symbol>PVR</NSE_Symbol>
	<MWPL_Limit>7461056</MWPL_Limit>
	<Open_Interest>1084400</Open_Interest>
	<Limit_for_Next_Day>6003603</Limit_for_Next_Day>
</MWPL>
<MWPL>
	<Date>30-SEP-2019</Date>
	<ISIN>INE331A01037</ISIN>
	<Scrip_Name>THE RAMCO CEMENTS LIMITED</Scrip_Name>
	<NSE_Symbol>RAMCOCEM</NSE_Symbol>
	<MWPL_Limit>26974244</MWPL_Limit>
	<Open_Interest>1286400</Open_Interest>
	<Limit_for_Next_Day>24339131</Limit_for_Next_Day>
</MWPL>
<MWPL>
	<Date>30-SEP-2019</Date>
	<ISIN>INE976G01028</ISIN>
	<Scrip_Name>RBL BANK LIMITED</Scrip_Name>
	<NSE_Symbol>RBLBANK</NSE_Symbol>
	<MWPL_Limit>85542793</MWPL_Limit>
	<Open_Interest>18351600</Open_Interest>
	<Limit_for_Next_Day>62914053</Limit_for_Next_Day>
</MWPL>
<MWPL>
	<Date>30-SEP-2019</Date>
	<ISIN>INE020B01018</ISIN>
	<Scrip_Name>REC LIMITED</Scrip_Name>
	<NSE_Symbol>RECLTD</NSE_Symbol>
	<MWPL_Limit>187084550</MWPL_Limit>
	<Open_Interest>36408000</Open_Interest>
	<Limit_for_Next_Day>141322322</Limit_for_Next_Day>
</MWPL>
<MWPL>
	<Date>30-SEP-2019</Date>
	<ISIN>INE002A01018</ISIN>
	<Scrip_Name>RELIANCE INDUSTRIES LTD</Scrip_Name>
	<NSE_Symbol>RELIANCE</NSE_Symbol>
	<MWPL_Limit>652400036</MWPL_Limit>
	<Open_Interest>65983500</Open_Interest>
	<Limit_for_Next_Day>553796534</Limit_for_Next_Day>
</MWPL>
<MWPL>
	<Date>30-SEP-2019</Date>
	<ISIN>INE114A01011</ISIN>
	<Scrip_Name>STEEL AUTHORITY OF INDIA</Scrip_Name>
	<NSE_Symbol>SAIL</NSE_Symbol>
	<MWPL_Limit>206528281</MWPL_Limit>
	<Open_Interest>104724000</Open_Interest>
	<Limit_for_Next_Day>91477866</Limit_for_Next_Day>
</MWPL>
<MWPL>
	<Date>30-SEP-2019</Date>
	<ISIN>INE062A01020</ISIN>
	<Scrip_Name>STATE BANK OF INDIA</Scrip_Name>
	<NSE_Symbol>SBIN</NSE_Symbol>
	<MWPL_Limit>741960919</MWPL_Limit>
	<Open_Interest>184656000</Open_Interest>
	<Limit_for_Next_Day>520206873</Limit_for_Next_Day>
</MWPL>
<MWPL>
	<Date>30-SEP-2019</Date>
	<ISIN>INE070A01015</ISIN>
	<Scrip_Name>SHREE CEMENT LIMITED</Scrip_Name>
	<NSE_Symbol>SHREECEM</NSE_Symbol>
	<MWPL_Limit>2453485</MWPL_Limit>
	<Open_Interest>169850</Open_Interest>
	<Limit_for_Next_Day>2160960</Limit_for_Next_Day>
</MWPL>
<MWPL>
	<Date>30-SEP-2019</Date>
	<ISIN>INE003A01024</ISIN>
	<Scrip_Name>SIEMENS LTD</Scrip_Name>
	<NSE_Symbol>SIEMENS</NSE_Symbol>
	<MWPL_Limit>17806068</MWPL_Limit>
	<Open_Interest>1478400</Open_Interest>
	<Limit_for_Next_Day>15437364</Limit_for_Next_Day>
</MWPL>
<MWPL>
	<Date>30-SEP-2019</Date>
	<ISIN>INE647A01010</ISIN>
	<Scrip_Name>SRF LTD</Scrip_Name>
	<NSE_Symbol>SRF</NSE_Symbol>
	<MWPL_Limit>5468800</MWPL_Limit>
	<Open_Interest>965750</Open_Interest>
	<Limit_for_Next_Day>4229610</Limit_for_Next_Day>
</MWPL>
<MWPL>
	<Date>30-SEP-2019</Date>
	<ISIN>INE721A01013</ISIN>
	<Scrip_Name>SHRIRAM TRANSPORT FIN CO.</Scrip_Name>
	<NSE_Symbol>SRTRANSFIN</NSE_Symbol>
	<MWPL_Limit>33541942</MWPL_Limit>
	<Open_Interest>4534200</Open_Interest>
	<Limit_for_Next_Day>27330644</Limit_for_Next_Day>
</MWPL>
<MWPL>
	<Date>30-SEP-2019</Date>
	<ISIN>INE939A01011</ISIN>
	<Scrip_Name>STRIDES PHARMA SCI LTD</Scrip_Name>
	<NSE_Symbol>STAR</NSE_Symbol>
	<MWPL_Limit>12315570</MWPL_Limit>
	<Open_Interest>3615600</Open_Interest>
	<Limit_for_Next_Day>8084191</Limit_for_Next_Day>
</MWPL>
<MWPL>
	<Date>30-SEP-2019</Date>
	<ISIN>INE044A01036</ISIN>
	<Scrip_Name>SUN PHARMACEUTICAL IND L</Scrip_Name>
	<NSE_Symbol>SUNPHARMA</NSE_Symbol>
	<MWPL_Limit>218895917</MWPL_Limit>
	<Open_Interest>67942600</Open_Interest>
	<Limit_for_Next_Day>140008521</Limit_for_Next_Day>
</MWPL>
<MWPL>
	<Date>30-SEP-2019</Date>
	<ISIN>INE424H01027</ISIN>
	<Scrip_Name>SUN TV NETWORK LIMITED</Scrip_Name>
	<NSE_Symbol>SUNTV</NSE_Symbol>
	<MWPL_Limit>19704232</MWPL_Limit>
	<Open_Interest>4566000</Open_Interest>
	<Limit_for_Next_Day>14153020</Limit_for_Next_Day>
</MWPL>
<MWPL>
	<Date>30-SEP-2019</Date>
	<ISIN>INE092A01019</ISIN>
	<Scrip_Name>TATA CHEMICALS LTD</Scrip_Name>
	<NSE_Symbol>TATACHEM</NSE_Symbol>
	<MWPL_Limit>35345667</MWPL_Limit>
	<Open_Interest>2318400</Open_Interest>
	<Limit_for_Next_Day>31259983</Limit_for_Next_Day>
</MWPL>
<MWPL>
	<Date>30-SEP-2019</Date>
	<ISIN>INE670A01012</ISIN>
	<Scrip_Name>TATA ELXSI LIMITED</Scrip_Name>
	<NSE_Symbol>TATAELXSI</NSE_Symbol>
	<MWPL_Limit>6909235</MWPL_Limit>
	<Open_Interest>2191200</Open_Interest>
	<Limit_for_Next_Day>4372573</Limit_for_Next_Day>
</MWPL>
<MWPL>
	<Date>30-SEP-2019</Date>
	<ISIN>INE192A01025</ISIN>
	<Scrip_Name>TATA GLOBAL BEVERAGES LTD</Scrip_Name>
	<NSE_Symbol>TATAGLOBAL</NSE_Symbol>
	<MWPL_Limit>82732329</MWPL_Limit>
	<Open_Interest>10651500</Open_Interest>
	<Limit_for_Next_Day>67944212</Limit_for_Next_Day>
</MWPL>
<MWPL>
	<Date>30-SEP-2019</Date>
	<ISIN>INE155A01022</ISIN>
	<Scrip_Name>TATA MOTORS LIMITED</Scrip_Name>
	<NSE_Symbol>TATAMOTORS</NSE_Symbol>
	<MWPL_Limit>355884192</MWPL_Limit>
	<Open_Interest>97218000</Open_Interest>
	<Limit_for_Next_Day>240871982</Limit_for_Next_Day>
</MWPL>
<MWPL>
	<Date>30-SEP-2019</Date>
	<ISIN>IN9155A01020</ISIN>
	<Scrip_Name>TATA MOTORS DVR 'A' ORD</Scrip_Name>
	<NSE_Symbol>TATAMTRDVR</NSE_Symbol>
	<MWPL_Limit>101602140</MWPL_Limit>
	<Open_Interest>38958000</Open_Interest>
	<Limit_for_Next_Day>57564033</Limit_for_Next_Day>
</MWPL>
<MWPL>
	<Date>30-SEP-2019</Date>
	<ISIN>INE245A01021</ISIN>
	<Scrip_Name>TATA POWER CO LTD</Scrip_Name>
	<NSE_Symbol>TATAPOWER</NSE_Symbol>
	<MWPL_Limit>362445856</MWPL_Limit>
	<Open_Interest>45225000</Open_Interest>
	<Limit_for_Next_Day>299098563</Limit_for_Next_Day>
</MWPL>
<MWPL>
	<Date>30-SEP-2019</Date>
	<ISIN>INE081A01012</ISIN>
	<Scrip_Name>TATA STEEL LIMITED</Scrip_Name>
	<NSE_Symbol>TATASTEEL</NSE_Symbol>
	<MWPL_Limit>161060557</MWPL_Limit>
	<Open_Interest>37899981</Open_Interest>
	<Limit_for_Next_Day>115107548</Limit_for_Next_Day>
</MWPL>
<MWPL>
	<Date>30-SEP-2019</Date>
	<ISIN>INE467B01029</ISIN>
	<Scrip_Name>TATA CONSULTANCY SERV LT</Scrip_Name>
	<NSE_Symbol>TCS</NSE_Symbol>
	<MWPL_Limit>209768541</MWPL_Limit>
	<Open_Interest>20018500</Open_Interest>
	<Limit_for_Next_Day>179261613</Limit_for_Next_Day>
</MWPL>
<MWPL>
	<Date>30-SEP-2019</Date>
	<ISIN>INE669C01036</ISIN>
	<Scrip_Name>TECH MAHINDRA LIMITED</Scrip_Name>
	<NSE_Symbol>TECHM</NSE_Symbol>
	<MWPL_Limit>123607207</MWPL_Limit>
	<Open_Interest>15872400</Open_Interest>
	<Limit_for_Next_Day>101554446</Limit_for_Next_Day>
</MWPL>
<MWPL>
	<Date>30-SEP-2019</Date>
	<ISIN>INE280A01028</ISIN>
	<Scrip_Name>TITAN COMPANY LIMITED</Scrip_Name>
	<NSE_Symbol>TITAN</NSE_Symbol>
	<MWPL_Limit>83616848</MWPL_Limit>
	<Open_Interest>11781750</Open_Interest>
	<Limit_for_Next_Day>67654255</Limit_for_Next_Day>
</MWPL>
<MWPL>
	<Date>30-SEP-2019</Date>
	<ISIN>INE685A01028</ISIN>
	<Scrip_Name>TORRENT PHARMACEUTICALS L</Scrip_Name>
	<NSE_Symbol>TORNTPHARM</NSE_Symbol>
	<MWPL_Limit>9731600</MWPL_Limit>
	<Open_Interest>380500</Open_Interest>
	<Limit_for_Next_Day>8864520</Limit_for_Next_Day>
</MWPL>
<MWPL>
	<Date>30-SEP-2019</Date>
	<ISIN>INE813H01021</ISIN>
	<Scrip_Name>TORRENT POWER LTD</Scrip_Name>
	<NSE_Symbol>TORNTPOWER</NSE_Symbol>
	<MWPL_Limit>44634693</MWPL_Limit>
	<Open_Interest>4308000</Open_Interest>
	<Limit_for_Next_Day>38094958</Limit_for_Next_Day>
</MWPL>
<MWPL>
	<Date>30-SEP-2019</Date>
	<ISIN>INE494B01023</ISIN>
	<Scrip_Name>TVS MOTOR COMPANY  LTD</Scrip_Name>
	<NSE_Symbol>TVSMOTOR</NSE_Symbol>
	<MWPL_Limit>40480865</MWPL_Limit>
	<Open_Interest>7884800</Open_Interest>
	<Limit_for_Next_Day>30572021</Limit_for_Next_Day>
</MWPL>
<MWPL>
	<Date>30-SEP-2019</Date>
	<ISIN>INE686F01025</ISIN>
	<Scrip_Name>UNITED BREWERIES LTD</Scrip_Name>
	<NSE_Symbol>UBL</NSE_Symbol>
	<MWPL_Limit>22357672</MWPL_Limit>
	<Open_Interest>1564500</Open_Interest>
	<Limit_for_Next_Day>19675288</Limit_for_Next_Day>
</MWPL>
<MWPL>
	<Date>30-SEP-2019</Date>
	<ISIN>INE334L01012</ISIN>
	<Scrip_Name>UJJIVAN FIN. SERVC. LTD.</Scrip_Name>
	<NSE_Symbol>UJJIVAN</NSE_Symbol>
	<MWPL_Limit>24272566</MWPL_Limit>
	<Open_Interest>8508800</Open_Interest>
	<Limit_for_Next_Day>14550137</Limit_for_Next_Day>
</MWPL>
<MWPL>
	<Date>30-SEP-2019</Date>
	<ISIN>INE481G01011</ISIN>
	<Scrip_Name>ULTRATECH CEMENT LIMITED</Scrip_Name>
	<NSE_Symbol>ULTRACEMCO</NSE_Symbol>
	<MWPL_Limit>21006549</MWPL_Limit>
	<Open_Interest>2755800</Open_Interest>
	<Limit_for_Next_Day>17200421</Limit_for_Next_Day>
</MWPL>
<MWPL>
	<Date>30-SEP-2019</Date>
	<ISIN>INE692A01016</ISIN>
	<Scrip_Name>UNION BANK OF INDIA</Scrip_Name>
	<NSE_Symbol>UNIONBANK</NSE_Symbol>
	<MWPL_Limit>76131760</MWPL_Limit>
	<Open_Interest>41083000</Open_Interest>
	<Limit_for_Next_Day>31242172</Limit_for_Next_Day>
</MWPL>
<MWPL>
	<Date>30-SEP-2019</Date>
	<ISIN>INE628A01036</ISIN>
	<Scrip_Name>UPL LIMITED</Scrip_Name>
	<NSE_Symbol>UPL</NSE_Symbol>
	<MWPL_Limit>110146962</MWPL_Limit>
	<Open_Interest>15753600</Open_Interest>
	<Limit_for_Next_Day>88886013</Limit_for_Next_Day>
</MWPL>
<MWPL>
	<Date>30-SEP-2019</Date>
	<ISIN>INE205A01025</ISIN>
	<Scrip_Name>VEDANTA LIMITED</Scrip_Name>
	<NSE_Symbol>VEDL</NSE_Symbol>
	<MWPL_Limit>367715829</MWPL_Limit>
	<Open_Interest>58386000</Open_Interest>
	<Limit_for_Next_Day>290944037</Limit_for_Next_Day>
</MWPL>
<MWPL>
	<Date>30-SEP-2019</Date>
	<ISIN>INE226A01021</ISIN>
	<Scrip_Name>VOLTAS LTD</Scrip_Name>
	<NSE_Symbol>VOLTAS</NSE_Symbol>
	<MWPL_Limit>46126252</MWPL_Limit>
	<Open_Interest>2254000</Open_Interest>
	<Limit_for_Next_Day>41565939</Limit_for_Next_Day>
</MWPL>
<MWPL>
	<Date>30-SEP-2019</Date>
	<ISIN>INE075A01022</ISIN>
	<Scrip_Name>WIPRO LTD</Scrip_Name>
	<NSE_Symbol>WIPRO</NSE_Symbol>
	<MWPL_Limit>310714775</MWPL_Limit>
	<Open_Interest>33174400</Open_Interest>
	<Limit_for_Next_Day>262004636</Limit_for_Next_Day>
</MWPL>
<MWPL>
	<Date>30-SEP-2019</Date>
	<ISIN>INE528G01027</ISIN>
	<Scrip_Name>YES BANK LIMITED</Scrip_Name>
	<NSE_Symbol>YESBANK</NSE_Symbol>
	<MWPL_Limit>418388981</MWPL_Limit>
	<Open_Interest>263531400</Open_Interest>
	<Limit_for_Next_Day>133938131</Limit_for_Next_Day>
</MWPL>
<MWPL>
	<Date>30-SEP-2019</Date>
	<ISIN>INE256A01028</ISIN>
	<Scrip_Name>ZEE ENTERTAINMENT ENT LTD</Scrip_Name>
	<NSE_Symbol>ZEEL</NSE_Symbol>
	<MWPL_Limit>123335564</MWPL_Limit>
	<Open_Interest>38637300</Open_Interest>
	<Limit_for_Next_Day>78531485</Limit_for_Next_Day>
</MWPL>
</MWPL_Viols>
