Date, ISIN, Scrip Name, NSE Symbol, MWPL, Open Interest, Limit for Next Day
09-OCT-2019,INE012A01025,ACC LIMITED,ACC,17078428,2872400,13352106
09-OCT-2019,INE423A01024,ADANI ENTERPRISES LIMITED,ADANIENT,55169320,29328000,23082854
09-OCT-2019,INE742F01042,ADANI PORT & SEZ LTD,ADANIPORTS,156144401,14670000,133667180
09-OCT-2019,INE814H01011,ADANI POWER LTD,ADANIPOWER,193065274,105080000,78332010
09-OCT-2019,INE885A01032,AMARA RAJA BATTERIES LTD.,AMARAJABAT,24576009,1756300,21590908
09-OCT-2019,INE079A01024,AMBUJA CEMENTS LTD,AMBUJACEM,144375452,28170000,108986679
09-OCT-2019,INE437A01024,APOLLO HOSPITALS ENTER. L,APOLLOHOSP,18254499,1795000,15546774
09-OCT-2019,INE438A01022,APOLLO TYRES LTD,APOLLOTYRE,67612169,9930000,54301560
09-OCT-2019,INE208A01029,ASHOK LEYLAND LTD,ASHOKLEY,286973403,111498000,161126732
09-OCT-2019,INE021A01026,ASIAN PAINTS LIMITED,ASIANPAINT,90562642,10480200,75554309
09-OCT-2019,INE406A01037,AUROBINDO PHARMA LTD,AUROPHARMA,56397935,27024000,26554038
09-OCT-2019,INE238A01034,AXIS BANK LIMITED,AXISBANK,449346961,72475200,354404412
09-OCT-2019,INE917I01010,BAJAJ AUTO LIMITED,BAJAJ-AUTO,26897583,2587250,22965453
09-OCT-2019,INE918I01018,BAJAJ FINSERV LTD.,BAJAJFINSV,12496712,1213250,10658626
09-OCT-2019,INE296A01024,BAJAJ FINANCE LIMITED,BAJFINANCE,47918676,8604250,36918492
09-OCT-2019,INE787D01026,BALKRISHNA IND. LTD,BALKRISIND,16124234,1948800,13369222
09-OCT-2019,INE028A01039,BANK OF BARODA,BANKBARODA,236709448,93717000,131156975
09-OCT-2019,INE084A01016,BANK OF INDIA,BANKINDIA,58936059,35106000,20883256
09-OCT-2019,INE176A01028,BATA INDIA LTD,BATAINDIA,12092405,3600850,7886934
09-OCT-2019,INE263A01024,BHARAT ELECTRONICS LTD,BEL,200653302,29748000,160872636
09-OCT-2019,INE463A01038,BERGER PAINTS (I) LTD,BERGEPAINT,48562002,6930000,39203901
09-OCT-2019,INE465A01025,BHARAT FORGE LTD,BHARATFORG,50505198,8701200,39278738
09-OCT-2019,INE397D01024,BHARTI AIRTEL LIMITED,BHARTIARTL,382341918,50695188,312529634
09-OCT-2019,INE257A01026,BHEL,BHEL,256482590,81390000,162268460
09-OCT-2019,INE376G01013,BIOCON LIMITED.,BIOCON,91179410,13764600,72855839
09-OCT-2019,INE323A01026,BOSCH LIMITED,BOSCHLTD,1737683,148200,1502598
09-OCT-2019,INE029A01011,BHARAT PETROLEUM CORP  LT,BPCL,202631356,35128800,157370988
09-OCT-2019,INE216A01030,BRITANNIA INDUSTRIES LTD,BRITANNIA,23714500,2373400,20155375
09-OCT-2019,INE010B01027,CADILA HEALTHCARE LIMITED,CADILAHC,51610474,9697600,39332350
09-OCT-2019,INE476A01014,CANARA BANK,CANBK,40260000,18986000,19261000
09-OCT-2019,INE172A01027,CASTROL INDIA LIMITED,CASTROLIND,96933993,6670800,85416493
09-OCT-2019,INE055A01016,CENTURY TEXTILES LTD,CENTURYTEX,11123542,2987400,7579964
09-OCT-2019,INE486A01013,CESC LTD,CESC,13275380,1697600,10914011
09-OCT-2019,INE121A01024,CHOLAMANDALAM IN & FIN CO,CHOLAFIN,73583339,3407500,66496672
09-OCT-2019,INE059A01026,CIPLA LTD,CIPLA,101949498,17239000,79613023
09-OCT-2019,INE522F01014,COAL INDIA LTD,COALINDIA,357942309,43993400,296051793
09-OCT-2019,INE259A01022,COLGATE PALMOLIVE LTD.,COLPAL,26654592,1882300,23439562
09-OCT-2019,INE111A01025,CONTAINER CORP OF IND LTD,CONCOR,55081874,6098826,46228954
09-OCT-2019,INE298A01020,CUMMINS INDIA LTD,CUMMINSIND,27165463,1756300,24050889
09-OCT-2019,INE016A01026,DABUR INDIA LTD,DABUR,113525799,12902500,94947009
09-OCT-2019,INE836F01026,DISH TV INDIA LTD.,DISHTV,156447024,111664000,36960672
09-OCT-2019,INE361B01024,DIVI'S LABORATORIES LTD,DIVISLAB,25479844,2603600,21602251
09-OCT-2019,INE271C01023,DLF LIMITED,DLF,124016568,61031600,56784139
09-OCT-2019,INE089A01023,DR. REDDY'S LABORATORIES,DRREDDY,24251642,4015250,19023809
09-OCT-2019,INE066A01013,EICHER MOTORS LTD,EICHERMOT,2766505,368975,2259204
09-OCT-2019,INE988K01017,EQUITAS HOLDINGS LIMITED,EQUITAS,68321579,15120000,49785500
09-OCT-2019,INE042A01014,ESCORTS INDIA LTD,ESCORTS,14033737,7676900,5655150
09-OCT-2019,INE302A01020,EXIDE INDUSTRIES LTD,EXIDEIND,91809066,11733600,75485012
09-OCT-2019,INE171A01029,FEDERAL BANK LTD,FEDERALBNK,390378490,60592000,310267565
09-OCT-2019,INE129A01019,GAIL (INDIA) LTD,GAIL,422844128,51409092,350292829
09-OCT-2019,INE935A01035,GLENMARK PHARMACEUTICALS,GLENMARK,30149622,7675000,20967140
09-OCT-2019,INE776C01039,GMR INFRASTRUCTURE LTD.,GMRINFRA,436550544,175005000,239718016
09-OCT-2019,INE102D01028,GODREJ CONSUMER PRODUCTS,GODREJCP,75135565,6623200,64755586
09-OCT-2019,INE047A01021,GRASIM INDUSTRIES LTD,GRASIM,78438787,19931250,54585597
09-OCT-2019,INE176B01034,HAVELLS INDIA LIMITED,HAVELLS,50529718,6220000,41783232
09-OCT-2019,INE860A01027,HCL TECHNOLOGIES LTD,HCLTECH,108492241,11840500,91227128
09-OCT-2019,INE001A01036,HDFC LTD,HDFC,345061247,42897000,284911184
09-OCT-2019,INE040A01034,HDFC BANK LTD,HDFCBANK,654576631,47050000,574797799
09-OCT-2019,INE158A01026,HERO MOTOCORP LIMITED,HEROMOTOCO,26112160,3680600,21125952
09-OCT-2019,INE093A01033,HEXAWARE TECHNOLOGIES LTD,HEXAWARE,22338852,2488500,18733409
09-OCT-2019,INE038A01020,HINDALCO  INDUSTRIES  LTD,HINDALCO,292389538,45426500,232343561
09-OCT-2019,INE094A01015,HINDUSTAN PETROLEUM CORP,HINDPETRO,148995450,26516700,115028977
09-OCT-2019,INE030A01027,HINDUSTAN UNILEVER LTD.,HINDUNILVR,142077635,9819000,125154753
09-OCT-2019,INE148I01020,INDIABULLS HSG FIN LTD,IBULHSGFIN,66606515,36962400,26313789
09-OCT-2019,INE090A01021,ICICI BANK LTD.,ICICIBANK,981703509,95345250,837273083
09-OCT-2019,INE726G01019,ICICI PRU LIFE INS CO LTD,ICICIPRULI,71843339,7966500,60284672
09-OCT-2019,INE669E01016,VODAFONE IDEA LIMITED,IDEA,1633625320,812336000,739608054
09-OCT-2019,INE092T01019,IDFC FIRST BANK LIMITED,IDFCFIRSTB,573897255,309552000,235650392
09-OCT-2019,INE203G01027,INDRAPRASTHA GAS LTD,IGL,77000080,4339500,68810576
09-OCT-2019,INE646L01027,INTERGLOBE AVIATION LTD,INDIGO,19320836,4249800,14104994
09-OCT-2019,INE095A01012,INDUSIND BANK LIMITED,INDUSINDBK,107539864,19969200,82193670
09-OCT-2019,INE121J01017,BHARTI INFRATEL LTD.,INFRATEL,171839583,7482000,155765603
09-OCT-2019,INE009A01021,INFOSYS LIMITED,INFY,735808145,58928400,640089337
09-OCT-2019,INE242A01010,INDIAN OIL CORP LTD,IOC,900401892,58303000,797078797
09-OCT-2019,INE154A01025,ITC LTD,ITC,2447598336,134829600,2190388819
09-OCT-2019,INE749A01030,JINDAL STEEL & POWER LTD,JINDALSTEL,79976268,49302400,26675054
09-OCT-2019,INE019A01038,JSW STEEL LIMITED,JSWSTEEL,276036208,59600000,202634397
09-OCT-2019,INE797F01012,JUBILANT FOODWORKS LTD,JUBLFOOD,15270639,2869000,11638107
09-OCT-2019,INE599M01018,JUSTDIAL LTD.,JUSTDIAL,8570213,4911200,3230502
09-OCT-2019,INE237A01028,KOTAK MAHINDRA BANK LTD,KOTAKBANK,267374153,10668800,243336645
09-OCT-2019,INE498L01015,L&T FINANCE HOLDINGS LTD,L&TFH,144402931,57771000,79411784
09-OCT-2019,INE115A01026,LIC HOUSING FINANCE LTD,LICHSGFIN,60244101,14059100,43172795
09-OCT-2019,INE018A01030,LARSEN & TOUBRO LTD.,LT,276079893,15112125,247163773
09-OCT-2019,INE326A01037,LUPIN LIMITED,LUPIN,48009022,9872800,35735770
09-OCT-2019,INE101A01026,MAHINDRA & MAHINDRA LTD,M&M,179047984,24629000,145466584
09-OCT-2019,INE774D01024,M&M FIN. SERVICES LTD,M&MFIN,59739145,15078750,41673437
09-OCT-2019,INE522D01027,MANAPPURAM FINANCE LTD,MANAPPURAM,109401942,20598000,83333844
09-OCT-2019,INE196A01026,MARICO LIMITED,MARICO,103826001,12196600,86438100
09-OCT-2019,INE585B01010,MARUTI SUZUKI INDIA LTD.,MARUTI,26458324,3543300,21592107
09-OCT-2019,INE854D01024,UNITED SPIRITS LIMITED,MCDOWELL-N,62845623,12037500,47665841
09-OCT-2019,INE180A01020,MAX FINANCIAL SERV LTD,MFSL,38619025,3394800,33293273
09-OCT-2019,INE002S01010,MAHANAGAR GAS LTD.,MGL,11359449,1645200,9146276
09-OCT-2019,INE018I01017,MINDTREE LIMITED,MINDTREE,28428381,1375200,25631761
09-OCT-2019,INE775A01035,MOTHERSON SUMI SYSTEMS LT,MOTHERSUMI,241729538,36593700,193049361
09-OCT-2019,INE883A01011,MRF LTD,MRF,613041,20250,562138
09-OCT-2019,INE414G01012,MUTHOOT FINANCE LIMITED,MUTHOOTFIN,21247704,2562000,17623318
09-OCT-2019,INE139A01034,NATIONAL ALUMINIUM CO LTD,NATIONALUM,179107196,61910000,108241836
09-OCT-2019,INE095N01031,NBCC (INDIA) LIMITED,NBCC,114538273,40545000,68266359
09-OCT-2019,INE868B01028,NCC LIMITED,NCC,98294611,67512000,25867880
09-OCT-2019,INE239A01016,NESTLE INDIA LIMITED,NESTLEIND,7180127,562700,6258420
09-OCT-2019,INE591G01017,NIIT TECHNOLOGIES LTD,NIITTECH,8173711,939000,6826025
09-OCT-2019,INE584A01023,NMDC LTD.,NMDC,169762789,35184000,126090649
09-OCT-2019,INE733E01010,NTPC LTD,NTPC,862678001,74726400,744817700
09-OCT-2019,INE274J01014,OIL INDIA LTD,OIL,83251980,10095030,68994351
09-OCT-2019,INE213A01029,OIL AND NATURAL GAS CORP.,ONGC,899518757,75292500,779250319
09-OCT-2019,INE761H01022,PAGE INDUSTRIES LTD,PAGEIND,1152956,188075,907233
09-OCT-2019,INE140A01024,PIRAMAL ENTERPRISES LTD,PEL,21140567,7957096,12126442
09-OCT-2019,INE347G01014,PETRONET LNG LIMITED,PETRONET,150000017,24240000,118260016
09-OCT-2019,INE134E01011,POWER FIN CORP LTD.,PFC,216238398,60611200,144815278
09-OCT-2019,INE318A01026,PIDILITE INDUSTRIES LTD,PIDILITIND,30731069,3560500,25634015
09-OCT-2019,INE160A01022,PUNJAB NATIONAL BANK,PNB,208425616,145299000,52705335
09-OCT-2019,INE572E01012,PNB HOUSING FIN LTD.,PNBHOUSING,22629864,0,21498370
09-OCT-2019,INE752E01010,POWER GRID CORP. LTD.,POWERGRID,467018741,32740000,410927803
09-OCT-2019,INE191H01014,PVR LIMITED,PVR,7782351,1059600,6333633
09-OCT-2019,INE331A01037,THE RAMCO CEMENTS LIMITED,RAMCOCEM,26974244,1623200,24002331
09-OCT-2019,INE976G01028,RBL BANK LIMITED,RBLBANK,85542793,23245200,58020453
09-OCT-2019,INE020B01018,REC LIMITED,RECLTD,187084550,38862000,138868322
09-OCT-2019,INE002A01018,RELIANCE INDUSTRIES LTD,RELIANCE,652400036,66216000,553564034
09-OCT-2019,INE114A01011,STEEL AUTHORITY OF INDIA,SAIL,206528281,115740000,80461866
09-OCT-2019,INE062A01020,STATE BANK OF INDIA,SBIN,741960919,218280000,486582873
09-OCT-2019,INE070A01015,SHREE CEMENT LIMITED,SHREECEM,2453485,174850,2155960
09-OCT-2019,INE003A01024,SIEMENS LTD,SIEMENS,17806068,2157100,14758664
09-OCT-2019,INE647A01010,SRF LTD,SRF,5468800,967500,4227860
09-OCT-2019,INE721A01013,SHRIRAM TRANSPORT FIN CO.,SRTRANSFIN,33541942,4451400,27413444
09-OCT-2019,INE939A01011,STRIDES PHARMA SCI LTD,STAR,12315570,3994800,7704991
09-OCT-2019,INE044A01036,SUN PHARMACEUTICAL IND L,SUNPHARMA,218895917,70420900,137530221
09-OCT-2019,INE424H01027,SUN TV NETWORK LIMITED,SUNTV,19704232,4376000,14343020
09-OCT-2019,INE092A01019,TATA CHEMICALS LTD,TATACHEM,35345667,2244600,31333783
09-OCT-2019,INE670A01012,TATA ELXSI LIMITED,TATAELXSI,6909235,2344200,4219573
09-OCT-2019,INE192A01025,TATA GLOBAL BEVERAGES LTD,TATAGLOBAL,82732329,11526300,67069412
09-OCT-2019,INE155A01022,TATA MOTORS LIMITED,TATAMOTORS,355884192,106491000,231598982
09-OCT-2019,IN9155A01020,TATA MOTORS DVR 'A' ORD,TATAMTRDVR,101602140,44064000,52458033
09-OCT-2019,INE245A01021,TATA POWER CO LTD,TATAPOWER,362445856,49788000,294535563
09-OCT-2019,INE081A01012,TATA STEEL LIMITED,TATASTEEL,161060557,45326981,107680548
09-OCT-2019,INE467B01029,TATA CONSULTANCY SERV LT,TCS,209768541,22683750,176596363
09-OCT-2019,INE669C01036,TECH MAHINDRA LIMITED,TECHM,123607207,15934800,101492046
09-OCT-2019,INE280A01028,TITAN COMPANY LIMITED,TITAN,83616848,15185250,64250755
09-OCT-2019,INE685A01028,TORRENT PHARMACEUTICALS L,TORNTPHARM,9731600,411500,8833520
09-OCT-2019,INE813H01021,TORRENT POWER LTD,TORNTPOWER,44634693,3690000,38712958
09-OCT-2019,INE494B01023,TVS MOTOR COMPANY  LTD,TVSMOTOR,40480865,8977100,29479721
09-OCT-2019,INE686F01025,UNITED BREWERIES LTD,UBL,22357672,1647800,19591988
09-OCT-2019,INE334L01012,UJJIVAN FIN. SERVC. LTD.,UJJIVAN,24272566,10017600,13041337
09-OCT-2019,INE481G01011,ULTRATECH CEMENT LIMITED,ULTRACEMCO,21006549,3145600,16810621
09-OCT-2019,INE692A01016,UNION BANK OF INDIA,UNIONBANK,76131760,46536000,25789172
09-OCT-2019,INE628A01036,UPL LIMITED,UPL,110146962,15525900,89113713
09-OCT-2019,INE205A01025,VEDANTA LIMITED,VEDL,367715829,61335000,287995037
09-OCT-2019,INE226A01021,VOLTAS LTD,VOLTAS,46126252,3116000,40703939
09-OCT-2019,INE075A01022,WIPRO LTD,WIPRO,291401248,34918400,241912785
09-OCT-2019,INE528G01027,YES BANK LIMITED,YESBANK,418388981,321961200,75508331
09-OCT-2019,INE256A01028,ZEE ENTERTAINMENT ENT LTD,ZEEL,123335564,45069700,72099085
