Date, ISIN, Scrip Name, NSE Symbol, MWPL, Open Interest, Limit for Next Day
12-APR-2019,INE202B01012,DEWAN HOUSING FIN CORP LT,DHFL,38154662,33240000,No Fresh Positions
12-APR-2019,INE271C01023,DLF LIMITED,DLF,89416568,71570200,No Fresh Positions
12-APR-2019,INE008A01015,IDBI BANK LIMITED,IDBI,39323831,35460000,No Fresh Positions
12-APR-2019,INE802G01018,JET AIRWAYS (INDIA) LTD.,JETAIRWAYS,11132543,11030800,No Fresh Positions
12-APR-2019,INE614G01033,RELIANCE POWER LTD.,RPOWER,140233556,118640000,No Fresh Positions
12-APR-2019,INE049B01025,WOCKHARDT LIMITED,WOCKPHARMA,5740164,4776300,No Fresh Positions
12-APR-2019,INE012A01025,ACC LIMITED,ACC,17078428,3180400,13044106
12-APR-2019,INE423A01024,ADANI ENTERPRISES LIMITED,ADANIENT,55169320,48228000,4182854
12-APR-2019,INE742F01042,ADANI PORT & SEZ LTD,ADANIPORTS,156144401,22627500,125709680
12-APR-2019,INE814H01011,ADANI POWER LTD,ADANIPOWER,193065274,167460000,15952010
12-APR-2019,INE031B01049,AJANTA PHARMA LIMITED,AJANTPHARM,5196948,907000,4030100
12-APR-2019,INE428A01015,ALLAHABAD BANK,ALBK,50696289,31135000,17026474
12-APR-2019,INE885A01032,AMARA RAJA BATTERIES LTD.,AMARAJABAT,16377009,2874900,12683258
12-APR-2019,INE079A01024,AMBUJA CEMENTS LTD,AMBUJACEM,144327988,24735000,112376588
12-APR-2019,INE437A01024,APOLLO HOSPITALS ENTER. L,APOLLOHOSP,18254499,1373000,15968774
12-APR-2019,INE438A01022,APOLLO TYRES LTD,APOLLOTYRE,67723169,15156000,49181010
12-APR-2019,INE034A01011,ARVIND LIMITED,ARVIND,29429703,6738000,21220217
12-APR-2019,INE208A01029,ASHOK LEYLAND LTD,ASHOKLEY,286973403,110748000,161876732
12-APR-2019,INE021A01026,ASIAN PAINTS LIMITED,ASIANPAINT,90562661,7539600,78494927
12-APR-2019,INE406A01037,AUROBINDO PHARMA LTD,AUROPHARMA,56396335,20632000,32944518
12-APR-2019,INE238A01034,AXIS BANK LIMITED,AXISBANK,380572741,42358800,319185303
12-APR-2019,INE917I01010,BAJAJ AUTO LIMITED,BAJAJ-AUTO,29341807,4302000,23572716
12-APR-2019,INE918I01018,BAJAJ FINSERV LTD.,BAJAJFINSV,13248060,923125,11662532
12-APR-2019,INE296A01024,BAJAJ FINANCE LIMITED,BAJFINANCE,51558770,6730000,42250831
12-APR-2019,INE787D01026,BALKRISHNA IND. LTD,BALKRISIND,16124234,2048800,13269222
12-APR-2019,INE028A01039,BANK OF BARODA,BANKBARODA,191844279,73292000,108960065
12-APR-2019,INE084A01016,BANK OF INDIA,BANKINDIA,58936059,36252000,19737256
12-APR-2019,INE176A01028,BATA INDIA LTD,BATAINDIA,12092405,2731300,8756484
12-APR-2019,INE263A01024,BHARAT ELECTRONICS LTD,BEL,185506537,57450000,118781210
12-APR-2019,INE258A01016,BEML LIMITED,BEML,3828900,2259600,1377855
12-APR-2019,INE463A01038,BERGER PAINTS (I) LTD,BERGEPAINT,48578062,3135000,43014158
12-APR-2019,INE180K01011,BHARAT FIN INCLUSION LTD,BHARATFIN,27585244,4477500,21728481
12-APR-2019,INE465A01025,BHARAT FORGE LTD,BHARATFORG,50501678,10855200,37121394
12-APR-2019,INE397D01024,BHARTI AIRTEL LIMITED,BHARTIARTL,262428715,40001000,209306279
12-APR-2019,INE257A01026,BHEL,BHEL,256482590,80595000,163063460
12-APR-2019,INE376G01013,BIOCON LIMITED.,BIOCON,45649210,7150500,36216249
12-APR-2019,INE323A01026,BOSCH LIMITED,BOSCHLTD,1737683,153150,1497648
12-APR-2019,INE029A01011,BHARAT PETROLEUM CORP  LT,BPCL,199861375,15264000,174604306
12-APR-2019,INE216A01030,BRITANNIA INDUSTRIES LTD,BRITANNIA,23714500,2375600,20153175
12-APR-2019,INE836A01035,BIRLASOFT LIMITED,BSOFT,30868887,4452750,24872692
12-APR-2019,INE010B01027,CADILA HEALTHCARE LIMITED,CADILAHC,51610474,12155200,36874750
12-APR-2019,INE476A01014,CANARA BANK,CANBK,40260000,15374000,22873000
12-APR-2019,INE477A01020,CAN FIN HOMES LTD,CANFINHOME,18644752,4257000,13455514
12-APR-2019,INE172A01027,CASTROL INDIA LIMITED,CASTROLIND,96933993,8755000,83332293
12-APR-2019,INE482A01020,CEAT LIMITED,CEATLTD,3966064,1613600,2154160
12-APR-2019,INE055A01016,CENTURY TEXTILES LTD,CENTURYTEX,11123542,4573800,5993564
12-APR-2019,INE486A01013,CESC LTD,CESC,13275380,1902450,10709161
12-APR-2019,INE067A01029,CG POWER AND IND SOL LTD,CGPOWER,82103824,32688000,45310632
12-APR-2019,INE178A01016,CHENNAI PETROLEUM CORP LT,CHENNPETRO,9742660,1117800,8137727
12-APR-2019,INE121A01016,CHOLAMANDALAM IN & FIN CO,CHOLAFIN,14677911,684500,13259515
12-APR-2019,INE059A01026,CIPLA LTD,CIPLA,101917315,13173000,83648449
12-APR-2019,INE522F01014,COAL INDIA LTD,COALINDIA,336345332,39571400,279956665
12-APR-2019,INE259A01022,COLGATE PALMOLIVE LTD.,COLPAL,26654592,2189600,23132262
12-APR-2019,INE111A01025,CONTAINER CORP OF IND LTD,CONCOR,55081874,1686477,50641303
12-APR-2019,INE298A01020,CUMMINS INDIA LTD,CUMMINSIND,27165463,1790600,24016589
12-APR-2019,INE016A01026,DABUR INDIA LTD,DABUR,113438092,17380000,90386187
12-APR-2019,INE503A01015,DCB BANK LIMITED,DCBBANK,52620094,7285500,42703589
12-APR-2019,INE836F01026,DISH TV INDIA LTD.,DISHTV,144254920,79008000,58034174
12-APR-2019,INE361B01024,DIVI'S LABORATORIES LTD,DIVISLAB,25478844,3063200,21141701
12-APR-2019,INE089A01023,DR. REDDY'S LABORATORIES,DRREDDY,24280052,4388250,18677799
12-APR-2019,INE066A01013,EICHER MOTORS LTD,EICHERMOT,2763845,538900,2086752
12-APR-2019,INE510A01028,ENGINEERS INDIA LTD,ENGINERSIN,60644337,10893700,46718420
12-APR-2019,INE988K01017,EQUITAS HOLDINGS LIMITED,EQUITAS,68261466,13220000,51628392
12-APR-2019,INE042A01014,ESCORTS INDIA LTD,ESCORTS,14689242,5223900,8730879
12-APR-2019,INE302A01020,EXIDE INDUSTRIES LTD,EXIDEIND,91809066,11368000,75850612
12-APR-2019,INE171A01029,FEDERAL BANK LTD,FEDERALBNK,390687191,81809000,289343831
12-APR-2019,INE129A01019,GAIL (INDIA) LTD,GAIL,208101824,13238988,184457744
12-APR-2019,INE935A01035,GLENMARK PHARMACEUTICALS,GLENMARK,30167759,4551000,24108371
12-APR-2019,INE776C01039,GMR INFRASTRUCTURE LTD.,GMRINFRA,441771144,252900000,166782586
12-APR-2019,INE260B01028,GODFREY PHILLIPS INDIA LT,GODFRYPHLP,2891826,700000,2047234
12-APR-2019,INE102D01028,GODREJ CONSUMER PRODUCTS,GODREJCP,75135570,7561200,63817591
12-APR-2019,INE233A01035,GODREJ INDUSTRIES LTD,GODREJIND,26013156,1378500,23333998
12-APR-2019,INE047A01021,GRASIM INDUSTRIES LTD,GRASIM,78447148,12413250,62111540
12-APR-2019,INE026A01025,GUJ STATE FERT & CHEM LTD,GSFC,49535525,12314000,34744748
12-APR-2019,INE176B01034,HAVELLS INDIA LIMITED,HAVELLS,50509139,5402000,42581682
12-APR-2019,INE860A01027,HCL TECHNOLOGIES LTD,HCLTECH,108488721,9377200,93687084
12-APR-2019,INE001A01036,HDFC LTD,HDFC,331028275,28893000,285583861
12-APR-2019,INE040A01026,HDFC BANK LTD,HDFCBANK,322340063,16575750,289647309
12-APR-2019,INE158A01026,HERO MOTOCORP LIMITED,HEROMOTOCO,26110651,4257800,20547318
12-APR-2019,INE093A01033,HEXAWARE TECHNOLOGIES LTD,HEXAWARE,22208479,4365000,16733055
12-APR-2019,INE038A01020,HINDALCO  INDUSTRIES  LTD,HINDALCO,292540128,45234000,232679121
12-APR-2019,INE094A01015,HINDUSTAN PETROLEUM CORP,HINDPETRO,304764525,19464900,270061398
12-APR-2019,INE030A01027,HINDUSTAN UNILEVER LTD.,HINDUNILVR,142047217,13399200,121545656
12-APR-2019,INE267A01025,HINDUSTAN ZINC LIMITED,HINDZINC,296432938,5385600,276225691
12-APR-2019,INE148I01020,INDIABULLS HSG FIN LTD,IBULHSGFIN,66523910,29193000,34004714
12-APR-2019,INE090A01021,ICICI BANK LTD.,ICICIBANK,967259346,137645750,781250628
12-APR-2019,INE726G01019,ICICI PRU LIFE INS CO LTD,ICICIPRULI,61178818,9861000,48258877
12-APR-2019,INE669E01016,VODAFONE IDEA LIMITED,IDEA,829391834,717354008,70568234
12-APR-2019,INE043D01016,IDFC LIMITED,IDFC,319271663,99448800,203859279
12-APR-2019,INE092T01019,IDFC FIRST BANK LIMITED,IDFCFIRSTB,573782582,160008000,385085452
12-APR-2019,INE039A01010,IFCI LTD,IFCI,147807447,80465000,59952074
12-APR-2019,INE203G01027,INDRAPRASTHA GAS LTD,IGL,77000080,5662250,67487826
12-APR-2019,INE383A01012,THE INDIA CEMENTS LIMITED,INDIACEM,44246369,32031000,10003050
12-APR-2019,INE562A01011,INDIAN BANK,INDIANB,17549476,4202000,12470002
12-APR-2019,INE646L01027,INTERGLOBE AVIATION LTD,INDIGO,19270843,3198000,15109300
12-APR-2019,INE095A01012,INDUSIND BANK LIMITED,INDUSINDBK,89434622,8687700,76275190
12-APR-2019,INE483S01020,INFIBEAM AVENUES LIMITED,INFIBEAM,81413204,18100000,59242543
12-APR-2019,INE121J01017,BHARTI INFRATEL LTD.,INFRATEL,171832533,6374000,156866906
12-APR-2019,INE009A01021,INFOSYS LIMITED,INFY,757551164,72594000,647079605
12-APR-2019,INE242A01010,INDIAN OIL CORP LTD,IOC,868368232,67161500,757788320
12-APR-2019,INE821I01014,IRB INFRA DEV LTD.,IRB,29847479,13219200,15135905
12-APR-2019,INE154A01025,ITC LTD,ITC,2445238781,88833600,2234143241
12-APR-2019,INE749A01030,JINDAL STEEL & POWER LTD,JINDALSTEL,80029268,33549750,42478054
12-APR-2019,INE175A01038,JAIN IRRIGATION SYSTEMS,JISLJALEQS,63596288,41571000,18845473
12-APR-2019,INE019A01038,JSW STEEL LIMITED,JSWSTEEL,274637182,45676500,215228822
12-APR-2019,INE797F01012,JUBILANT FOODWORKS LTD,JUBLFOOD,14455140,4914500,8817883
12-APR-2019,INE599M01018,JUSTDIAL LTD.,JUSTDIAL,8550030,4748800,3373728
12-APR-2019,INE217B01036,KAJARIA CERAMICS LTD,KAJARIACER,16664813,1790100,14041472
12-APR-2019,INE237A01028,KOTAK MAHINDRA BANK LTD,KOTAKBANK,267015629,14076000,239588847
12-APR-2019,INE455I01029,KAVERI SEED CO. LTD.,KSCL,5669882,1108500,4277887
12-APR-2019,INE614B01018,KARNATAKA BANK LIMITED,KTKBANK,56521559,19495600,34199881
12-APR-2019,INE498L01015,L&T FINANCE HOLDINGS LTD,L&TFH,143962331,31590000,105174214
12-APR-2019,INE115A01026,LIC HOUSING FINANCE LTD,LICHSGFIN,60244101,9433600,47798295
12-APR-2019,INE018A01030,LARSEN & TOUBRO LTD.,LT,275535867,13536375,248222698
12-APR-2019,INE326A01037,LUPIN LIMITED,LUPIN,47971947,11981900,33591449
12-APR-2019,INE101A01026,MAHINDRA & MAHINDRA LTD,M&M,173623634,23000000,141942452
12-APR-2019,INE774D01024,M&M FIN. SERVICES LTD,M&MFIN,59712403,12201250,44525532
12-APR-2019,INE522D01027,MANAPPURAM FINANCE LTD,MANAPPURAM,109330743,13614000,90250205
12-APR-2019,INE196A01026,MARICO LIMITED,MARICO,103836709,7690800,90954073
12-APR-2019,INE585B01010,MARUTI SUZUKI INDIA LTD.,MARUTI,26458324,4284600,20850807
12-APR-2019,INE854D01024,UNITED SPIRITS LIMITED,MCDOWELL-N,62845623,13728750,45974591
12-APR-2019,INE745G01035,MULTI COMMODITY EXCHANGE,MCX,10173586,2344300,7320606
12-APR-2019,INE180A01020,MAX FINANCIAL SERV LTD,MFSL,38534772,2084400,34523633
12-APR-2019,INE002S01010,MAHANAGAR GAS LTD.,MGL,11359449,643200,10148276
12-APR-2019,INE018I01017,MINDTREE LIMITED,MINDTREE,28409718,6617400,20371832
12-APR-2019,INE775A01035,MOTHERSON SUMI SYSTEMS LT,MOTHERSUMI,241729538,37517400,192125661
12-APR-2019,INE883A01011,MRF LTD,MRF,613765,33230,549846
12-APR-2019,INE103A01014,MRPL,MRPL,40018232,5705000,32312320
12-APR-2019,INE414G01012,MUTHOOT FINANCE LIMITED,MUTHOOTFIN,21223881,3136500,17026186
12-APR-2019,INE139A01034,NATIONAL ALUMINIUM CO LTD,NATIONALUM,161309931,53944000,99300434
12-APR-2019,INE095N01031,NBCC (INDIA) LIMITED,NBCC,105949489,57744000,42908014
12-APR-2019,INE868B01028,NCC LIMITED,NCC,98291337,49216000,44160770
12-APR-2019,INE239A01016,NESTLE INDIA LIMITED,NESTLEIND,7180127,344750,6476370
12-APR-2019,INE848E01016,NHPC LTD,NHPC,525836038,34749000,464795236
12-APR-2019,INE591G01017,NIIT TECHNOLOGIES LTD,NIITTECH,8557451,3845250,4284328
12-APR-2019,INE584A01023,NMDC LTD.,NMDC,169762789,24636000,136638649
12-APR-2019,INE733E01010,NTPC LTD,NTPC,866904097,82416000,741142892
12-APR-2019,INE881D01027,ORACLE FIN SERV SOFT LTD.,OFSS,4540712,312750,4000926
12-APR-2019,INE274J01014,OIL INDIA LTD,OIL,80148191,8412525,67728256
12-APR-2019,INE213A01029,OIL AND NATURAL GAS CORP.,ONGC,881795538,63577500,774128261
12-APR-2019,INE141A01014,ORIENTAL BANK OF COMMERCE,ORIENTBANK,28817691,18991000,8385806
12-APR-2019,INE761H01022,PAGE INDUSTRIES LTD,PAGEIND,1152956,103700,991608
12-APR-2019,INE785M01013,PC JEWELLER LTD,PCJEWELLER,33475537,24531000,7270760
12-APR-2019,INE140A01024,PIRAMAL ENTERPRISES LTD,PEL,18042791,3625510,13515141
12-APR-2019,INE347G01014,PETRONET LNG LIMITED,PETRONET,150000017,12867000,129633016
12-APR-2019,INE134E01011,POWER FIN CORP LTD.,PFC,203369978,42538200,150663279
12-APR-2019,INE318A01026,PIDILITE INDUSTRIES LTD,PIDILITIND,30719858,2741000,26442865
12-APR-2019,INE160A01022,PUNJAB NATIONAL BANK,PNB,208425616,149002000,49002335
12-APR-2019,INE752E01010,POWER GRID CORP. LTD.,POWERGRID,456842549,20508000,413492421
12-APR-2019,INE191H01014,PVR LIMITED,PVR,7454656,866400,6215523
12-APR-2019,INE331A01037,THE RAMCO CEMENTS LIMITED,RAMCOCEM,26974244,1752000,23873531
12-APR-2019,INE301A01014,RAYMOND LTD,RAYMOND,6775384,3892000,2544614
12-APR-2019,INE976G01028,RBL BANK LIMITED,RBLBANK,85086978,7818000,73014629
12-APR-2019,INE020B01018,REC LIMITED,RECLTD,186236520,45144000,131780694
12-APR-2019,INE013A01015,RELIANCE CAPITAL LTD,RELCAPITAL,23702036,16848000,5668934
12-APR-2019,INE002A01018,RELIANCE INDUSTRIES LTD,RELIANCE,654841181,67920000,554179121
12-APR-2019,INE036A01016,RELIANCE INFRASTRUCTU LTD,RELINFRA,26054178,18422300,6329169
12-APR-2019,INE612J01015,REPCO HOME FINANCE LTD,REPCOHOME,7866151,1160500,6312343
12-APR-2019,INE114A01011,STEEL AUTHORITY OF INDIA,SAIL,206528041,142668000,53533638
12-APR-2019,INE062A01020,STATE BANK OF INDIA,SBIN,729782012,141219000,552073911
12-APR-2019,INE070A01015,SHREE CEMENT LIMITED,SHREECEM,2453485,89950,2240860
12-APR-2019,INE003A01024,SIEMENS LTD,SIEMENS,17806068,1748450,15167314
12-APR-2019,INE683A01023,THE SOUTH INDIAN BANK LTD,SOUTHBANK,361928764,179988771,163843554
12-APR-2019,INE647A01010,SRF LTD,SRF,5468800,1446500,3748860
12-APR-2019,INE721A01013,SHRIRAM TRANSPORT FIN CO.,SRTRANSFIN,33541942,3927000,27937844
12-APR-2019,INE939A01011,STRIDES PHARMA SCI LTD,STAR,12395780,3724600,8051391
12-APR-2019,INE044A01036,SUN PHARMACEUTICAL IND L,SUNPHARMA,218894578,58202100,149747749
12-APR-2019,INE424H01027,SUN TV NETWORK LIMITED,SUNTV,19704232,8865000,9854020
12-APR-2019,INE040H01021,SUZLON ENERGY LIMITED,SUZLON,851741765,398620000,410534676
12-APR-2019,INE667A01018,SYNDICATE BANK,SYNDIBANK,76346533,37965000,34564206
12-APR-2019,INE092A01019,TATA CHEMICALS LTD,TATACHEM,35345667,4328250,29250133
12-APR-2019,INE151A01013,TATA COMMUNICATIONS LTD,TATACOMM,14258524,2542000,11003597
12-APR-2019,INE670A01012,TATA ELXSI LIMITED,TATAELXSI,6904235,1755600,4803423
12-APR-2019,INE192A01025,TATA GLOBAL BEVERAGES LTD,TATAGLOBAL,82732329,18211500,60384212
12-APR-2019,INE155A01022,TATA MOTORS LIMITED,TATAMOTORS,362219126,119284000,224824169
12-APR-2019,IN9155A01020,TATA MOTORS DVR 'A' ORD,TATAMTRDVR,101602140,41036200,55485833
12-APR-2019,INE245A01021,TATA POWER CO LTD,TATAPOWER,362445856,85887000,258436563
12-APR-2019,INE081A01012,TATA STEEL LIMITED,TATASTEEL,161060422,42029393,110978007
12-APR-2019,INE467B01029,TATA CONSULTANCY SERV LT,TCS,209768541,24107250,175172863
12-APR-2019,INE669C01036,TECH MAHINDRA LIMITED,TECHM,125642015,14914800,104445114
12-APR-2019,INE280A01028,TITAN COMPANY LIMITED,TITAN,83616848,12594750,66841255
12-APR-2019,INE685A01028,TORRENT PHARMACEUTICALS L,TORNTPHARM,9731600,850000,8395020
12-APR-2019,INE813H01021,TORRENT POWER LTD,TORNTPOWER,44634693,3402000,39000958
12-APR-2019,INE886H01027,TV18 BROADCAST LIMITED,TV18BRDCST,129899100,79521000,43883145
12-APR-2019,INE494B01023,TVS MOTOR COMPANY  LTD,TVSMOTOR,40480865,6558000,31898821
12-APR-2019,INE686F01025,UNITED BREWERIES LTD,UBL,22357672,2622200,18617588
12-APR-2019,INE334L01012,UJJIVAN FIN. SERVC. LTD.,UJJIVAN,24224375,6052800,16960356
12-APR-2019,INE481G01011,ULTRATECH CEMENT LIMITED,ULTRACEMCO,21003731,2298200,17655344
12-APR-2019,INE692A01016,UNION BANK OF INDIA,UNIONBANK,76131760,45087000,27238172
12-APR-2019,INE628A01036,UPL LIMITED,UPL,73388208,15937200,53781597
12-APR-2019,INE205A01025,VEDANTA LIMITED,VEDL,367715829,43299800,306030237
12-APR-2019,INE951I01027,V-GUARD IND LTD.,VGUARD,30594810,3921000,25144069
12-APR-2019,INE226A01021,VOLTAS LTD,VOLTAS,46126252,6860000,36959939
12-APR-2019,INE075A01022,WIPRO LTD,WIPRO,304757941,46739200,242780843
12-APR-2019,INE528G01027,YES BANK LIMITED,YESBANK,370789950,170247000,182003452
12-APR-2019,INE256A01028,ZEE ENTERTAINMENT ENT LTD,ZEEL,112141257,25311000,81223194
