<?xml version="1.0" encoding="utf-8" ?>
<MWPL_Viols>
<MWPL>
	<Date>24-APR-2019</Date>
	<ISIN>INE814H01011</ISIN>
	<Scrip_Name>ADANI POWER LTD</Scrip_Name>
	<NSE_Symbol>ADANIPOWER</NSE_Symbol>
	<MWPL_Limit>193065274</MWPL_Limit>
	<Open_Interest>168680000</Open_Interest>
	<Limit_for_Next_Day>No Fresh Positions</Limit_for_Next_Day>
</MWPL>
<MWPL>
	<Date>24-APR-2019</Date>
	<ISIN>INE271C01023</ISIN>
	<Scrip_Name>DLF LIMITED</Scrip_Name>
	<NSE_Symbol>DLF</NSE_Symbol>
	<MWPL_Limit>89416568</MWPL_Limit>
	<Open_Interest>86528000</Open_Interest>
	<Limit_for_Next_Day>No Fresh Positions</Limit_for_Next_Day>
</MWPL>
<MWPL>
	<Date>24-APR-2019</Date>
	<ISIN>INE008A01015</ISIN>
	<Scrip_Name>IDBI BANK LIMITED</Scrip_Name>
	<NSE_Symbol>IDBI</NSE_Symbol>
	<MWPL_Limit>39323831</MWPL_Limit>
	<Open_Interest>31900000</Open_Interest>
	<Limit_for_Next_Day>No Fresh Positions</Limit_for_Next_Day>
</MWPL>
<MWPL>
	<Date>24-APR-2019</Date>
	<ISIN>INE669E01016</ISIN>
	<Scrip_Name>VODAFONE IDEA LIMITED</Scrip_Name>
	<NSE_Symbol>IDEA</NSE_Symbol>
	<MWPL_Limit>829391834</MWPL_Limit>
	<Open_Interest>684353260</Open_Interest>
	<Limit_for_Next_Day>No Fresh Positions</Limit_for_Next_Day>
</MWPL>
<MWPL>
	<Date>24-APR-2019</Date>
	<ISIN>INE802G01018</ISIN>
	<Scrip_Name>JET AIRWAYS (INDIA) LTD.</Scrip_Name>
	<NSE_Symbol>JETAIRWAYS</NSE_Symbol>
	<MWPL_Limit>11132543</MWPL_Limit>
	<Open_Interest>9563400</Open_Interest>
	<Limit_for_Next_Day>No Fresh Positions</Limit_for_Next_Day>
</MWPL>
<MWPL>
	<Date>24-APR-2019</Date>
	<ISIN>INE614G01033</ISIN>
	<Scrip_Name>RELIANCE POWER LTD.</Scrip_Name>
	<NSE_Symbol>RPOWER</NSE_Symbol>
	<MWPL_Limit>140233556</MWPL_Limit>
	<Open_Interest>130128000</Open_Interest>
	<Limit_for_Next_Day>No Fresh Positions</Limit_for_Next_Day>
</MWPL>
<MWPL>
	<Date>24-APR-2019</Date>
	<ISIN>INE012A01025</ISIN>
	<Scrip_Name>ACC LIMITED</Scrip_Name>
	<NSE_Symbol>ACC</NSE_Symbol>
	<MWPL_Limit>17078428</MWPL_Limit>
	<Open_Interest>4906400</Open_Interest>
	<Limit_for_Next_Day>11318106</Limit_for_Next_Day>
</MWPL>
<MWPL>
	<Date>24-APR-2019</Date>
	<ISIN>INE423A01024</ISIN>
	<Scrip_Name>ADANI ENTERPRISES LIMITED</Scrip_Name>
	<NSE_Symbol>ADANIENT</NSE_Symbol>
	<MWPL_Limit>55169320</MWPL_Limit>
	<Open_Interest>45712000</Open_Interest>
	<Limit_for_Next_Day>6698854</Limit_for_Next_Day>
</MWPL>
<MWPL>
	<Date>24-APR-2019</Date>
	<ISIN>INE742F01042</ISIN>
	<Scrip_Name>ADANI PORT & SEZ LTD</Scrip_Name>
	<NSE_Symbol>ADANIPORTS</NSE_Symbol>
	<MWPL_Limit>156144401</MWPL_Limit>
	<Open_Interest>24375000</Open_Interest>
	<Limit_for_Next_Day>123962180</Limit_for_Next_Day>
</MWPL>
<MWPL>
	<Date>24-APR-2019</Date>
	<ISIN>INE031B01049</ISIN>
	<Scrip_Name>AJANTA PHARMA LIMITED</Scrip_Name>
	<NSE_Symbol>AJANTPHARM</NSE_Symbol>
	<MWPL_Limit>5196948</MWPL_Limit>
	<Open_Interest>798500</Open_Interest>
	<Limit_for_Next_Day>4138600</Limit_for_Next_Day>
</MWPL>
<MWPL>
	<Date>24-APR-2019</Date>
	<ISIN>INE428A01015</ISIN>
	<Scrip_Name>ALLAHABAD BANK</Scrip_Name>
	<NSE_Symbol>ALBK</NSE_Symbol>
	<MWPL_Limit>50696289</MWPL_Limit>
	<Open_Interest>28704000</Open_Interest>
	<Limit_for_Next_Day>19457474</Limit_for_Next_Day>
</MWPL>
<MWPL>
	<Date>24-APR-2019</Date>
	<ISIN>INE885A01032</ISIN>
	<Scrip_Name>AMARA RAJA BATTERIES LTD.</Scrip_Name>
	<NSE_Symbol>AMARAJABAT</NSE_Symbol>
	<MWPL_Limit>16377009</MWPL_Limit>
	<Open_Interest>2279200</Open_Interest>
	<Limit_for_Next_Day>13278958</Limit_for_Next_Day>
</MWPL>
<MWPL>
	<Date>24-APR-2019</Date>
	<ISIN>INE079A01024</ISIN>
	<Scrip_Name>AMBUJA CEMENTS LTD</Scrip_Name>
	<NSE_Symbol>AMBUJACEM</NSE_Symbol>
	<MWPL_Limit>144327988</MWPL_Limit>
	<Open_Interest>24035000</Open_Interest>
	<Limit_for_Next_Day>113076588</Limit_for_Next_Day>
</MWPL>
<MWPL>
	<Date>24-APR-2019</Date>
	<ISIN>INE437A01024</ISIN>
	<Scrip_Name>APOLLO HOSPITALS ENTER. L</Scrip_Name>
	<NSE_Symbol>APOLLOHOSP</NSE_Symbol>
	<MWPL_Limit>18254499</MWPL_Limit>
	<Open_Interest>1141000</Open_Interest>
	<Limit_for_Next_Day>16200774</Limit_for_Next_Day>
</MWPL>
<MWPL>
	<Date>24-APR-2019</Date>
	<ISIN>INE438A01022</ISIN>
	<Scrip_Name>APOLLO TYRES LTD</Scrip_Name>
	<NSE_Symbol>APOLLOTYRE</NSE_Symbol>
	<MWPL_Limit>67723169</MWPL_Limit>
	<Open_Interest>13380000</Open_Interest>
	<Limit_for_Next_Day>50957010</Limit_for_Next_Day>
</MWPL>
<MWPL>
	<Date>24-APR-2019</Date>
	<ISIN>INE034A01011</ISIN>
	<Scrip_Name>ARVIND LIMITED</Scrip_Name>
	<NSE_Symbol>ARVIND</NSE_Symbol>
	<MWPL_Limit>29429703</MWPL_Limit>
	<Open_Interest>6102000</Open_Interest>
	<Limit_for_Next_Day>21856217</Limit_for_Next_Day>
</MWPL>
<MWPL>
	<Date>24-APR-2019</Date>
	<ISIN>INE208A01029</ISIN>
	<Scrip_Name>ASHOK LEYLAND LTD</Scrip_Name>
	<NSE_Symbol>ASHOKLEY</NSE_Symbol>
	<MWPL_Limit>286973403</MWPL_Limit>
	<Open_Interest>117148000</Open_Interest>
	<Limit_for_Next_Day>155476732</Limit_for_Next_Day>
</MWPL>
<MWPL>
	<Date>24-APR-2019</Date>
	<ISIN>INE021A01026</ISIN>
	<Scrip_Name>ASIAN PAINTS LIMITED</Scrip_Name>
	<NSE_Symbol>ASIANPAINT</NSE_Symbol>
	<MWPL_Limit>90562661</MWPL_Limit>
	<Open_Interest>6931200</Open_Interest>
	<Limit_for_Next_Day>79103327</Limit_for_Next_Day>
</MWPL>
<MWPL>
	<Date>24-APR-2019</Date>
	<ISIN>INE406A01037</ISIN>
	<Scrip_Name>AUROBINDO PHARMA LTD</Scrip_Name>
	<NSE_Symbol>AUROPHARMA</NSE_Symbol>
	<MWPL_Limit>56396335</MWPL_Limit>
	<Open_Interest>20033000</Open_Interest>
	<Limit_for_Next_Day>33543518</Limit_for_Next_Day>
</MWPL>
<MWPL>
	<Date>24-APR-2019</Date>
	<ISIN>INE238A01034</ISIN>
	<Scrip_Name>AXIS BANK LIMITED</Scrip_Name>
	<NSE_Symbol>AXISBANK</NSE_Symbol>
	<MWPL_Limit>380572741</MWPL_Limit>
	<Open_Interest>55399200</Open_Interest>
	<Limit_for_Next_Day>306144903</Limit_for_Next_Day>
</MWPL>
<MWPL>
	<Date>24-APR-2019</Date>
	<ISIN>INE917I01010</ISIN>
	<Scrip_Name>BAJAJ AUTO LIMITED</Scrip_Name>
	<NSE_Symbol>BAJAJ-AUTO</NSE_Symbol>
	<MWPL_Limit>29341807</MWPL_Limit>
	<Open_Interest>4786750</Open_Interest>
	<Limit_for_Next_Day>23087966</Limit_for_Next_Day>
</MWPL>
<MWPL>
	<Date>24-APR-2019</Date>
	<ISIN>INE918I01018</ISIN>
	<Scrip_Name>BAJAJ FINSERV LTD.</Scrip_Name>
	<NSE_Symbol>BAJAJFINSV</NSE_Symbol>
	<MWPL_Limit>13248060</MWPL_Limit>
	<Open_Interest>940625</Open_Interest>
	<Limit_for_Next_Day>11645032</Limit_for_Next_Day>
</MWPL>
<MWPL>
	<Date>24-APR-2019</Date>
	<ISIN>INE296A01024</ISIN>
	<Scrip_Name>BAJAJ FINANCE LIMITED</Scrip_Name>
	<NSE_Symbol>BAJFINANCE</NSE_Symbol>
	<MWPL_Limit>51558770</MWPL_Limit>
	<Open_Interest>7044500</Open_Interest>
	<Limit_for_Next_Day>41936331</Limit_for_Next_Day>
</MWPL>
<MWPL>
	<Date>24-APR-2019</Date>
	<ISIN>INE787D01026</ISIN>
	<Scrip_Name>BALKRISHNA IND. LTD</Scrip_Name>
	<NSE_Symbol>BALKRISIND</NSE_Symbol>
	<MWPL_Limit>16124234</MWPL_Limit>
	<Open_Interest>1842400</Open_Interest>
	<Limit_for_Next_Day>13475622</Limit_for_Next_Day>
</MWPL>
<MWPL>
	<Date>24-APR-2019</Date>
	<ISIN>INE028A01039</ISIN>
	<Scrip_Name>BANK OF BARODA</Scrip_Name>
	<NSE_Symbol>BANKBARODA</NSE_Symbol>
	<MWPL_Limit>191844279</MWPL_Limit>
	<Open_Interest>80656000</Open_Interest>
	<Limit_for_Next_Day>101596065</Limit_for_Next_Day>
</MWPL>
<MWPL>
	<Date>24-APR-2019</Date>
	<ISIN>INE084A01016</ISIN>
	<Scrip_Name>BANK OF INDIA</Scrip_Name>
	<NSE_Symbol>BANKINDIA</NSE_Symbol>
	<MWPL_Limit>58936059</MWPL_Limit>
	<Open_Interest>35760000</Open_Interest>
	<Limit_for_Next_Day>20229256</Limit_for_Next_Day>
</MWPL>
<MWPL>
	<Date>24-APR-2019</Date>
	<ISIN>INE176A01028</ISIN>
	<Scrip_Name>BATA INDIA LTD</Scrip_Name>
	<NSE_Symbol>BATAINDIA</NSE_Symbol>
	<MWPL_Limit>12092405</MWPL_Limit>
	<Open_Interest>2922150</Open_Interest>
	<Limit_for_Next_Day>8565634</Limit_for_Next_Day>
</MWPL>
<MWPL>
	<Date>24-APR-2019</Date>
	<ISIN>INE263A01024</ISIN>
	<Scrip_Name>BHARAT ELECTRONICS LTD</Scrip_Name>
	<NSE_Symbol>BEL</NSE_Symbol>
	<MWPL_Limit>185506537</MWPL_Limit>
	<Open_Interest>54678000</Open_Interest>
	<Limit_for_Next_Day>121553210</Limit_for_Next_Day>
</MWPL>
<MWPL>
	<Date>24-APR-2019</Date>
	<ISIN>INE258A01016</ISIN>
	<Scrip_Name>BEML LIMITED</Scrip_Name>
	<NSE_Symbol>BEML</NSE_Symbol>
	<MWPL_Limit>3828900</MWPL_Limit>
	<Open_Interest>1920100</Open_Interest>
	<Limit_for_Next_Day>1717355</Limit_for_Next_Day>
</MWPL>
<MWPL>
	<Date>24-APR-2019</Date>
	<ISIN>INE463A01038</ISIN>
	<Scrip_Name>BERGER PAINTS (I) LTD</Scrip_Name>
	<NSE_Symbol>BERGEPAINT</NSE_Symbol>
	<MWPL_Limit>48578062</MWPL_Limit>
	<Open_Interest>3242800</Open_Interest>
	<Limit_for_Next_Day>42906358</Limit_for_Next_Day>
</MWPL>
<MWPL>
	<Date>24-APR-2019</Date>
	<ISIN>INE180K01011</ISIN>
	<Scrip_Name>BHARAT FIN INCLUSION LTD</Scrip_Name>
	<NSE_Symbol>BHARATFIN</NSE_Symbol>
	<MWPL_Limit>27585244</MWPL_Limit>
	<Open_Interest>5007500</Open_Interest>
	<Limit_for_Next_Day>21198481</Limit_for_Next_Day>
</MWPL>
<MWPL>
	<Date>24-APR-2019</Date>
	<ISIN>INE465A01025</ISIN>
	<Scrip_Name>BHARAT FORGE LTD</Scrip_Name>
	<NSE_Symbol>BHARATFORG</NSE_Symbol>
	<MWPL_Limit>50501678</MWPL_Limit>
	<Open_Interest>11382000</Open_Interest>
	<Limit_for_Next_Day>36594594</Limit_for_Next_Day>
</MWPL>
<MWPL>
	<Date>24-APR-2019</Date>
	<ISIN>INE397D01024</ISIN>
	<Scrip_Name>BHARTI AIRTEL LIMITED</Scrip_Name>
	<NSE_Symbol>BHARTIARTL</NSE_Symbol>
	<MWPL_Limit>285738559</MWPL_Limit>
	<Open_Interest>52766457</Open_Interest>
	<Limit_for_Next_Day>218685174</Limit_for_Next_Day>
</MWPL>
<MWPL>
	<Date>24-APR-2019</Date>
	<ISIN>INE257A01026</ISIN>
	<Scrip_Name>BHEL</Scrip_Name>
	<NSE_Symbol>BHEL</NSE_Symbol>
	<MWPL_Limit>256482590</MWPL_Limit>
	<Open_Interest>79507500</Open_Interest>
	<Limit_for_Next_Day>164150960</Limit_for_Next_Day>
</MWPL>
<MWPL>
	<Date>24-APR-2019</Date>
	<ISIN>INE376G01013</ISIN>
	<Scrip_Name>BIOCON LIMITED.</Scrip_Name>
	<NSE_Symbol>BIOCON</NSE_Symbol>
	<MWPL_Limit>45649210</MWPL_Limit>
	<Open_Interest>9315900</Open_Interest>
	<Limit_for_Next_Day>34050849</Limit_for_Next_Day>
</MWPL>
<MWPL>
	<Date>24-APR-2019</Date>
	<ISIN>INE323A01026</ISIN>
	<Scrip_Name>BOSCH LIMITED</Scrip_Name>
	<NSE_Symbol>BOSCHLTD</NSE_Symbol>
	<MWPL_Limit>1737683</MWPL_Limit>
	<Open_Interest>154530</Open_Interest>
	<Limit_for_Next_Day>1496268</Limit_for_Next_Day>
</MWPL>
<MWPL>
	<Date>24-APR-2019</Date>
	<ISIN>INE029A01011</ISIN>
	<Scrip_Name>BHARAT PETROLEUM CORP  LT</Scrip_Name>
	<NSE_Symbol>BPCL</NSE_Symbol>
	<MWPL_Limit>199861375</MWPL_Limit>
	<Open_Interest>17496000</Open_Interest>
	<Limit_for_Next_Day>172372306</Limit_for_Next_Day>
</MWPL>
<MWPL>
	<Date>24-APR-2019</Date>
	<ISIN>INE216A01030</ISIN>
	<Scrip_Name>BRITANNIA INDUSTRIES LTD</Scrip_Name>
	<NSE_Symbol>BRITANNIA</NSE_Symbol>
	<MWPL_Limit>23714500</MWPL_Limit>
	<Open_Interest>2278000</Open_Interest>
	<Limit_for_Next_Day>20250775</Limit_for_Next_Day>
</MWPL>
<MWPL>
	<Date>24-APR-2019</Date>
	<ISIN>INE836A01035</ISIN>
	<Scrip_Name>BIRLASOFT LIMITED</Scrip_Name>
	<NSE_Symbol>BSOFT</NSE_Symbol>
	<MWPL_Limit>30868887</MWPL_Limit>
	<Open_Interest>3516750</Open_Interest>
	<Limit_for_Next_Day>25808692</Limit_for_Next_Day>
</MWPL>
<MWPL>
	<Date>24-APR-2019</Date>
	<ISIN>INE010B01027</ISIN>
	<Scrip_Name>CADILA HEALTHCARE LIMITED</Scrip_Name>
	<NSE_Symbol>CADILAHC</NSE_Symbol>
	<MWPL_Limit>51610474</MWPL_Limit>
	<Open_Interest>14204800</Open_Interest>
	<Limit_for_Next_Day>34825150</Limit_for_Next_Day>
</MWPL>
<MWPL>
	<Date>24-APR-2019</Date>
	<ISIN>INE476A01014</ISIN>
	<Scrip_Name>CANARA BANK</Scrip_Name>
	<NSE_Symbol>CANBK</NSE_Symbol>
	<MWPL_Limit>40260000</MWPL_Limit>
	<Open_Interest>14412000</Open_Interest>
	<Limit_for_Next_Day>23835000</Limit_for_Next_Day>
</MWPL>
<MWPL>
	<Date>24-APR-2019</Date>
	<ISIN>INE477A01020</ISIN>
	<Scrip_Name>CAN FIN HOMES LTD</Scrip_Name>
	<NSE_Symbol>CANFINHOME</NSE_Symbol>
	<MWPL_Limit>18644752</MWPL_Limit>
	<Open_Interest>4154400</Open_Interest>
	<Limit_for_Next_Day>13558114</Limit_for_Next_Day>
</MWPL>
<MWPL>
	<Date>24-APR-2019</Date>
	<ISIN>INE172A01027</ISIN>
	<Scrip_Name>CASTROL INDIA LIMITED</Scrip_Name>
	<NSE_Symbol>CASTROLIND</NSE_Symbol>
	<MWPL_Limit>96933993</MWPL_Limit>
	<Open_Interest>8374200</Open_Interest>
	<Limit_for_Next_Day>83713093</Limit_for_Next_Day>
</MWPL>
<MWPL>
	<Date>24-APR-2019</Date>
	<ISIN>INE482A01020</ISIN>
	<Scrip_Name>CEAT LIMITED</Scrip_Name>
	<NSE_Symbol>CEATLTD</NSE_Symbol>
	<MWPL_Limit>3966064</MWPL_Limit>
	<Open_Interest>1332800</Open_Interest>
	<Limit_for_Next_Day>2434960</Limit_for_Next_Day>
</MWPL>
<MWPL>
	<Date>24-APR-2019</Date>
	<ISIN>INE055A01016</ISIN>
	<Scrip_Name>CENTURY TEXTILES LTD</Scrip_Name>
	<NSE_Symbol>CENTURYTEX</NSE_Symbol>
	<MWPL_Limit>11123542</MWPL_Limit>
	<Open_Interest>4666200</Open_Interest>
	<Limit_for_Next_Day>5901164</Limit_for_Next_Day>
</MWPL>
<MWPL>
	<Date>24-APR-2019</Date>
	<ISIN>INE486A01013</ISIN>
	<Scrip_Name>CESC LTD</Scrip_Name>
	<NSE_Symbol>CESC</NSE_Symbol>
	<MWPL_Limit>13275380</MWPL_Limit>
	<Open_Interest>1805100</Open_Interest>
	<Limit_for_Next_Day>10806511</Limit_for_Next_Day>
</MWPL>
<MWPL>
	<Date>24-APR-2019</Date>
	<ISIN>INE067A01029</ISIN>
	<Scrip_Name>CG POWER AND IND SOL LTD</Scrip_Name>
	<NSE_Symbol>CGPOWER</NSE_Symbol>
	<MWPL_Limit>82103824</MWPL_Limit>
	<Open_Interest>35208000</Open_Interest>
	<Limit_for_Next_Day>42790632</Limit_for_Next_Day>
</MWPL>
<MWPL>
	<Date>24-APR-2019</Date>
	<ISIN>INE178A01016</ISIN>
	<Scrip_Name>CHENNAI PETROLEUM CORP LT</Scrip_Name>
	<NSE_Symbol>CHENNPETRO</NSE_Symbol>
	<MWPL_Limit>9742660</MWPL_Limit>
	<Open_Interest>1233000</Open_Interest>
	<Limit_for_Next_Day>8022527</Limit_for_Next_Day>
</MWPL>
<MWPL>
	<Date>24-APR-2019</Date>
	<ISIN>INE121A01016</ISIN>
	<Scrip_Name>CHOLAMANDALAM IN & FIN CO</Scrip_Name>
	<NSE_Symbol>CHOLAFIN</NSE_Symbol>
	<MWPL_Limit>14677911</MWPL_Limit>
	<Open_Interest>813500</Open_Interest>
	<Limit_for_Next_Day>13130515</Limit_for_Next_Day>
</MWPL>
<MWPL>
	<Date>24-APR-2019</Date>
	<ISIN>INE059A01026</ISIN>
	<Scrip_Name>CIPLA LTD</Scrip_Name>
	<NSE_Symbol>CIPLA</NSE_Symbol>
	<MWPL_Limit>101917315</MWPL_Limit>
	<Open_Interest>15681000</Open_Interest>
	<Limit_for_Next_Day>81140449</Limit_for_Next_Day>
</MWPL>
<MWPL>
	<Date>24-APR-2019</Date>
	<ISIN>INE522F01014</ISIN>
	<Scrip_Name>COAL INDIA LTD</Scrip_Name>
	<NSE_Symbol>COALINDIA</NSE_Symbol>
	<MWPL_Limit>336345332</MWPL_Limit>
	<Open_Interest>52613000</Open_Interest>
	<Limit_for_Next_Day>266915065</Limit_for_Next_Day>
</MWPL>
<MWPL>
	<Date>24-APR-2019</Date>
	<ISIN>INE259A01022</ISIN>
	<Scrip_Name>COLGATE PALMOLIVE LTD.</Scrip_Name>
	<NSE_Symbol>COLPAL</NSE_Symbol>
	<MWPL_Limit>26654592</MWPL_Limit>
	<Open_Interest>2271500</Open_Interest>
	<Limit_for_Next_Day>23050362</Limit_for_Next_Day>
</MWPL>
<MWPL>
	<Date>24-APR-2019</Date>
	<ISIN>INE111A01025</ISIN>
	<Scrip_Name>CONTAINER CORP OF IND LTD</Scrip_Name>
	<NSE_Symbol>CONCOR</NSE_Symbol>
	<MWPL_Limit>55081874</MWPL_Limit>
	<Open_Interest>1985010</Open_Interest>
	<Limit_for_Next_Day>50342770</Limit_for_Next_Day>
</MWPL>
<MWPL>
	<Date>24-APR-2019</Date>
	<ISIN>INE298A01020</ISIN>
	<Scrip_Name>CUMMINS INDIA LTD</Scrip_Name>
	<NSE_Symbol>CUMMINSIND</NSE_Symbol>
	<MWPL_Limit>27165463</MWPL_Limit>
	<Open_Interest>1758400</Open_Interest>
	<Limit_for_Next_Day>24048789</Limit_for_Next_Day>
</MWPL>
<MWPL>
	<Date>24-APR-2019</Date>
	<ISIN>INE016A01026</ISIN>
	<Scrip_Name>DABUR INDIA LTD</Scrip_Name>
	<NSE_Symbol>DABUR</NSE_Symbol>
	<MWPL_Limit>113438092</MWPL_Limit>
	<Open_Interest>15296250</Open_Interest>
	<Limit_for_Next_Day>92469937</Limit_for_Next_Day>
</MWPL>
<MWPL>
	<Date>24-APR-2019</Date>
	<ISIN>INE503A01015</ISIN>
	<Scrip_Name>DCB BANK LIMITED</Scrip_Name>
	<NSE_Symbol>DCBBANK</NSE_Symbol>
	<MWPL_Limit>52620094</MWPL_Limit>
	<Open_Interest>9531000</Open_Interest>
	<Limit_for_Next_Day>40458089</Limit_for_Next_Day>
</MWPL>
<MWPL>
	<Date>24-APR-2019</Date>
	<ISIN>INE202B01012</ISIN>
	<Scrip_Name>DEWAN HOUSING FIN CORP LT</Scrip_Name>
	<NSE_Symbol>DHFL</NSE_Symbol>
	<MWPL_Limit>38154662</MWPL_Limit>
	<Open_Interest>28534500</Open_Interest>
	<Limit_for_Next_Day>7712428</Limit_for_Next_Day>
</MWPL>
<MWPL>
	<Date>24-APR-2019</Date>
	<ISIN>INE836F01026</ISIN>
	<Scrip_Name>DISH TV INDIA LTD.</Scrip_Name>
	<NSE_Symbol>DISHTV</NSE_Symbol>
	<MWPL_Limit>144254920</MWPL_Limit>
	<Open_Interest>76808000</Open_Interest>
	<Limit_for_Next_Day>60234174</Limit_for_Next_Day>
</MWPL>
<MWPL>
	<Date>24-APR-2019</Date>
	<ISIN>INE361B01024</ISIN>
	<Scrip_Name>DIVI'S LABORATORIES LTD</Scrip_Name>
	<NSE_Symbol>DIVISLAB</NSE_Symbol>
	<MWPL_Limit>25478844</MWPL_Limit>
	<Open_Interest>3182400</Open_Interest>
	<Limit_for_Next_Day>21022501</Limit_for_Next_Day>
</MWPL>
<MWPL>
	<Date>24-APR-2019</Date>
	<ISIN>INE089A01023</ISIN>
	<Scrip_Name>DR. REDDY'S LABORATORIES</Scrip_Name>
	<NSE_Symbol>DRREDDY</NSE_Symbol>
	<MWPL_Limit>24280052</MWPL_Limit>
	<Open_Interest>4324500</Open_Interest>
	<Limit_for_Next_Day>18741549</Limit_for_Next_Day>
</MWPL>
<MWPL>
	<Date>24-APR-2019</Date>
	<ISIN>INE066A01013</ISIN>
	<Scrip_Name>EICHER MOTORS LTD</Scrip_Name>
	<NSE_Symbol>EICHERMOT</NSE_Symbol>
	<MWPL_Limit>2763845</MWPL_Limit>
	<Open_Interest>541350</Open_Interest>
	<Limit_for_Next_Day>2084302</Limit_for_Next_Day>
</MWPL>
<MWPL>
	<Date>24-APR-2019</Date>
	<ISIN>INE510A01028</ISIN>
	<Scrip_Name>ENGINEERS INDIA LTD</Scrip_Name>
	<NSE_Symbol>ENGINERSIN</NSE_Symbol>
	<MWPL_Limit>60644337</MWPL_Limit>
	<Open_Interest>10368900</Open_Interest>
	<Limit_for_Next_Day>47243220</Limit_for_Next_Day>
</MWPL>
<MWPL>
	<Date>24-APR-2019</Date>
	<ISIN>INE988K01017</ISIN>
	<Scrip_Name>EQUITAS HOLDINGS LIMITED</Scrip_Name>
	<NSE_Symbol>EQUITAS</NSE_Symbol>
	<MWPL_Limit>68261466</MWPL_Limit>
	<Open_Interest>13016000</Open_Interest>
	<Limit_for_Next_Day>51832392</Limit_for_Next_Day>
</MWPL>
<MWPL>
	<Date>24-APR-2019</Date>
	<ISIN>INE042A01014</ISIN>
	<Scrip_Name>ESCORTS INDIA LTD</Scrip_Name>
	<NSE_Symbol>ESCORTS</NSE_Symbol>
	<MWPL_Limit>14689242</MWPL_Limit>
	<Open_Interest>4574900</Open_Interest>
	<Limit_for_Next_Day>9379879</Limit_for_Next_Day>
</MWPL>
<MWPL>
	<Date>24-APR-2019</Date>
	<ISIN>INE302A01020</ISIN>
	<Scrip_Name>EXIDE INDUSTRIES LTD</Scrip_Name>
	<NSE_Symbol>EXIDEIND</NSE_Symbol>
	<MWPL_Limit>91809066</MWPL_Limit>
	<Open_Interest>10710000</Open_Interest>
	<Limit_for_Next_Day>76508612</Limit_for_Next_Day>
</MWPL>
<MWPL>
	<Date>24-APR-2019</Date>
	<ISIN>INE171A01029</ISIN>
	<Scrip_Name>FEDERAL BANK LTD</Scrip_Name>
	<NSE_Symbol>FEDERALBNK</NSE_Symbol>
	<MWPL_Limit>390687191</MWPL_Limit>
	<Open_Interest>73661000</Open_Interest>
	<Limit_for_Next_Day>297491831</Limit_for_Next_Day>
</MWPL>
<MWPL>
	<Date>24-APR-2019</Date>
	<ISIN>INE129A01019</ISIN>
	<Scrip_Name>GAIL (INDIA) LTD</Scrip_Name>
	<NSE_Symbol>GAIL</NSE_Symbol>
	<MWPL_Limit>208101824</MWPL_Limit>
	<Open_Interest>15545943</Open_Interest>
	<Limit_for_Next_Day>182150789</Limit_for_Next_Day>
</MWPL>
<MWPL>
	<Date>24-APR-2019</Date>
	<ISIN>INE935A01035</ISIN>
	<Scrip_Name>GLENMARK PHARMACEUTICALS</Scrip_Name>
	<NSE_Symbol>GLENMARK</NSE_Symbol>
	<MWPL_Limit>30167759</MWPL_Limit>
	<Open_Interest>4789000</Open_Interest>
	<Limit_for_Next_Day>23870371</Limit_for_Next_Day>
</MWPL>
<MWPL>
	<Date>24-APR-2019</Date>
	<ISIN>INE776C01039</ISIN>
	<Scrip_Name>GMR INFRASTRUCTURE LTD.</Scrip_Name>
	<NSE_Symbol>GMRINFRA</NSE_Symbol>
	<MWPL_Limit>441771144</MWPL_Limit>
	<Open_Interest>302850000</Open_Interest>
	<Limit_for_Next_Day>116832586</Limit_for_Next_Day>
</MWPL>
<MWPL>
	<Date>24-APR-2019</Date>
	<ISIN>INE260B01028</ISIN>
	<Scrip_Name>GODFREY PHILLIPS INDIA LT</Scrip_Name>
	<NSE_Symbol>GODFRYPHLP</NSE_Symbol>
	<MWPL_Limit>2891826</MWPL_Limit>
	<Open_Interest>666400</Open_Interest>
	<Limit_for_Next_Day>2080834</Limit_for_Next_Day>
</MWPL>
<MWPL>
	<Date>24-APR-2019</Date>
	<ISIN>INE102D01028</ISIN>
	<Scrip_Name>GODREJ CONSUMER PRODUCTS</Scrip_Name>
	<NSE_Symbol>GODREJCP</NSE_Symbol>
	<MWPL_Limit>75135570</MWPL_Limit>
	<Open_Interest>6554400</Open_Interest>
	<Limit_for_Next_Day>64824391</Limit_for_Next_Day>
</MWPL>
<MWPL>
	<Date>24-APR-2019</Date>
	<ISIN>INE233A01035</ISIN>
	<Scrip_Name>GODREJ INDUSTRIES LTD</Scrip_Name>
	<NSE_Symbol>GODREJIND</NSE_Symbol>
	<MWPL_Limit>26013156</MWPL_Limit>
	<Open_Interest>1195500</Open_Interest>
	<Limit_for_Next_Day>23516998</Limit_for_Next_Day>
</MWPL>
<MWPL>
	<Date>24-APR-2019</Date>
	<ISIN>INE047A01021</ISIN>
	<Scrip_Name>GRASIM INDUSTRIES LTD</Scrip_Name>
	<NSE_Symbol>GRASIM</NSE_Symbol>
	<MWPL_Limit>78447148</MWPL_Limit>
	<Open_Interest>11956500</Open_Interest>
	<Limit_for_Next_Day>62568290</Limit_for_Next_Day>
</MWPL>
<MWPL>
	<Date>24-APR-2019</Date>
	<ISIN>INE026A01025</ISIN>
	<Scrip_Name>GUJ STATE FERT & CHEM LTD</Scrip_Name>
	<NSE_Symbol>GSFC</NSE_Symbol>
	<MWPL_Limit>49535525</MWPL_Limit>
	<Open_Interest>12074300</Open_Interest>
	<Limit_for_Next_Day>34984448</Limit_for_Next_Day>
</MWPL>
<MWPL>
	<Date>24-APR-2019</Date>
	<ISIN>INE176B01034</ISIN>
	<Scrip_Name>HAVELLS INDIA LIMITED</Scrip_Name>
	<NSE_Symbol>HAVELLS</NSE_Symbol>
	<MWPL_Limit>50509139</MWPL_Limit>
	<Open_Interest>5984000</Open_Interest>
	<Limit_for_Next_Day>41999682</Limit_for_Next_Day>
</MWPL>
<MWPL>
	<Date>24-APR-2019</Date>
	<ISIN>INE860A01027</ISIN>
	<Scrip_Name>HCL TECHNOLOGIES LTD</Scrip_Name>
	<NSE_Symbol>HCLTECH</NSE_Symbol>
	<MWPL_Limit>108488721</MWPL_Limit>
	<Open_Interest>10606400</Open_Interest>
	<Limit_for_Next_Day>92457884</Limit_for_Next_Day>
</MWPL>
<MWPL>
	<Date>24-APR-2019</Date>
	<ISIN>INE001A01036</ISIN>
	<Scrip_Name>HDFC LTD</Scrip_Name>
	<NSE_Symbol>HDFC</NSE_Symbol>
	<MWPL_Limit>331028275</MWPL_Limit>
	<Open_Interest>31985500</Open_Interest>
	<Limit_for_Next_Day>282491361</Limit_for_Next_Day>
</MWPL>
<MWPL>
	<Date>24-APR-2019</Date>
	<ISIN>INE040A01026</ISIN>
	<Scrip_Name>HDFC BANK LTD</Scrip_Name>
	<NSE_Symbol>HDFCBANK</NSE_Symbol>
	<MWPL_Limit>322340063</MWPL_Limit>
	<Open_Interest>20341000</Open_Interest>
	<Limit_for_Next_Day>285882059</Limit_for_Next_Day>
</MWPL>
<MWPL>
	<Date>24-APR-2019</Date>
	<ISIN>INE158A01026</ISIN>
	<Scrip_Name>HERO MOTOCORP LIMITED</Scrip_Name>
	<NSE_Symbol>HEROMOTOCO</NSE_Symbol>
	<MWPL_Limit>26110651</MWPL_Limit>
	<Open_Interest>3989200</Open_Interest>
	<Limit_for_Next_Day>20815918</Limit_for_Next_Day>
</MWPL>
<MWPL>
	<Date>24-APR-2019</Date>
	<ISIN>INE093A01033</ISIN>
	<Scrip_Name>HEXAWARE TECHNOLOGIES LTD</Scrip_Name>
	<NSE_Symbol>HEXAWARE</NSE_Symbol>
	<MWPL_Limit>22208479</MWPL_Limit>
	<Open_Interest>4591500</Open_Interest>
	<Limit_for_Next_Day>16506555</Limit_for_Next_Day>
</MWPL>
<MWPL>
	<Date>24-APR-2019</Date>
	<ISIN>INE038A01020</ISIN>
	<Scrip_Name>HINDALCO  INDUSTRIES  LTD</Scrip_Name>
	<NSE_Symbol>HINDALCO</NSE_Symbol>
	<MWPL_Limit>292540128</MWPL_Limit>
	<Open_Interest>53245500</Open_Interest>
	<Limit_for_Next_Day>224667621</Limit_for_Next_Day>
</MWPL>
<MWPL>
	<Date>24-APR-2019</Date>
	<ISIN>INE094A01015</ISIN>
	<Scrip_Name>HINDUSTAN PETROLEUM CORP</Scrip_Name>
	<NSE_Symbol>HINDPETRO</NSE_Symbol>
	<MWPL_Limit>304764525</MWPL_Limit>
	<Open_Interest>21023100</Open_Interest>
	<Limit_for_Next_Day>268503198</Limit_for_Next_Day>
</MWPL>
<MWPL>
	<Date>24-APR-2019</Date>
	<ISIN>INE030A01027</ISIN>
	<Scrip_Name>HINDUSTAN UNILEVER LTD.</Scrip_Name>
	<NSE_Symbol>HINDUNILVR</NSE_Symbol>
	<MWPL_Limit>142047217</MWPL_Limit>
	<Open_Interest>12900000</Open_Interest>
	<Limit_for_Next_Day>122044856</Limit_for_Next_Day>
</MWPL>
<MWPL>
	<Date>24-APR-2019</Date>
	<ISIN>INE267A01025</ISIN>
	<Scrip_Name>HINDUSTAN ZINC LIMITED</Scrip_Name>
	<NSE_Symbol>HINDZINC</NSE_Symbol>
	<MWPL_Limit>296432938</MWPL_Limit>
	<Open_Interest>5248000</Open_Interest>
	<Limit_for_Next_Day>276363291</Limit_for_Next_Day>
</MWPL>
<MWPL>
	<Date>24-APR-2019</Date>
	<ISIN>INE148I01020</ISIN>
	<Scrip_Name>INDIABULLS HSG FIN LTD</Scrip_Name>
	<NSE_Symbol>IBULHSGFIN</NSE_Symbol>
	<MWPL_Limit>66523910</MWPL_Limit>
	<Open_Interest>31124000</Open_Interest>
	<Limit_for_Next_Day>32073714</Limit_for_Next_Day>
</MWPL>
<MWPL>
	<Date>24-APR-2019</Date>
	<ISIN>INE090A01021</ISIN>
	<Scrip_Name>ICICI BANK LTD.</Scrip_Name>
	<NSE_Symbol>ICICIBANK</NSE_Symbol>
	<MWPL_Limit>967259346</MWPL_Limit>
	<Open_Interest>158259750</Open_Interest>
	<Limit_for_Next_Day>760636628</Limit_for_Next_Day>
</MWPL>
<MWPL>
	<Date>24-APR-2019</Date>
	<ISIN>INE726G01019</ISIN>
	<Scrip_Name>ICICI PRU LIFE INS CO LTD</Scrip_Name>
	<NSE_Symbol>ICICIPRULI</NSE_Symbol>
	<MWPL_Limit>61178818</MWPL_Limit>
	<Open_Interest>9537000</Open_Interest>
	<Limit_for_Next_Day>48582877</Limit_for_Next_Day>
</MWPL>
<MWPL>
	<Date>24-APR-2019</Date>
	<ISIN>INE043D01016</ISIN>
	<Scrip_Name>IDFC LIMITED</Scrip_Name>
	<NSE_Symbol>IDFC</NSE_Symbol>
	<MWPL_Limit>319271663</MWPL_Limit>
	<Open_Interest>103039200</Open_Interest>
	<Limit_for_Next_Day>200268879</Limit_for_Next_Day>
</MWPL>
<MWPL>
	<Date>24-APR-2019</Date>
	<ISIN>INE092T01019</ISIN>
	<Scrip_Name>IDFC FIRST BANK LIMITED</Scrip_Name>
	<NSE_Symbol>IDFCFIRSTB</NSE_Symbol>
	<MWPL_Limit>573782582</MWPL_Limit>
	<Open_Interest>168828000</Open_Interest>
	<Limit_for_Next_Day>376265452</Limit_for_Next_Day>
</MWPL>
<MWPL>
	<Date>24-APR-2019</Date>
	<ISIN>INE039A01010</ISIN>
	<Scrip_Name>IFCI LTD</Scrip_Name>
	<NSE_Symbol>IFCI</NSE_Symbol>
	<MWPL_Limit>147807447</MWPL_Limit>
	<Open_Interest>94780000</Open_Interest>
	<Limit_for_Next_Day>45637074</Limit_for_Next_Day>
</MWPL>
<MWPL>
	<Date>24-APR-2019</Date>
	<ISIN>INE203G01027</ISIN>
	<Scrip_Name>INDRAPRASTHA GAS LTD</Scrip_Name>
	<NSE_Symbol>IGL</NSE_Symbol>
	<MWPL_Limit>77000080</MWPL_Limit>
	<Open_Interest>4551250</Open_Interest>
	<Limit_for_Next_Day>68598826</Limit_for_Next_Day>
</MWPL>
<MWPL>
	<Date>24-APR-2019</Date>
	<ISIN>INE383A01012</ISIN>
	<Scrip_Name>THE INDIA CEMENTS LIMITED</Scrip_Name>
	<NSE_Symbol>INDIACEM</NSE_Symbol>
	<MWPL_Limit>44246369</MWPL_Limit>
	<Open_Interest>28084500</Open_Interest>
	<Limit_for_Next_Day>13949550</Limit_for_Next_Day>
</MWPL>
<MWPL>
	<Date>24-APR-2019</Date>
	<ISIN>INE562A01011</ISIN>
	<Scrip_Name>INDIAN BANK</Scrip_Name>
	<NSE_Symbol>INDIANB</NSE_Symbol>
	<MWPL_Limit>17549476</MWPL_Limit>
	<Open_Interest>4124000</Open_Interest>
	<Limit_for_Next_Day>12548002</Limit_for_Next_Day>
</MWPL>
<MWPL>
	<Date>24-APR-2019</Date>
	<ISIN>INE646L01027</ISIN>
	<Scrip_Name>INTERGLOBE AVIATION LTD</Scrip_Name>
	<NSE_Symbol>INDIGO</NSE_Symbol>
	<MWPL_Limit>19270843</MWPL_Limit>
	<Open_Interest>5686200</Open_Interest>
	<Limit_for_Next_Day>12621100</Limit_for_Next_Day>
</MWPL>
<MWPL>
	<Date>24-APR-2019</Date>
	<ISIN>INE095A01012</ISIN>
	<Scrip_Name>INDUSIND BANK LIMITED</Scrip_Name>
	<NSE_Symbol>INDUSINDBK</NSE_Symbol>
	<MWPL_Limit>89434622</MWPL_Limit>
	<Open_Interest>10320000</Open_Interest>
	<Limit_for_Next_Day>74642890</Limit_for_Next_Day>
</MWPL>
<MWPL>
	<Date>24-APR-2019</Date>
	<ISIN>INE483S01020</ISIN>
	<Scrip_Name>INFIBEAM AVENUES LIMITED</Scrip_Name>
	<NSE_Symbol>INFIBEAM</NSE_Symbol>
	<MWPL_Limit>81413204</MWPL_Limit>
	<Open_Interest>15504000</Open_Interest>
	<Limit_for_Next_Day>61838543</Limit_for_Next_Day>
</MWPL>
<MWPL>
	<Date>24-APR-2019</Date>
	<ISIN>INE121J01017</ISIN>
	<Scrip_Name>BHARTI INFRATEL LTD.</Scrip_Name>
	<NSE_Symbol>INFRATEL</NSE_Symbol>
	<MWPL_Limit>171832533</MWPL_Limit>
	<Open_Interest>8578000</Open_Interest>
	<Limit_for_Next_Day>154662906</Limit_for_Next_Day>
</MWPL>
<MWPL>
	<Date>24-APR-2019</Date>
	<ISIN>INE009A01021</ISIN>
	<Scrip_Name>INFOSYS LIMITED</Scrip_Name>
	<NSE_Symbol>INFY</NSE_Symbol>
	<MWPL_Limit>757551164</MWPL_Limit>
	<Open_Interest>72253200</Open_Interest>
	<Limit_for_Next_Day>647420405</Limit_for_Next_Day>
</MWPL>
<MWPL>
	<Date>24-APR-2019</Date>
	<ISIN>INE242A01010</ISIN>
	<Scrip_Name>INDIAN OIL CORP LTD</Scrip_Name>
	<NSE_Symbol>IOC</NSE_Symbol>
	<MWPL_Limit>868368232</MWPL_Limit>
	<Open_Interest>68789000</Open_Interest>
	<Limit_for_Next_Day>756160820</Limit_for_Next_Day>
</MWPL>
<MWPL>
	<Date>24-APR-2019</Date>
	<ISIN>INE821I01014</ISIN>
	<Scrip_Name>IRB INFRA DEV LTD.</Scrip_Name>
	<NSE_Symbol>IRB</NSE_Symbol>
	<MWPL_Limit>29847479</MWPL_Limit>
	<Open_Interest>11408000</Open_Interest>
	<Limit_for_Next_Day>16947105</Limit_for_Next_Day>
</MWPL>
<MWPL>
	<Date>24-APR-2019</Date>
	<ISIN>INE154A01025</ISIN>
	<Scrip_Name>ITC LTD</Scrip_Name>
	<NSE_Symbol>ITC</NSE_Symbol>
	<MWPL_Limit>2445238781</MWPL_Limit>
	<Open_Interest>110251200</Open_Interest>
	<Limit_for_Next_Day>2212725641</Limit_for_Next_Day>
</MWPL>
<MWPL>
	<Date>24-APR-2019</Date>
	<ISIN>INE749A01030</ISIN>
	<Scrip_Name>JINDAL STEEL & POWER LTD</Scrip_Name>
	<NSE_Symbol>JINDALSTEL</NSE_Symbol>
	<MWPL_Limit>80029268</MWPL_Limit>
	<Open_Interest>34395750</Open_Interest>
	<Limit_for_Next_Day>41632054</Limit_for_Next_Day>
</MWPL>
<MWPL>
	<Date>24-APR-2019</Date>
	<ISIN>INE175A01038</ISIN>
	<Scrip_Name>JAIN IRRIGATION SYSTEMS</Scrip_Name>
	<NSE_Symbol>JISLJALEQS</NSE_Symbol>
	<MWPL_Limit>63596288</MWPL_Limit>
	<Open_Interest>36792000</Open_Interest>
	<Limit_for_Next_Day>23624473</Limit_for_Next_Day>
</MWPL>
<MWPL>
	<Date>24-APR-2019</Date>
	<ISIN>INE019A01038</ISIN>
	<Scrip_Name>JSW STEEL LIMITED</Scrip_Name>
	<NSE_Symbol>JSWSTEEL</NSE_Symbol>
	<MWPL_Limit>274637182</MWPL_Limit>
	<Open_Interest>49975500</Open_Interest>
	<Limit_for_Next_Day>210929822</Limit_for_Next_Day>
</MWPL>
<MWPL>
	<Date>24-APR-2019</Date>
	<ISIN>INE797F01012</ISIN>
	<Scrip_Name>JUBILANT FOODWORKS LTD</Scrip_Name>
	<NSE_Symbol>JUBLFOOD</NSE_Symbol>
	<MWPL_Limit>14455140</MWPL_Limit>
	<Open_Interest>4780000</Open_Interest>
	<Limit_for_Next_Day>8952383</Limit_for_Next_Day>
</MWPL>
<MWPL>
	<Date>24-APR-2019</Date>
	<ISIN>INE599M01018</ISIN>
	<Scrip_Name>JUSTDIAL LTD.</Scrip_Name>
	<NSE_Symbol>JUSTDIAL</NSE_Symbol>
	<MWPL_Limit>8550030</MWPL_Limit>
	<Open_Interest>3820600</Open_Interest>
	<Limit_for_Next_Day>4301928</Limit_for_Next_Day>
</MWPL>
<MWPL>
	<Date>24-APR-2019</Date>
	<ISIN>INE217B01036</ISIN>
	<Scrip_Name>KAJARIA CERAMICS LTD</Scrip_Name>
	<NSE_Symbol>KAJARIACER</NSE_Symbol>
	<MWPL_Limit>16664813</MWPL_Limit>
	<Open_Interest>1748500</Open_Interest>
	<Limit_for_Next_Day>14083072</Limit_for_Next_Day>
</MWPL>
<MWPL>
	<Date>24-APR-2019</Date>
	<ISIN>INE237A01028</ISIN>
	<Scrip_Name>KOTAK MAHINDRA BANK LTD</Scrip_Name>
	<NSE_Symbol>KOTAKBANK</NSE_Symbol>
	<MWPL_Limit>267015629</MWPL_Limit>
	<Open_Interest>15640800</Open_Interest>
	<Limit_for_Next_Day>238024047</Limit_for_Next_Day>
</MWPL>
<MWPL>
	<Date>24-APR-2019</Date>
	<ISIN>INE455I01029</ISIN>
	<Scrip_Name>KAVERI SEED CO. LTD.</Scrip_Name>
	<NSE_Symbol>KSCL</NSE_Symbol>
	<MWPL_Limit>5669882</MWPL_Limit>
	<Open_Interest>1024500</Open_Interest>
	<Limit_for_Next_Day>4361887</Limit_for_Next_Day>
</MWPL>
<MWPL>
	<Date>24-APR-2019</Date>
	<ISIN>INE614B01018</ISIN>
	<Scrip_Name>KARNATAKA BANK LIMITED</Scrip_Name>
	<NSE_Symbol>KTKBANK</NSE_Symbol>
	<MWPL_Limit>56521559</MWPL_Limit>
	<Open_Interest>17751900</Open_Interest>
	<Limit_for_Next_Day>35943581</Limit_for_Next_Day>
</MWPL>
<MWPL>
	<Date>24-APR-2019</Date>
	<ISIN>INE498L01015</ISIN>
	<Scrip_Name>L&T FINANCE HOLDINGS LTD</Scrip_Name>
	<NSE_Symbol>L&TFH</NSE_Symbol>
	<MWPL_Limit>143962331</MWPL_Limit>
	<Open_Interest>33538500</Open_Interest>
	<Limit_for_Next_Day>103225714</Limit_for_Next_Day>
</MWPL>
<MWPL>
	<Date>24-APR-2019</Date>
	<ISIN>INE115A01026</ISIN>
	<Scrip_Name>LIC HOUSING FINANCE LTD</Scrip_Name>
	<NSE_Symbol>LICHSGFIN</NSE_Symbol>
	<MWPL_Limit>60244101</MWPL_Limit>
	<Open_Interest>10774500</Open_Interest>
	<Limit_for_Next_Day>46457395</Limit_for_Next_Day>
</MWPL>
<MWPL>
	<Date>24-APR-2019</Date>
	<ISIN>INE018A01030</ISIN>
	<Scrip_Name>LARSEN & TOUBRO LTD.</Scrip_Name>
	<NSE_Symbol>LT</NSE_Symbol>
	<MWPL_Limit>275535867</MWPL_Limit>
	<Open_Interest>15360375</Open_Interest>
	<Limit_for_Next_Day>246398698</Limit_for_Next_Day>
</MWPL>
<MWPL>
	<Date>24-APR-2019</Date>
	<ISIN>INE326A01037</ISIN>
	<Scrip_Name>LUPIN LIMITED</Scrip_Name>
	<NSE_Symbol>LUPIN</NSE_Symbol>
	<MWPL_Limit>47971947</MWPL_Limit>
	<Open_Interest>13997900</Open_Interest>
	<Limit_for_Next_Day>31575449</Limit_for_Next_Day>
</MWPL>
<MWPL>
	<Date>24-APR-2019</Date>
	<ISIN>INE101A01026</ISIN>
	<Scrip_Name>MAHINDRA & MAHINDRA LTD</Scrip_Name>
	<NSE_Symbol>M&M</NSE_Symbol>
	<MWPL_Limit>173623634</MWPL_Limit>
	<Open_Interest>22935000</Open_Interest>
	<Limit_for_Next_Day>142007452</Limit_for_Next_Day>
</MWPL>
<MWPL>
	<Date>24-APR-2019</Date>
	<ISIN>INE774D01024</ISIN>
	<Scrip_Name>M&M FIN. SERVICES LTD</Scrip_Name>
	<NSE_Symbol>M&MFIN</NSE_Symbol>
	<MWPL_Limit>59712403</MWPL_Limit>
	<Open_Interest>14838750</Open_Interest>
	<Limit_for_Next_Day>41888032</Limit_for_Next_Day>
</MWPL>
<MWPL>
	<Date>24-APR-2019</Date>
	<ISIN>INE522D01027</ISIN>
	<Scrip_Name>MANAPPURAM FINANCE LTD</Scrip_Name>
	<NSE_Symbol>MANAPPURAM</NSE_Symbol>
	<MWPL_Limit>109330743</MWPL_Limit>
	<Open_Interest>11448000</Open_Interest>
	<Limit_for_Next_Day>92416205</Limit_for_Next_Day>
</MWPL>
<MWPL>
	<Date>24-APR-2019</Date>
	<ISIN>INE196A01026</ISIN>
	<Scrip_Name>MARICO LIMITED</Scrip_Name>
	<NSE_Symbol>MARICO</NSE_Symbol>
	<MWPL_Limit>103836709</MWPL_Limit>
	<Open_Interest>7737600</Open_Interest>
	<Limit_for_Next_Day>90907273</Limit_for_Next_Day>
</MWPL>
<MWPL>
	<Date>24-APR-2019</Date>
	<ISIN>INE585B01010</ISIN>
	<Scrip_Name>MARUTI SUZUKI INDIA LTD.</Scrip_Name>
	<NSE_Symbol>MARUTI</NSE_Symbol>
	<MWPL_Limit>26458324</MWPL_Limit>
	<Open_Interest>4586700</Open_Interest>
	<Limit_for_Next_Day>20548707</Limit_for_Next_Day>
</MWPL>
<MWPL>
	<Date>24-APR-2019</Date>
	<ISIN>INE854D01024</ISIN>
	<Scrip_Name>UNITED SPIRITS LIMITED</Scrip_Name>
	<NSE_Symbol>MCDOWELL-N</NSE_Symbol>
	<MWPL_Limit>62845623</MWPL_Limit>
	<Open_Interest>12670000</Open_Interest>
	<Limit_for_Next_Day>47033341</Limit_for_Next_Day>
</MWPL>
<MWPL>
	<Date>24-APR-2019</Date>
	<ISIN>INE745G01035</ISIN>
	<Scrip_Name>MULTI COMMODITY EXCHANGE</Scrip_Name>
	<NSE_Symbol>MCX</NSE_Symbol>
	<MWPL_Limit>10173586</MWPL_Limit>
	<Open_Interest>2005500</Open_Interest>
	<Limit_for_Next_Day>7659406</Limit_for_Next_Day>
</MWPL>
<MWPL>
	<Date>24-APR-2019</Date>
	<ISIN>INE180A01020</ISIN>
	<Scrip_Name>MAX FINANCIAL SERV LTD</Scrip_Name>
	<NSE_Symbol>MFSL</NSE_Symbol>
	<MWPL_Limit>38534772</MWPL_Limit>
	<Open_Interest>2192400</Open_Interest>
	<Limit_for_Next_Day>34415633</Limit_for_Next_Day>
</MWPL>
<MWPL>
	<Date>24-APR-2019</Date>
	<ISIN>INE002S01010</ISIN>
	<Scrip_Name>MAHANAGAR GAS LTD.</Scrip_Name>
	<NSE_Symbol>MGL</NSE_Symbol>
	<MWPL_Limit>11359449</MWPL_Limit>
	<Open_Interest>702600</Open_Interest>
	<Limit_for_Next_Day>10088876</Limit_for_Next_Day>
</MWPL>
<MWPL>
	<Date>24-APR-2019</Date>
	<ISIN>INE018I01017</ISIN>
	<Scrip_Name>MINDTREE LIMITED</Scrip_Name>
	<NSE_Symbol>MINDTREE</NSE_Symbol>
	<MWPL_Limit>28409718</MWPL_Limit>
	<Open_Interest>5467200</Open_Interest>
	<Limit_for_Next_Day>21522032</Limit_for_Next_Day>
</MWPL>
<MWPL>
	<Date>24-APR-2019</Date>
	<ISIN>INE775A01035</ISIN>
	<Scrip_Name>MOTHERSON SUMI SYSTEMS LT</Scrip_Name>
	<NSE_Symbol>MOTHERSUMI</NSE_Symbol>
	<MWPL_Limit>241729538</MWPL_Limit>
	<Open_Interest>38614650</Open_Interest>
	<Limit_for_Next_Day>191028411</Limit_for_Next_Day>
</MWPL>
<MWPL>
	<Date>24-APR-2019</Date>
	<ISIN>INE883A01011</ISIN>
	<Scrip_Name>MRF LTD</Scrip_Name>
	<NSE_Symbol>MRF</NSE_Symbol>
	<MWPL_Limit>613765</MWPL_Limit>
	<Open_Interest>37140</Open_Interest>
	<Limit_for_Next_Day>545936</Limit_for_Next_Day>
</MWPL>
<MWPL>
	<Date>24-APR-2019</Date>
	<ISIN>INE103A01014</ISIN>
	<Scrip_Name>MRPL</Scrip_Name>
	<NSE_Symbol>MRPL</NSE_Symbol>
	<MWPL_Limit>40018232</MWPL_Limit>
	<Open_Interest>5740000</Open_Interest>
	<Limit_for_Next_Day>32277320</Limit_for_Next_Day>
</MWPL>
<MWPL>
	<Date>24-APR-2019</Date>
	<ISIN>INE414G01012</ISIN>
	<Scrip_Name>MUTHOOT FINANCE LIMITED</Scrip_Name>
	<NSE_Symbol>MUTHOOTFIN</NSE_Symbol>
	<MWPL_Limit>21223881</MWPL_Limit>
	<Open_Interest>2478000</Open_Interest>
	<Limit_for_Next_Day>17684686</Limit_for_Next_Day>
</MWPL>
<MWPL>
	<Date>24-APR-2019</Date>
	<ISIN>INE139A01034</ISIN>
	<Scrip_Name>NATIONAL ALUMINIUM CO LTD</Scrip_Name>
	<NSE_Symbol>NATIONALUM</NSE_Symbol>
	<MWPL_Limit>161309931</MWPL_Limit>
	<Open_Interest>53712000</Open_Interest>
	<Limit_for_Next_Day>99532434</Limit_for_Next_Day>
</MWPL>
<MWPL>
	<Date>24-APR-2019</Date>
	<ISIN>INE095N01031</ISIN>
	<Scrip_Name>NBCC (INDIA) LIMITED</Scrip_Name>
	<NSE_Symbol>NBCC</NSE_Symbol>
	<MWPL_Limit>105949489</MWPL_Limit>
	<Open_Interest>48784000</Open_Interest>
	<Limit_for_Next_Day>51868014</Limit_for_Next_Day>
</MWPL>
<MWPL>
	<Date>24-APR-2019</Date>
	<ISIN>INE868B01028</ISIN>
	<Scrip_Name>NCC LIMITED</Scrip_Name>
	<NSE_Symbol>NCC</NSE_Symbol>
	<MWPL_Limit>98291337</MWPL_Limit>
	<Open_Interest>44256000</Open_Interest>
	<Limit_for_Next_Day>49120770</Limit_for_Next_Day>
</MWPL>
<MWPL>
	<Date>24-APR-2019</Date>
	<ISIN>INE239A01016</ISIN>
	<Scrip_Name>NESTLE INDIA LIMITED</Scrip_Name>
	<NSE_Symbol>NESTLEIND</NSE_Symbol>
	<MWPL_Limit>7180127</MWPL_Limit>
	<Open_Interest>328850</Open_Interest>
	<Limit_for_Next_Day>6492270</Limit_for_Next_Day>
</MWPL>
<MWPL>
	<Date>24-APR-2019</Date>
	<ISIN>INE848E01016</ISIN>
	<Scrip_Name>NHPC LTD</Scrip_Name>
	<NSE_Symbol>NHPC</NSE_Symbol>
	<MWPL_Limit>525836038</MWPL_Limit>
	<Open_Interest>35316000</Open_Interest>
	<Limit_for_Next_Day>464228236</Limit_for_Next_Day>
</MWPL>
<MWPL>
	<Date>24-APR-2019</Date>
	<ISIN>INE591G01017</ISIN>
	<Scrip_Name>NIIT TECHNOLOGIES LTD</Scrip_Name>
	<NSE_Symbol>NIITTECH</NSE_Symbol>
	<MWPL_Limit>8557451</MWPL_Limit>
	<Open_Interest>2529750</Open_Interest>
	<Limit_for_Next_Day>5599828</Limit_for_Next_Day>
</MWPL>
<MWPL>
	<Date>24-APR-2019</Date>
	<ISIN>INE584A01023</ISIN>
	<Scrip_Name>NMDC LTD.</Scrip_Name>
	<NSE_Symbol>NMDC</NSE_Symbol>
	<MWPL_Limit>169762789</MWPL_Limit>
	<Open_Interest>25500000</Open_Interest>
	<Limit_for_Next_Day>135774649</Limit_for_Next_Day>
</MWPL>
<MWPL>
	<Date>24-APR-2019</Date>
	<ISIN>INE733E01010</ISIN>
	<Scrip_Name>NTPC LTD</Scrip_Name>
	<NSE_Symbol>NTPC</NSE_Symbol>
	<MWPL_Limit>866904097</MWPL_Limit>
	<Open_Interest>98899200</Open_Interest>
	<Limit_for_Next_Day>724659692</Limit_for_Next_Day>
</MWPL>
<MWPL>
	<Date>24-APR-2019</Date>
	<ISIN>INE881D01027</ISIN>
	<Scrip_Name>ORACLE FIN SERV SOFT LTD.</Scrip_Name>
	<NSE_Symbol>OFSS</NSE_Symbol>
	<MWPL_Limit>4540712</MWPL_Limit>
	<Open_Interest>315750</Open_Interest>
	<Limit_for_Next_Day>3997926</Limit_for_Next_Day>
</MWPL>
<MWPL>
	<Date>24-APR-2019</Date>
	<ISIN>INE274J01014</ISIN>
	<Scrip_Name>OIL INDIA LTD</Scrip_Name>
	<NSE_Symbol>OIL</NSE_Symbol>
	<MWPL_Limit>80148191</MWPL_Limit>
	<Open_Interest>8606268</Open_Interest>
	<Limit_for_Next_Day>67534513</Limit_for_Next_Day>
</MWPL>
<MWPL>
	<Date>24-APR-2019</Date>
	<ISIN>INE213A01029</ISIN>
	<Scrip_Name>OIL AND NATURAL GAS CORP.</Scrip_Name>
	<NSE_Symbol>ONGC</NSE_Symbol>
	<MWPL_Limit>881795538</MWPL_Limit>
	<Open_Interest>107823750</Open_Interest>
	<Limit_for_Next_Day>729882011</Limit_for_Next_Day>
</MWPL>
<MWPL>
	<Date>24-APR-2019</Date>
	<ISIN>INE141A01014</ISIN>
	<Scrip_Name>ORIENTAL BANK OF COMMERCE</Scrip_Name>
	<NSE_Symbol>ORIENTBANK</NSE_Symbol>
	<MWPL_Limit>28817691</MWPL_Limit>
	<Open_Interest>16247000</Open_Interest>
	<Limit_for_Next_Day>11129806</Limit_for_Next_Day>
</MWPL>
<MWPL>
	<Date>24-APR-2019</Date>
	<ISIN>INE761H01022</ISIN>
	<Scrip_Name>PAGE INDUSTRIES LTD</Scrip_Name>
	<NSE_Symbol>PAGEIND</NSE_Symbol>
	<MWPL_Limit>1152956</MWPL_Limit>
	<Open_Interest>147800</Open_Interest>
	<Limit_for_Next_Day>947508</Limit_for_Next_Day>
</MWPL>
<MWPL>
	<Date>24-APR-2019</Date>
	<ISIN>INE785M01013</ISIN>
	<Scrip_Name>PC JEWELLER LTD</Scrip_Name>
	<NSE_Symbol>PCJEWELLER</NSE_Symbol>
	<MWPL_Limit>33475537</MWPL_Limit>
	<Open_Interest>25499500</Open_Interest>
	<Limit_for_Next_Day>6302260</Limit_for_Next_Day>
</MWPL>
<MWPL>
	<Date>24-APR-2019</Date>
	<ISIN>INE140A01024</ISIN>
	<Scrip_Name>PIRAMAL ENTERPRISES LTD</Scrip_Name>
	<NSE_Symbol>PEL</NSE_Symbol>
	<MWPL_Limit>18042791</MWPL_Limit>
	<Open_Interest>3679266</Open_Interest>
	<Limit_for_Next_Day>13461385</Limit_for_Next_Day>
</MWPL>
<MWPL>
	<Date>24-APR-2019</Date>
	<ISIN>INE347G01014</ISIN>
	<Scrip_Name>PETRONET LNG LIMITED</Scrip_Name>
	<NSE_Symbol>PETRONET</NSE_Symbol>
	<MWPL_Limit>150000017</MWPL_Limit>
	<Open_Interest>11772000</Open_Interest>
	<Limit_for_Next_Day>130728016</Limit_for_Next_Day>
</MWPL>
<MWPL>
	<Date>24-APR-2019</Date>
	<ISIN>INE134E01011</ISIN>
	<Scrip_Name>POWER FIN CORP LTD.</Scrip_Name>
	<NSE_Symbol>PFC</NSE_Symbol>
	<MWPL_Limit>203369978</MWPL_Limit>
	<Open_Interest>42525800</Open_Interest>
	<Limit_for_Next_Day>150675679</Limit_for_Next_Day>
</MWPL>
<MWPL>
	<Date>24-APR-2019</Date>
	<ISIN>INE318A01026</ISIN>
	<Scrip_Name>PIDILITE INDUSTRIES LTD</Scrip_Name>
	<NSE_Symbol>PIDILITIND</NSE_Symbol>
	<MWPL_Limit>30719858</MWPL_Limit>
	<Open_Interest>3182500</Open_Interest>
	<Limit_for_Next_Day>26001365</Limit_for_Next_Day>
</MWPL>
<MWPL>
	<Date>24-APR-2019</Date>
	<ISIN>INE160A01022</ISIN>
	<Scrip_Name>PUNJAB NATIONAL BANK</Scrip_Name>
	<NSE_Symbol>PNB</NSE_Symbol>
	<MWPL_Limit>208425616</MWPL_Limit>
	<Open_Interest>155869000</Open_Interest>
	<Limit_for_Next_Day>42135335</Limit_for_Next_Day>
</MWPL>
<MWPL>
	<Date>24-APR-2019</Date>
	<ISIN>INE752E01010</ISIN>
	<Scrip_Name>POWER GRID CORP. LTD.</Scrip_Name>
	<NSE_Symbol>POWERGRID</NSE_Symbol>
	<MWPL_Limit>456842549</MWPL_Limit>
	<Open_Interest>27288000</Open_Interest>
	<Limit_for_Next_Day>406712421</Limit_for_Next_Day>
</MWPL>
<MWPL>
	<Date>24-APR-2019</Date>
	<ISIN>INE191H01014</ISIN>
	<Scrip_Name>PVR LIMITED</Scrip_Name>
	<NSE_Symbol>PVR</NSE_Symbol>
	<MWPL_Limit>7454656</MWPL_Limit>
	<Open_Interest>979600</Open_Interest>
	<Limit_for_Next_Day>6102323</Limit_for_Next_Day>
</MWPL>
<MWPL>
	<Date>24-APR-2019</Date>
	<ISIN>INE331A01037</ISIN>
	<Scrip_Name>THE RAMCO CEMENTS LIMITED</Scrip_Name>
	<NSE_Symbol>RAMCOCEM</NSE_Symbol>
	<MWPL_Limit>26974244</MWPL_Limit>
	<Open_Interest>1653600</Open_Interest>
	<Limit_for_Next_Day>23971931</Limit_for_Next_Day>
</MWPL>
<MWPL>
	<Date>24-APR-2019</Date>
	<ISIN>INE301A01014</ISIN>
	<Scrip_Name>RAYMOND LTD</Scrip_Name>
	<NSE_Symbol>RAYMOND</NSE_Symbol>
	<MWPL_Limit>6775384</MWPL_Limit>
	<Open_Interest>3827200</Open_Interest>
	<Limit_for_Next_Day>2609414</Limit_for_Next_Day>
</MWPL>
<MWPL>
	<Date>24-APR-2019</Date>
	<ISIN>INE976G01028</ISIN>
	<Scrip_Name>RBL BANK LIMITED</Scrip_Name>
	<NSE_Symbol>RBLBANK</NSE_Symbol>
	<MWPL_Limit>85086978</MWPL_Limit>
	<Open_Interest>9369600</Open_Interest>
	<Limit_for_Next_Day>71463029</Limit_for_Next_Day>
</MWPL>
<MWPL>
	<Date>24-APR-2019</Date>
	<ISIN>INE020B01018</ISIN>
	<Scrip_Name>REC LIMITED</Scrip_Name>
	<NSE_Symbol>RECLTD</NSE_Symbol>
	<MWPL_Limit>186236520</MWPL_Limit>
	<Open_Interest>40050000</Open_Interest>
	<Limit_for_Next_Day>136874694</Limit_for_Next_Day>
</MWPL>
<MWPL>
	<Date>24-APR-2019</Date>
	<ISIN>INE013A01015</ISIN>
	<Scrip_Name>RELIANCE CAPITAL LTD</Scrip_Name>
	<NSE_Symbol>RELCAPITAL</NSE_Symbol>
	<MWPL_Limit>23702036</MWPL_Limit>
	<Open_Interest>18526500</Open_Interest>
	<Limit_for_Next_Day>3990434</Limit_for_Next_Day>
</MWPL>
<MWPL>
	<Date>24-APR-2019</Date>
	<ISIN>INE002A01018</ISIN>
	<Scrip_Name>RELIANCE INDUSTRIES LTD</Scrip_Name>
	<NSE_Symbol>RELIANCE</NSE_Symbol>
	<MWPL_Limit>654841181</MWPL_Limit>
	<Open_Interest>69995500</Open_Interest>
	<Limit_for_Next_Day>552103621</Limit_for_Next_Day>
</MWPL>
<MWPL>
	<Date>24-APR-2019</Date>
	<ISIN>INE036A01016</ISIN>
	<Scrip_Name>RELIANCE INFRASTRUCTU LTD</Scrip_Name>
	<NSE_Symbol>RELINFRA</NSE_Symbol>
	<MWPL_Limit>26054178</MWPL_Limit>
	<Open_Interest>17816500</Open_Interest>
	<Limit_for_Next_Day>6934969</Limit_for_Next_Day>
</MWPL>
<MWPL>
	<Date>24-APR-2019</Date>
	<ISIN>INE612J01015</ISIN>
	<Scrip_Name>REPCO HOME FINANCE LTD</Scrip_Name>
	<NSE_Symbol>REPCOHOME</NSE_Symbol>
	<MWPL_Limit>7866151</MWPL_Limit>
	<Open_Interest>1136300</Open_Interest>
	<Limit_for_Next_Day>6336543</Limit_for_Next_Day>
</MWPL>
<MWPL>
	<Date>24-APR-2019</Date>
	<ISIN>INE114A01011</ISIN>
	<Scrip_Name>STEEL AUTHORITY OF INDIA</Scrip_Name>
	<NSE_Symbol>SAIL</NSE_Symbol>
	<MWPL_Limit>206528041</MWPL_Limit>
	<Open_Interest>145728000</Open_Interest>
	<Limit_for_Next_Day>50473638</Limit_for_Next_Day>
</MWPL>
<MWPL>
	<Date>24-APR-2019</Date>
	<ISIN>INE062A01020</ISIN>
	<Scrip_Name>STATE BANK OF INDIA</Scrip_Name>
	<NSE_Symbol>SBIN</NSE_Symbol>
	<MWPL_Limit>729782012</MWPL_Limit>
	<Open_Interest>152244000</Open_Interest>
	<Limit_for_Next_Day>541048911</Limit_for_Next_Day>
</MWPL>
<MWPL>
	<Date>24-APR-2019</Date>
	<ISIN>INE070A01015</ISIN>
	<Scrip_Name>SHREE CEMENT LIMITED</Scrip_Name>
	<NSE_Symbol>SHREECEM</NSE_Symbol>
	<MWPL_Limit>2453485</MWPL_Limit>
	<Open_Interest>98150</Open_Interest>
	<Limit_for_Next_Day>2232660</Limit_for_Next_Day>
</MWPL>
<MWPL>
	<Date>24-APR-2019</Date>
	<ISIN>INE003A01024</ISIN>
	<Scrip_Name>SIEMENS LTD</Scrip_Name>
	<NSE_Symbol>SIEMENS</NSE_Symbol>
	<MWPL_Limit>17806068</MWPL_Limit>
	<Open_Interest>1468500</Open_Interest>
	<Limit_for_Next_Day>15447264</Limit_for_Next_Day>
</MWPL>
<MWPL>
	<Date>24-APR-2019</Date>
	<ISIN>INE683A01023</ISIN>
	<Scrip_Name>THE SOUTH INDIAN BANK LTD</Scrip_Name>
	<NSE_Symbol>SOUTHBANK</NSE_Symbol>
	<MWPL_Limit>361928764</MWPL_Limit>
	<Open_Interest>175547877</Open_Interest>
	<Limit_for_Next_Day>168284448</Limit_for_Next_Day>
</MWPL>
<MWPL>
	<Date>24-APR-2019</Date>
	<ISIN>INE647A01010</ISIN>
	<Scrip_Name>SRF LTD</Scrip_Name>
	<NSE_Symbol>SRF</NSE_Symbol>
	<MWPL_Limit>5468800</MWPL_Limit>
	<Open_Interest>1174000</Open_Interest>
	<Limit_for_Next_Day>4021360</Limit_for_Next_Day>
</MWPL>
<MWPL>
	<Date>24-APR-2019</Date>
	<ISIN>INE721A01013</ISIN>
	<Scrip_Name>SHRIRAM TRANSPORT FIN CO.</Scrip_Name>
	<NSE_Symbol>SRTRANSFIN</NSE_Symbol>
	<MWPL_Limit>33541942</MWPL_Limit>
	<Open_Interest>3752400</Open_Interest>
	<Limit_for_Next_Day>28112444</Limit_for_Next_Day>
</MWPL>
<MWPL>
	<Date>24-APR-2019</Date>
	<ISIN>INE939A01011</ISIN>
	<Scrip_Name>STRIDES PHARMA SCI LTD</Scrip_Name>
	<NSE_Symbol>STAR</NSE_Symbol>
	<MWPL_Limit>12395780</MWPL_Limit>
	<Open_Interest>3382500</Open_Interest>
	<Limit_for_Next_Day>8393491</Limit_for_Next_Day>
</MWPL>
<MWPL>
	<Date>24-APR-2019</Date>
	<ISIN>INE044A01036</ISIN>
	<Scrip_Name>SUN PHARMACEUTICAL IND L</Scrip_Name>
	<NSE_Symbol>SUNPHARMA</NSE_Symbol>
	<MWPL_Limit>218894578</MWPL_Limit>
	<Open_Interest>61442700</Open_Interest>
	<Limit_for_Next_Day>146507149</Limit_for_Next_Day>
</MWPL>
<MWPL>
	<Date>24-APR-2019</Date>
	<ISIN>INE424H01027</ISIN>
	<Scrip_Name>SUN TV NETWORK LIMITED</Scrip_Name>
	<NSE_Symbol>SUNTV</NSE_Symbol>
	<MWPL_Limit>19704232</MWPL_Limit>
	<Open_Interest>9283000</Open_Interest>
	<Limit_for_Next_Day>9436020</Limit_for_Next_Day>
</MWPL>
<MWPL>
	<Date>24-APR-2019</Date>
	<ISIN>INE040H01021</ISIN>
	<Scrip_Name>SUZLON ENERGY LIMITED</Scrip_Name>
	<NSE_Symbol>SUZLON</NSE_Symbol>
	<MWPL_Limit>851741765</MWPL_Limit>
	<Open_Interest>433656000</Open_Interest>
	<Limit_for_Next_Day>375498676</Limit_for_Next_Day>
</MWPL>
<MWPL>
	<Date>24-APR-2019</Date>
	<ISIN>INE667A01018</ISIN>
	<Scrip_Name>SYNDICATE BANK</Scrip_Name>
	<NSE_Symbol>SYNDIBANK</NSE_Symbol>
	<MWPL_Limit>76346533</MWPL_Limit>
	<Open_Interest>35775000</Open_Interest>
	<Limit_for_Next_Day>36754206</Limit_for_Next_Day>
</MWPL>
<MWPL>
	<Date>24-APR-2019</Date>
	<ISIN>INE092A01019</ISIN>
	<Scrip_Name>TATA CHEMICALS LTD</Scrip_Name>
	<NSE_Symbol>TATACHEM</NSE_Symbol>
	<MWPL_Limit>35345667</MWPL_Limit>
	<Open_Interest>3604500</Open_Interest>
	<Limit_for_Next_Day>29973883</Limit_for_Next_Day>
</MWPL>
<MWPL>
	<Date>24-APR-2019</Date>
	<ISIN>INE151A01013</ISIN>
	<Scrip_Name>TATA COMMUNICATIONS LTD</Scrip_Name>
	<NSE_Symbol>TATACOMM</NSE_Symbol>
	<MWPL_Limit>14258524</MWPL_Limit>
	<Open_Interest>2539000</Open_Interest>
	<Limit_for_Next_Day>11006597</Limit_for_Next_Day>
</MWPL>
<MWPL>
	<Date>24-APR-2019</Date>
	<ISIN>INE670A01012</ISIN>
	<Scrip_Name>TATA ELXSI LIMITED</Scrip_Name>
	<NSE_Symbol>TATAELXSI</NSE_Symbol>
	<MWPL_Limit>6904235</MWPL_Limit>
	<Open_Interest>2188400</Open_Interest>
	<Limit_for_Next_Day>4370623</Limit_for_Next_Day>
</MWPL>
<MWPL>
	<Date>24-APR-2019</Date>
	<ISIN>INE192A01025</ISIN>
	<Scrip_Name>TATA GLOBAL BEVERAGES LTD</Scrip_Name>
	<NSE_Symbol>TATAGLOBAL</NSE_Symbol>
	<MWPL_Limit>82732329</MWPL_Limit>
	<Open_Interest>16785000</Open_Interest>
	<Limit_for_Next_Day>61810712</Limit_for_Next_Day>
</MWPL>
<MWPL>
	<Date>24-APR-2019</Date>
	<ISIN>INE155A01022</ISIN>
	<Scrip_Name>TATA MOTORS LIMITED</Scrip_Name>
	<NSE_Symbol>TATAMOTORS</NSE_Symbol>
	<MWPL_Limit>362219126</MWPL_Limit>
	<Open_Interest>122870000</Open_Interest>
	<Limit_for_Next_Day>221238169</Limit_for_Next_Day>
</MWPL>
<MWPL>
	<Date>24-APR-2019</Date>
	<ISIN>IN9155A01020</ISIN>
	<Scrip_Name>TATA MOTORS DVR 'A' ORD</Scrip_Name>
	<NSE_Symbol>TATAMTRDVR</NSE_Symbol>
	<MWPL_Limit>101602140</MWPL_Limit>
	<Open_Interest>37015800</Open_Interest>
	<Limit_for_Next_Day>59506233</Limit_for_Next_Day>
</MWPL>
<MWPL>
	<Date>24-APR-2019</Date>
	<ISIN>INE245A01021</ISIN>
	<Scrip_Name>TATA POWER CO LTD</Scrip_Name>
	<NSE_Symbol>TATAPOWER</NSE_Symbol>
	<MWPL_Limit>362445856</MWPL_Limit>
	<Open_Interest>81855000</Open_Interest>
	<Limit_for_Next_Day>262468563</Limit_for_Next_Day>
</MWPL>
<MWPL>
	<Date>24-APR-2019</Date>
	<ISIN>INE081A01012</ISIN>
	<Scrip_Name>TATA STEEL LIMITED</Scrip_Name>
	<NSE_Symbol>TATASTEEL</NSE_Symbol>
	<MWPL_Limit>161060422</MWPL_Limit>
	<Open_Interest>43202859</Open_Interest>
	<Limit_for_Next_Day>109804541</Limit_for_Next_Day>
</MWPL>
<MWPL>
	<Date>24-APR-2019</Date>
	<ISIN>INE467B01029</ISIN>
	<Scrip_Name>TATA CONSULTANCY SERV LT</Scrip_Name>
	<NSE_Symbol>TCS</NSE_Symbol>
	<MWPL_Limit>209768541</MWPL_Limit>
	<Open_Interest>23136500</Open_Interest>
	<Limit_for_Next_Day>176143613</Limit_for_Next_Day>
</MWPL>
<MWPL>
	<Date>24-APR-2019</Date>
	<ISIN>INE669C01036</ISIN>
	<Scrip_Name>TECH MAHINDRA LIMITED</Scrip_Name>
	<NSE_Symbol>TECHM</NSE_Symbol>
	<MWPL_Limit>125642015</MWPL_Limit>
	<Open_Interest>14122800</Open_Interest>
	<Limit_for_Next_Day>105237114</Limit_for_Next_Day>
</MWPL>
<MWPL>
	<Date>24-APR-2019</Date>
	<ISIN>INE280A01028</ISIN>
	<Scrip_Name>TITAN COMPANY LIMITED</Scrip_Name>
	<NSE_Symbol>TITAN</NSE_Symbol>
	<MWPL_Limit>83616848</MWPL_Limit>
	<Open_Interest>11783250</Open_Interest>
	<Limit_for_Next_Day>67652755</Limit_for_Next_Day>
</MWPL>
<MWPL>
	<Date>24-APR-2019</Date>
	<ISIN>INE685A01028</ISIN>
	<Scrip_Name>TORRENT PHARMACEUTICALS L</Scrip_Name>
	<NSE_Symbol>TORNTPHARM</NSE_Symbol>
	<MWPL_Limit>9731600</MWPL_Limit>
	<Open_Interest>830500</Open_Interest>
	<Limit_for_Next_Day>8414520</Limit_for_Next_Day>
</MWPL>
<MWPL>
	<Date>24-APR-2019</Date>
	<ISIN>INE813H01021</ISIN>
	<Scrip_Name>TORRENT POWER LTD</Scrip_Name>
	<NSE_Symbol>TORNTPOWER</NSE_Symbol>
	<MWPL_Limit>44634693</MWPL_Limit>
	<Open_Interest>2772000</Open_Interest>
	<Limit_for_Next_Day>39630958</Limit_for_Next_Day>
</MWPL>
<MWPL>
	<Date>24-APR-2019</Date>
	<ISIN>INE886H01027</ISIN>
	<Scrip_Name>TV18 BROADCAST LIMITED</Scrip_Name>
	<NSE_Symbol>TV18BRDCST</NSE_Symbol>
	<MWPL_Limit>129899100</MWPL_Limit>
	<Open_Interest>90558000</Open_Interest>
	<Limit_for_Next_Day>32846145</Limit_for_Next_Day>
</MWPL>
<MWPL>
	<Date>24-APR-2019</Date>
	<ISIN>INE494B01023</ISIN>
	<Scrip_Name>TVS MOTOR COMPANY  LTD</Scrip_Name>
	<NSE_Symbol>TVSMOTOR</NSE_Symbol>
	<MWPL_Limit>40480865</MWPL_Limit>
	<Open_Interest>7452000</Open_Interest>
	<Limit_for_Next_Day>31004821</Limit_for_Next_Day>
</MWPL>
<MWPL>
	<Date>24-APR-2019</Date>
	<ISIN>INE686F01025</ISIN>
	<Scrip_Name>UNITED BREWERIES LTD</Scrip_Name>
	<NSE_Symbol>UBL</NSE_Symbol>
	<MWPL_Limit>22357672</MWPL_Limit>
	<Open_Interest>2252600</Open_Interest>
	<Limit_for_Next_Day>18987188</Limit_for_Next_Day>
</MWPL>
<MWPL>
	<Date>24-APR-2019</Date>
	<ISIN>INE334L01012</ISIN>
	<Scrip_Name>UJJIVAN FIN. SERVC. LTD.</Scrip_Name>
	<NSE_Symbol>UJJIVAN</NSE_Symbol>
	<MWPL_Limit>24224375</MWPL_Limit>
	<Open_Interest>5216000</Open_Interest>
	<Limit_for_Next_Day>17797156</Limit_for_Next_Day>
</MWPL>
<MWPL>
	<Date>24-APR-2019</Date>
	<ISIN>INE481G01011</ISIN>
	<Scrip_Name>ULTRATECH CEMENT LIMITED</Scrip_Name>
	<NSE_Symbol>ULTRACEMCO</NSE_Symbol>
	<MWPL_Limit>21003731</MWPL_Limit>
	<Open_Interest>3509600</Open_Interest>
	<Limit_for_Next_Day>16443944</Limit_for_Next_Day>
</MWPL>
<MWPL>
	<Date>24-APR-2019</Date>
	<ISIN>INE692A01016</ISIN>
	<Scrip_Name>UNION BANK OF INDIA</Scrip_Name>
	<NSE_Symbol>UNIONBANK</NSE_Symbol>
	<MWPL_Limit>76131760</MWPL_Limit>
	<Open_Interest>42777000</Open_Interest>
	<Limit_for_Next_Day>29548172</Limit_for_Next_Day>
</MWPL>
<MWPL>
	<Date>24-APR-2019</Date>
	<ISIN>INE628A01036</ISIN>
	<Scrip_Name>UPL LIMITED</Scrip_Name>
	<NSE_Symbol>UPL</NSE_Symbol>
	<MWPL_Limit>73388208</MWPL_Limit>
	<Open_Interest>16542000</Open_Interest>
	<Limit_for_Next_Day>53176797</Limit_for_Next_Day>
</MWPL>
<MWPL>
	<Date>24-APR-2019</Date>
	<ISIN>INE205A01025</ISIN>
	<Scrip_Name>VEDANTA LIMITED</Scrip_Name>
	<NSE_Symbol>VEDL</NSE_Symbol>
	<MWPL_Limit>367715829</MWPL_Limit>
	<Open_Interest>51101400</Open_Interest>
	<Limit_for_Next_Day>298228637</Limit_for_Next_Day>
</MWPL>
<MWPL>
	<Date>24-APR-2019</Date>
	<ISIN>INE951I01027</ISIN>
	<Scrip_Name>V-GUARD IND LTD.</Scrip_Name>
	<NSE_Symbol>VGUARD</NSE_Symbol>
	<MWPL_Limit>30594810</MWPL_Limit>
	<Open_Interest>4131000</Open_Interest>
	<Limit_for_Next_Day>24934069</Limit_for_Next_Day>
</MWPL>
<MWPL>
	<Date>24-APR-2019</Date>
	<ISIN>INE226A01021</ISIN>
	<Scrip_Name>VOLTAS LTD</Scrip_Name>
	<NSE_Symbol>VOLTAS</NSE_Symbol>
	<MWPL_Limit>46126252</MWPL_Limit>
	<Open_Interest>5409000</Open_Interest>
	<Limit_for_Next_Day>38410939</Limit_for_Next_Day>
</MWPL>
<MWPL>
	<Date>24-APR-2019</Date>
	<ISIN>INE075A01022</ISIN>
	<Scrip_Name>WIPRO LTD</Scrip_Name>
	<NSE_Symbol>WIPRO</NSE_Symbol>
	<MWPL_Limit>304757941</MWPL_Limit>
	<Open_Interest>61616000</Open_Interest>
	<Limit_for_Next_Day>227904043</Limit_for_Next_Day>
</MWPL>
<MWPL>
	<Date>24-APR-2019</Date>
	<ISIN>INE049B01025</ISIN>
	<Scrip_Name>WOCKHARDT LIMITED</Scrip_Name>
	<NSE_Symbol>WOCKPHARMA</NSE_Symbol>
	<MWPL_Limit>5740164</MWPL_Limit>
	<Open_Interest>4347900</Open_Interest>
	<Limit_for_Next_Day>1105255</Limit_for_Next_Day>
</MWPL>
<MWPL>
	<Date>24-APR-2019</Date>
	<ISIN>INE528G01027</ISIN>
	<Scrip_Name>YES BANK LIMITED</Scrip_Name>
	<NSE_Symbol>YESBANK</NSE_Symbol>
	<MWPL_Limit>370789950</MWPL_Limit>
	<Open_Interest>222992000</Open_Interest>
	<Limit_for_Next_Day>129258452</Limit_for_Next_Day>
</MWPL>
<MWPL>
	<Date>24-APR-2019</Date>
	<ISIN>INE256A01028</ISIN>
	<Scrip_Name>ZEE ENTERTAINMENT ENT LTD</Scrip_Name>
	<NSE_Symbol>ZEEL</NSE_Symbol>
	<MWPL_Limit>112141257</MWPL_Limit>
	<Open_Interest>26260000</Open_Interest>
	<Limit_for_Next_Day>80274194</Limit_for_Next_Day>
</MWPL>
</MWPL_Viols>
