<?xml version="1.0" encoding="utf-8" ?>
<MWPL_Viols>
<MWPL>
	<Date>12-APR-2019</Date>
	<ISIN>INE202B01012</ISIN>
	<Scrip_Name>DEWAN HOUSING FIN CORP LT</Scrip_Name>
	<NSE_Symbol>DHFL</NSE_Symbol>
	<MWPL_Limit>38154662</MWPL_Limit>
	<Open_Interest>33240000</Open_Interest>
	<Limit_for_Next_Day>No Fresh Positions</Limit_for_Next_Day>
</MWPL>
<MWPL>
	<Date>12-APR-2019</Date>
	<ISIN>INE271C01023</ISIN>
	<Scrip_Name>DLF LIMITED</Scrip_Name>
	<NSE_Symbol>DLF</NSE_Symbol>
	<MWPL_Limit>89416568</MWPL_Limit>
	<Open_Interest>71570200</Open_Interest>
	<Limit_for_Next_Day>No Fresh Positions</Limit_for_Next_Day>
</MWPL>
<MWPL>
	<Date>12-APR-2019</Date>
	<ISIN>INE008A01015</ISIN>
	<Scrip_Name>IDBI BANK LIMITED</Scrip_Name>
	<NSE_Symbol>IDBI</NSE_Symbol>
	<MWPL_Limit>39323831</MWPL_Limit>
	<Open_Interest>35460000</Open_Interest>
	<Limit_for_Next_Day>No Fresh Positions</Limit_for_Next_Day>
</MWPL>
<MWPL>
	<Date>12-APR-2019</Date>
	<ISIN>INE802G01018</ISIN>
	<Scrip_Name>JET AIRWAYS (INDIA) LTD.</Scrip_Name>
	<NSE_Symbol>JETAIRWAYS</NSE_Symbol>
	<MWPL_Limit>11132543</MWPL_Limit>
	<Open_Interest>11030800</Open_Interest>
	<Limit_for_Next_Day>No Fresh Positions</Limit_for_Next_Day>
</MWPL>
<MWPL>
	<Date>12-APR-2019</Date>
	<ISIN>INE614G01033</ISIN>
	<Scrip_Name>RELIANCE POWER LTD.</Scrip_Name>
	<NSE_Symbol>RPOWER</NSE_Symbol>
	<MWPL_Limit>140233556</MWPL_Limit>
	<Open_Interest>118640000</Open_Interest>
	<Limit_for_Next_Day>No Fresh Positions</Limit_for_Next_Day>
</MWPL>
<MWPL>
	<Date>12-APR-2019</Date>
	<ISIN>INE049B01025</ISIN>
	<Scrip_Name>WOCKHARDT LIMITED</Scrip_Name>
	<NSE_Symbol>WOCKPHARMA</NSE_Symbol>
	<MWPL_Limit>5740164</MWPL_Limit>
	<Open_Interest>4776300</Open_Interest>
	<Limit_for_Next_Day>No Fresh Positions</Limit_for_Next_Day>
</MWPL>
<MWPL>
	<Date>12-APR-2019</Date>
	<ISIN>INE012A01025</ISIN>
	<Scrip_Name>ACC LIMITED</Scrip_Name>
	<NSE_Symbol>ACC</NSE_Symbol>
	<MWPL_Limit>17078428</MWPL_Limit>
	<Open_Interest>3180400</Open_Interest>
	<Limit_for_Next_Day>13044106</Limit_for_Next_Day>
</MWPL>
<MWPL>
	<Date>12-APR-2019</Date>
	<ISIN>INE423A01024</ISIN>
	<Scrip_Name>ADANI ENTERPRISES LIMITED</Scrip_Name>
	<NSE_Symbol>ADANIENT</NSE_Symbol>
	<MWPL_Limit>55169320</MWPL_Limit>
	<Open_Interest>48228000</Open_Interest>
	<Limit_for_Next_Day>4182854</Limit_for_Next_Day>
</MWPL>
<MWPL>
	<Date>12-APR-2019</Date>
	<ISIN>INE742F01042</ISIN>
	<Scrip_Name>ADANI PORT & SEZ LTD</Scrip_Name>
	<NSE_Symbol>ADANIPORTS</NSE_Symbol>
	<MWPL_Limit>156144401</MWPL_Limit>
	<Open_Interest>22627500</Open_Interest>
	<Limit_for_Next_Day>125709680</Limit_for_Next_Day>
</MWPL>
<MWPL>
	<Date>12-APR-2019</Date>
	<ISIN>INE814H01011</ISIN>
	<Scrip_Name>ADANI POWER LTD</Scrip_Name>
	<NSE_Symbol>ADANIPOWER</NSE_Symbol>
	<MWPL_Limit>193065274</MWPL_Limit>
	<Open_Interest>167460000</Open_Interest>
	<Limit_for_Next_Day>15952010</Limit_for_Next_Day>
</MWPL>
<MWPL>
	<Date>12-APR-2019</Date>
	<ISIN>INE031B01049</ISIN>
	<Scrip_Name>AJANTA PHARMA LIMITED</Scrip_Name>
	<NSE_Symbol>AJANTPHARM</NSE_Symbol>
	<MWPL_Limit>5196948</MWPL_Limit>
	<Open_Interest>907000</Open_Interest>
	<Limit_for_Next_Day>4030100</Limit_for_Next_Day>
</MWPL>
<MWPL>
	<Date>12-APR-2019</Date>
	<ISIN>INE428A01015</ISIN>
	<Scrip_Name>ALLAHABAD BANK</Scrip_Name>
	<NSE_Symbol>ALBK</NSE_Symbol>
	<MWPL_Limit>50696289</MWPL_Limit>
	<Open_Interest>31135000</Open_Interest>
	<Limit_for_Next_Day>17026474</Limit_for_Next_Day>
</MWPL>
<MWPL>
	<Date>12-APR-2019</Date>
	<ISIN>INE885A01032</ISIN>
	<Scrip_Name>AMARA RAJA BATTERIES LTD.</Scrip_Name>
	<NSE_Symbol>AMARAJABAT</NSE_Symbol>
	<MWPL_Limit>16377009</MWPL_Limit>
	<Open_Interest>2874900</Open_Interest>
	<Limit_for_Next_Day>12683258</Limit_for_Next_Day>
</MWPL>
<MWPL>
	<Date>12-APR-2019</Date>
	<ISIN>INE079A01024</ISIN>
	<Scrip_Name>AMBUJA CEMENTS LTD</Scrip_Name>
	<NSE_Symbol>AMBUJACEM</NSE_Symbol>
	<MWPL_Limit>144327988</MWPL_Limit>
	<Open_Interest>24735000</Open_Interest>
	<Limit_for_Next_Day>112376588</Limit_for_Next_Day>
</MWPL>
<MWPL>
	<Date>12-APR-2019</Date>
	<ISIN>INE437A01024</ISIN>
	<Scrip_Name>APOLLO HOSPITALS ENTER. L</Scrip_Name>
	<NSE_Symbol>APOLLOHOSP</NSE_Symbol>
	<MWPL_Limit>18254499</MWPL_Limit>
	<Open_Interest>1373000</Open_Interest>
	<Limit_for_Next_Day>15968774</Limit_for_Next_Day>
</MWPL>
<MWPL>
	<Date>12-APR-2019</Date>
	<ISIN>INE438A01022</ISIN>
	<Scrip_Name>APOLLO TYRES LTD</Scrip_Name>
	<NSE_Symbol>APOLLOTYRE</NSE_Symbol>
	<MWPL_Limit>67723169</MWPL_Limit>
	<Open_Interest>15156000</Open_Interest>
	<Limit_for_Next_Day>49181010</Limit_for_Next_Day>
</MWPL>
<MWPL>
	<Date>12-APR-2019</Date>
	<ISIN>INE034A01011</ISIN>
	<Scrip_Name>ARVIND LIMITED</Scrip_Name>
	<NSE_Symbol>ARVIND</NSE_Symbol>
	<MWPL_Limit>29429703</MWPL_Limit>
	<Open_Interest>6738000</Open_Interest>
	<Limit_for_Next_Day>21220217</Limit_for_Next_Day>
</MWPL>
<MWPL>
	<Date>12-APR-2019</Date>
	<ISIN>INE208A01029</ISIN>
	<Scrip_Name>ASHOK LEYLAND LTD</Scrip_Name>
	<NSE_Symbol>ASHOKLEY</NSE_Symbol>
	<MWPL_Limit>286973403</MWPL_Limit>
	<Open_Interest>110748000</Open_Interest>
	<Limit_for_Next_Day>161876732</Limit_for_Next_Day>
</MWPL>
<MWPL>
	<Date>12-APR-2019</Date>
	<ISIN>INE021A01026</ISIN>
	<Scrip_Name>ASIAN PAINTS LIMITED</Scrip_Name>
	<NSE_Symbol>ASIANPAINT</NSE_Symbol>
	<MWPL_Limit>90562661</MWPL_Limit>
	<Open_Interest>7539600</Open_Interest>
	<Limit_for_Next_Day>78494927</Limit_for_Next_Day>
</MWPL>
<MWPL>
	<Date>12-APR-2019</Date>
	<ISIN>INE406A01037</ISIN>
	<Scrip_Name>AUROBINDO PHARMA LTD</Scrip_Name>
	<NSE_Symbol>AUROPHARMA</NSE_Symbol>
	<MWPL_Limit>56396335</MWPL_Limit>
	<Open_Interest>20632000</Open_Interest>
	<Limit_for_Next_Day>32944518</Limit_for_Next_Day>
</MWPL>
<MWPL>
	<Date>12-APR-2019</Date>
	<ISIN>INE238A01034</ISIN>
	<Scrip_Name>AXIS BANK LIMITED</Scrip_Name>
	<NSE_Symbol>AXISBANK</NSE_Symbol>
	<MWPL_Limit>380572741</MWPL_Limit>
	<Open_Interest>42358800</Open_Interest>
	<Limit_for_Next_Day>319185303</Limit_for_Next_Day>
</MWPL>
<MWPL>
	<Date>12-APR-2019</Date>
	<ISIN>INE917I01010</ISIN>
	<Scrip_Name>BAJAJ AUTO LIMITED</Scrip_Name>
	<NSE_Symbol>BAJAJ-AUTO</NSE_Symbol>
	<MWPL_Limit>29341807</MWPL_Limit>
	<Open_Interest>4302000</Open_Interest>
	<Limit_for_Next_Day>23572716</Limit_for_Next_Day>
</MWPL>
<MWPL>
	<Date>12-APR-2019</Date>
	<ISIN>INE918I01018</ISIN>
	<Scrip_Name>BAJAJ FINSERV LTD.</Scrip_Name>
	<NSE_Symbol>BAJAJFINSV</NSE_Symbol>
	<MWPL_Limit>13248060</MWPL_Limit>
	<Open_Interest>923125</Open_Interest>
	<Limit_for_Next_Day>11662532</Limit_for_Next_Day>
</MWPL>
<MWPL>
	<Date>12-APR-2019</Date>
	<ISIN>INE296A01024</ISIN>
	<Scrip_Name>BAJAJ FINANCE LIMITED</Scrip_Name>
	<NSE_Symbol>BAJFINANCE</NSE_Symbol>
	<MWPL_Limit>51558770</MWPL_Limit>
	<Open_Interest>6730000</Open_Interest>
	<Limit_for_Next_Day>42250831</Limit_for_Next_Day>
</MWPL>
<MWPL>
	<Date>12-APR-2019</Date>
	<ISIN>INE787D01026</ISIN>
	<Scrip_Name>BALKRISHNA IND. LTD</Scrip_Name>
	<NSE_Symbol>BALKRISIND</NSE_Symbol>
	<MWPL_Limit>16124234</MWPL_Limit>
	<Open_Interest>2048800</Open_Interest>
	<Limit_for_Next_Day>13269222</Limit_for_Next_Day>
</MWPL>
<MWPL>
	<Date>12-APR-2019</Date>
	<ISIN>INE028A01039</ISIN>
	<Scrip_Name>BANK OF BARODA</Scrip_Name>
	<NSE_Symbol>BANKBARODA</NSE_Symbol>
	<MWPL_Limit>191844279</MWPL_Limit>
	<Open_Interest>73292000</Open_Interest>
	<Limit_for_Next_Day>108960065</Limit_for_Next_Day>
</MWPL>
<MWPL>
	<Date>12-APR-2019</Date>
	<ISIN>INE084A01016</ISIN>
	<Scrip_Name>BANK OF INDIA</Scrip_Name>
	<NSE_Symbol>BANKINDIA</NSE_Symbol>
	<MWPL_Limit>58936059</MWPL_Limit>
	<Open_Interest>36252000</Open_Interest>
	<Limit_for_Next_Day>19737256</Limit_for_Next_Day>
</MWPL>
<MWPL>
	<Date>12-APR-2019</Date>
	<ISIN>INE176A01028</ISIN>
	<Scrip_Name>BATA INDIA LTD</Scrip_Name>
	<NSE_Symbol>BATAINDIA</NSE_Symbol>
	<MWPL_Limit>12092405</MWPL_Limit>
	<Open_Interest>2731300</Open_Interest>
	<Limit_for_Next_Day>8756484</Limit_for_Next_Day>
</MWPL>
<MWPL>
	<Date>12-APR-2019</Date>
	<ISIN>INE263A01024</ISIN>
	<Scrip_Name>BHARAT ELECTRONICS LTD</Scrip_Name>
	<NSE_Symbol>BEL</NSE_Symbol>
	<MWPL_Limit>185506537</MWPL_Limit>
	<Open_Interest>57450000</Open_Interest>
	<Limit_for_Next_Day>118781210</Limit_for_Next_Day>
</MWPL>
<MWPL>
	<Date>12-APR-2019</Date>
	<ISIN>INE258A01016</ISIN>
	<Scrip_Name>BEML LIMITED</Scrip_Name>
	<NSE_Symbol>BEML</NSE_Symbol>
	<MWPL_Limit>3828900</MWPL_Limit>
	<Open_Interest>2259600</Open_Interest>
	<Limit_for_Next_Day>1377855</Limit_for_Next_Day>
</MWPL>
<MWPL>
	<Date>12-APR-2019</Date>
	<ISIN>INE463A01038</ISIN>
	<Scrip_Name>BERGER PAINTS (I) LTD</Scrip_Name>
	<NSE_Symbol>BERGEPAINT</NSE_Symbol>
	<MWPL_Limit>48578062</MWPL_Limit>
	<Open_Interest>3135000</Open_Interest>
	<Limit_for_Next_Day>43014158</Limit_for_Next_Day>
</MWPL>
<MWPL>
	<Date>12-APR-2019</Date>
	<ISIN>INE180K01011</ISIN>
	<Scrip_Name>BHARAT FIN INCLUSION LTD</Scrip_Name>
	<NSE_Symbol>BHARATFIN</NSE_Symbol>
	<MWPL_Limit>27585244</MWPL_Limit>
	<Open_Interest>4477500</Open_Interest>
	<Limit_for_Next_Day>21728481</Limit_for_Next_Day>
</MWPL>
<MWPL>
	<Date>12-APR-2019</Date>
	<ISIN>INE465A01025</ISIN>
	<Scrip_Name>BHARAT FORGE LTD</Scrip_Name>
	<NSE_Symbol>BHARATFORG</NSE_Symbol>
	<MWPL_Limit>50501678</MWPL_Limit>
	<Open_Interest>10855200</Open_Interest>
	<Limit_for_Next_Day>37121394</Limit_for_Next_Day>
</MWPL>
<MWPL>
	<Date>12-APR-2019</Date>
	<ISIN>INE397D01024</ISIN>
	<Scrip_Name>BHARTI AIRTEL LIMITED</Scrip_Name>
	<NSE_Symbol>BHARTIARTL</NSE_Symbol>
	<MWPL_Limit>262428715</MWPL_Limit>
	<Open_Interest>40001000</Open_Interest>
	<Limit_for_Next_Day>209306279</Limit_for_Next_Day>
</MWPL>
<MWPL>
	<Date>12-APR-2019</Date>
	<ISIN>INE257A01026</ISIN>
	<Scrip_Name>BHEL</Scrip_Name>
	<NSE_Symbol>BHEL</NSE_Symbol>
	<MWPL_Limit>256482590</MWPL_Limit>
	<Open_Interest>80595000</Open_Interest>
	<Limit_for_Next_Day>163063460</Limit_for_Next_Day>
</MWPL>
<MWPL>
	<Date>12-APR-2019</Date>
	<ISIN>INE376G01013</ISIN>
	<Scrip_Name>BIOCON LIMITED.</Scrip_Name>
	<NSE_Symbol>BIOCON</NSE_Symbol>
	<MWPL_Limit>45649210</MWPL_Limit>
	<Open_Interest>7150500</Open_Interest>
	<Limit_for_Next_Day>36216249</Limit_for_Next_Day>
</MWPL>
<MWPL>
	<Date>12-APR-2019</Date>
	<ISIN>INE323A01026</ISIN>
	<Scrip_Name>BOSCH LIMITED</Scrip_Name>
	<NSE_Symbol>BOSCHLTD</NSE_Symbol>
	<MWPL_Limit>1737683</MWPL_Limit>
	<Open_Interest>153150</Open_Interest>
	<Limit_for_Next_Day>1497648</Limit_for_Next_Day>
</MWPL>
<MWPL>
	<Date>12-APR-2019</Date>
	<ISIN>INE029A01011</ISIN>
	<Scrip_Name>BHARAT PETROLEUM CORP  LT</Scrip_Name>
	<NSE_Symbol>BPCL</NSE_Symbol>
	<MWPL_Limit>199861375</MWPL_Limit>
	<Open_Interest>15264000</Open_Interest>
	<Limit_for_Next_Day>174604306</Limit_for_Next_Day>
</MWPL>
<MWPL>
	<Date>12-APR-2019</Date>
	<ISIN>INE216A01030</ISIN>
	<Scrip_Name>BRITANNIA INDUSTRIES LTD</Scrip_Name>
	<NSE_Symbol>BRITANNIA</NSE_Symbol>
	<MWPL_Limit>23714500</MWPL_Limit>
	<Open_Interest>2375600</Open_Interest>
	<Limit_for_Next_Day>20153175</Limit_for_Next_Day>
</MWPL>
<MWPL>
	<Date>12-APR-2019</Date>
	<ISIN>INE836A01035</ISIN>
	<Scrip_Name>BIRLASOFT LIMITED</Scrip_Name>
	<NSE_Symbol>BSOFT</NSE_Symbol>
	<MWPL_Limit>30868887</MWPL_Limit>
	<Open_Interest>4452750</Open_Interest>
	<Limit_for_Next_Day>24872692</Limit_for_Next_Day>
</MWPL>
<MWPL>
	<Date>12-APR-2019</Date>
	<ISIN>INE010B01027</ISIN>
	<Scrip_Name>CADILA HEALTHCARE LIMITED</Scrip_Name>
	<NSE_Symbol>CADILAHC</NSE_Symbol>
	<MWPL_Limit>51610474</MWPL_Limit>
	<Open_Interest>12155200</Open_Interest>
	<Limit_for_Next_Day>36874750</Limit_for_Next_Day>
</MWPL>
<MWPL>
	<Date>12-APR-2019</Date>
	<ISIN>INE476A01014</ISIN>
	<Scrip_Name>CANARA BANK</Scrip_Name>
	<NSE_Symbol>CANBK</NSE_Symbol>
	<MWPL_Limit>40260000</MWPL_Limit>
	<Open_Interest>15374000</Open_Interest>
	<Limit_for_Next_Day>22873000</Limit_for_Next_Day>
</MWPL>
<MWPL>
	<Date>12-APR-2019</Date>
	<ISIN>INE477A01020</ISIN>
	<Scrip_Name>CAN FIN HOMES LTD</Scrip_Name>
	<NSE_Symbol>CANFINHOME</NSE_Symbol>
	<MWPL_Limit>18644752</MWPL_Limit>
	<Open_Interest>4257000</Open_Interest>
	<Limit_for_Next_Day>13455514</Limit_for_Next_Day>
</MWPL>
<MWPL>
	<Date>12-APR-2019</Date>
	<ISIN>INE172A01027</ISIN>
	<Scrip_Name>CASTROL INDIA LIMITED</Scrip_Name>
	<NSE_Symbol>CASTROLIND</NSE_Symbol>
	<MWPL_Limit>96933993</MWPL_Limit>
	<Open_Interest>8755000</Open_Interest>
	<Limit_for_Next_Day>83332293</Limit_for_Next_Day>
</MWPL>
<MWPL>
	<Date>12-APR-2019</Date>
	<ISIN>INE482A01020</ISIN>
	<Scrip_Name>CEAT LIMITED</Scrip_Name>
	<NSE_Symbol>CEATLTD</NSE_Symbol>
	<MWPL_Limit>3966064</MWPL_Limit>
	<Open_Interest>1613600</Open_Interest>
	<Limit_for_Next_Day>2154160</Limit_for_Next_Day>
</MWPL>
<MWPL>
	<Date>12-APR-2019</Date>
	<ISIN>INE055A01016</ISIN>
	<Scrip_Name>CENTURY TEXTILES LTD</Scrip_Name>
	<NSE_Symbol>CENTURYTEX</NSE_Symbol>
	<MWPL_Limit>11123542</MWPL_Limit>
	<Open_Interest>4573800</Open_Interest>
	<Limit_for_Next_Day>5993564</Limit_for_Next_Day>
</MWPL>
<MWPL>
	<Date>12-APR-2019</Date>
	<ISIN>INE486A01013</ISIN>
	<Scrip_Name>CESC LTD</Scrip_Name>
	<NSE_Symbol>CESC</NSE_Symbol>
	<MWPL_Limit>13275380</MWPL_Limit>
	<Open_Interest>1902450</Open_Interest>
	<Limit_for_Next_Day>10709161</Limit_for_Next_Day>
</MWPL>
<MWPL>
	<Date>12-APR-2019</Date>
	<ISIN>INE067A01029</ISIN>
	<Scrip_Name>CG POWER AND IND SOL LTD</Scrip_Name>
	<NSE_Symbol>CGPOWER</NSE_Symbol>
	<MWPL_Limit>82103824</MWPL_Limit>
	<Open_Interest>32688000</Open_Interest>
	<Limit_for_Next_Day>45310632</Limit_for_Next_Day>
</MWPL>
<MWPL>
	<Date>12-APR-2019</Date>
	<ISIN>INE178A01016</ISIN>
	<Scrip_Name>CHENNAI PETROLEUM CORP LT</Scrip_Name>
	<NSE_Symbol>CHENNPETRO</NSE_Symbol>
	<MWPL_Limit>9742660</MWPL_Limit>
	<Open_Interest>1117800</Open_Interest>
	<Limit_for_Next_Day>8137727</Limit_for_Next_Day>
</MWPL>
<MWPL>
	<Date>12-APR-2019</Date>
	<ISIN>INE121A01016</ISIN>
	<Scrip_Name>CHOLAMANDALAM IN & FIN CO</Scrip_Name>
	<NSE_Symbol>CHOLAFIN</NSE_Symbol>
	<MWPL_Limit>14677911</MWPL_Limit>
	<Open_Interest>684500</Open_Interest>
	<Limit_for_Next_Day>13259515</Limit_for_Next_Day>
</MWPL>
<MWPL>
	<Date>12-APR-2019</Date>
	<ISIN>INE059A01026</ISIN>
	<Scrip_Name>CIPLA LTD</Scrip_Name>
	<NSE_Symbol>CIPLA</NSE_Symbol>
	<MWPL_Limit>101917315</MWPL_Limit>
	<Open_Interest>13173000</Open_Interest>
	<Limit_for_Next_Day>83648449</Limit_for_Next_Day>
</MWPL>
<MWPL>
	<Date>12-APR-2019</Date>
	<ISIN>INE522F01014</ISIN>
	<Scrip_Name>COAL INDIA LTD</Scrip_Name>
	<NSE_Symbol>COALINDIA</NSE_Symbol>
	<MWPL_Limit>336345332</MWPL_Limit>
	<Open_Interest>39571400</Open_Interest>
	<Limit_for_Next_Day>279956665</Limit_for_Next_Day>
</MWPL>
<MWPL>
	<Date>12-APR-2019</Date>
	<ISIN>INE259A01022</ISIN>
	<Scrip_Name>COLGATE PALMOLIVE LTD.</Scrip_Name>
	<NSE_Symbol>COLPAL</NSE_Symbol>
	<MWPL_Limit>26654592</MWPL_Limit>
	<Open_Interest>2189600</Open_Interest>
	<Limit_for_Next_Day>23132262</Limit_for_Next_Day>
</MWPL>
<MWPL>
	<Date>12-APR-2019</Date>
	<ISIN>INE111A01025</ISIN>
	<Scrip_Name>CONTAINER CORP OF IND LTD</Scrip_Name>
	<NSE_Symbol>CONCOR</NSE_Symbol>
	<MWPL_Limit>55081874</MWPL_Limit>
	<Open_Interest>1686477</Open_Interest>
	<Limit_for_Next_Day>50641303</Limit_for_Next_Day>
</MWPL>
<MWPL>
	<Date>12-APR-2019</Date>
	<ISIN>INE298A01020</ISIN>
	<Scrip_Name>CUMMINS INDIA LTD</Scrip_Name>
	<NSE_Symbol>CUMMINSIND</NSE_Symbol>
	<MWPL_Limit>27165463</MWPL_Limit>
	<Open_Interest>1790600</Open_Interest>
	<Limit_for_Next_Day>24016589</Limit_for_Next_Day>
</MWPL>
<MWPL>
	<Date>12-APR-2019</Date>
	<ISIN>INE016A01026</ISIN>
	<Scrip_Name>DABUR INDIA LTD</Scrip_Name>
	<NSE_Symbol>DABUR</NSE_Symbol>
	<MWPL_Limit>113438092</MWPL_Limit>
	<Open_Interest>17380000</Open_Interest>
	<Limit_for_Next_Day>90386187</Limit_for_Next_Day>
</MWPL>
<MWPL>
	<Date>12-APR-2019</Date>
	<ISIN>INE503A01015</ISIN>
	<Scrip_Name>DCB BANK LIMITED</Scrip_Name>
	<NSE_Symbol>DCBBANK</NSE_Symbol>
	<MWPL_Limit>52620094</MWPL_Limit>
	<Open_Interest>7285500</Open_Interest>
	<Limit_for_Next_Day>42703589</Limit_for_Next_Day>
</MWPL>
<MWPL>
	<Date>12-APR-2019</Date>
	<ISIN>INE836F01026</ISIN>
	<Scrip_Name>DISH TV INDIA LTD.</Scrip_Name>
	<NSE_Symbol>DISHTV</NSE_Symbol>
	<MWPL_Limit>144254920</MWPL_Limit>
	<Open_Interest>79008000</Open_Interest>
	<Limit_for_Next_Day>58034174</Limit_for_Next_Day>
</MWPL>
<MWPL>
	<Date>12-APR-2019</Date>
	<ISIN>INE361B01024</ISIN>
	<Scrip_Name>DIVI'S LABORATORIES LTD</Scrip_Name>
	<NSE_Symbol>DIVISLAB</NSE_Symbol>
	<MWPL_Limit>25478844</MWPL_Limit>
	<Open_Interest>3063200</Open_Interest>
	<Limit_for_Next_Day>21141701</Limit_for_Next_Day>
</MWPL>
<MWPL>
	<Date>12-APR-2019</Date>
	<ISIN>INE089A01023</ISIN>
	<Scrip_Name>DR. REDDY'S LABORATORIES</Scrip_Name>
	<NSE_Symbol>DRREDDY</NSE_Symbol>
	<MWPL_Limit>24280052</MWPL_Limit>
	<Open_Interest>4388250</Open_Interest>
	<Limit_for_Next_Day>18677799</Limit_for_Next_Day>
</MWPL>
<MWPL>
	<Date>12-APR-2019</Date>
	<ISIN>INE066A01013</ISIN>
	<Scrip_Name>EICHER MOTORS LTD</Scrip_Name>
	<NSE_Symbol>EICHERMOT</NSE_Symbol>
	<MWPL_Limit>2763845</MWPL_Limit>
	<Open_Interest>538900</Open_Interest>
	<Limit_for_Next_Day>2086752</Limit_for_Next_Day>
</MWPL>
<MWPL>
	<Date>12-APR-2019</Date>
	<ISIN>INE510A01028</ISIN>
	<Scrip_Name>ENGINEERS INDIA LTD</Scrip_Name>
	<NSE_Symbol>ENGINERSIN</NSE_Symbol>
	<MWPL_Limit>60644337</MWPL_Limit>
	<Open_Interest>10893700</Open_Interest>
	<Limit_for_Next_Day>46718420</Limit_for_Next_Day>
</MWPL>
<MWPL>
	<Date>12-APR-2019</Date>
	<ISIN>INE988K01017</ISIN>
	<Scrip_Name>EQUITAS HOLDINGS LIMITED</Scrip_Name>
	<NSE_Symbol>EQUITAS</NSE_Symbol>
	<MWPL_Limit>68261466</MWPL_Limit>
	<Open_Interest>13220000</Open_Interest>
	<Limit_for_Next_Day>51628392</Limit_for_Next_Day>
</MWPL>
<MWPL>
	<Date>12-APR-2019</Date>
	<ISIN>INE042A01014</ISIN>
	<Scrip_Name>ESCORTS INDIA LTD</Scrip_Name>
	<NSE_Symbol>ESCORTS</NSE_Symbol>
	<MWPL_Limit>14689242</MWPL_Limit>
	<Open_Interest>5223900</Open_Interest>
	<Limit_for_Next_Day>8730879</Limit_for_Next_Day>
</MWPL>
<MWPL>
	<Date>12-APR-2019</Date>
	<ISIN>INE302A01020</ISIN>
	<Scrip_Name>EXIDE INDUSTRIES LTD</Scrip_Name>
	<NSE_Symbol>EXIDEIND</NSE_Symbol>
	<MWPL_Limit>91809066</MWPL_Limit>
	<Open_Interest>11368000</Open_Interest>
	<Limit_for_Next_Day>75850612</Limit_for_Next_Day>
</MWPL>
<MWPL>
	<Date>12-APR-2019</Date>
	<ISIN>INE171A01029</ISIN>
	<Scrip_Name>FEDERAL BANK LTD</Scrip_Name>
	<NSE_Symbol>FEDERALBNK</NSE_Symbol>
	<MWPL_Limit>390687191</MWPL_Limit>
	<Open_Interest>81809000</Open_Interest>
	<Limit_for_Next_Day>289343831</Limit_for_Next_Day>
</MWPL>
<MWPL>
	<Date>12-APR-2019</Date>
	<ISIN>INE129A01019</ISIN>
	<Scrip_Name>GAIL (INDIA) LTD</Scrip_Name>
	<NSE_Symbol>GAIL</NSE_Symbol>
	<MWPL_Limit>208101824</MWPL_Limit>
	<Open_Interest>13238988</Open_Interest>
	<Limit_for_Next_Day>184457744</Limit_for_Next_Day>
</MWPL>
<MWPL>
	<Date>12-APR-2019</Date>
	<ISIN>INE935A01035</ISIN>
	<Scrip_Name>GLENMARK PHARMACEUTICALS</Scrip_Name>
	<NSE_Symbol>GLENMARK</NSE_Symbol>
	<MWPL_Limit>30167759</MWPL_Limit>
	<Open_Interest>4551000</Open_Interest>
	<Limit_for_Next_Day>24108371</Limit_for_Next_Day>
</MWPL>
<MWPL>
	<Date>12-APR-2019</Date>
	<ISIN>INE776C01039</ISIN>
	<Scrip_Name>GMR INFRASTRUCTURE LTD.</Scrip_Name>
	<NSE_Symbol>GMRINFRA</NSE_Symbol>
	<MWPL_Limit>441771144</MWPL_Limit>
	<Open_Interest>252900000</Open_Interest>
	<Limit_for_Next_Day>166782586</Limit_for_Next_Day>
</MWPL>
<MWPL>
	<Date>12-APR-2019</Date>
	<ISIN>INE260B01028</ISIN>
	<Scrip_Name>GODFREY PHILLIPS INDIA LT</Scrip_Name>
	<NSE_Symbol>GODFRYPHLP</NSE_Symbol>
	<MWPL_Limit>2891826</MWPL_Limit>
	<Open_Interest>700000</Open_Interest>
	<Limit_for_Next_Day>2047234</Limit_for_Next_Day>
</MWPL>
<MWPL>
	<Date>12-APR-2019</Date>
	<ISIN>INE102D01028</ISIN>
	<Scrip_Name>GODREJ CONSUMER PRODUCTS</Scrip_Name>
	<NSE_Symbol>GODREJCP</NSE_Symbol>
	<MWPL_Limit>75135570</MWPL_Limit>
	<Open_Interest>7561200</Open_Interest>
	<Limit_for_Next_Day>63817591</Limit_for_Next_Day>
</MWPL>
<MWPL>
	<Date>12-APR-2019</Date>
	<ISIN>INE233A01035</ISIN>
	<Scrip_Name>GODREJ INDUSTRIES LTD</Scrip_Name>
	<NSE_Symbol>GODREJIND</NSE_Symbol>
	<MWPL_Limit>26013156</MWPL_Limit>
	<Open_Interest>1378500</Open_Interest>
	<Limit_for_Next_Day>23333998</Limit_for_Next_Day>
</MWPL>
<MWPL>
	<Date>12-APR-2019</Date>
	<ISIN>INE047A01021</ISIN>
	<Scrip_Name>GRASIM INDUSTRIES LTD</Scrip_Name>
	<NSE_Symbol>GRASIM</NSE_Symbol>
	<MWPL_Limit>78447148</MWPL_Limit>
	<Open_Interest>12413250</Open_Interest>
	<Limit_for_Next_Day>62111540</Limit_for_Next_Day>
</MWPL>
<MWPL>
	<Date>12-APR-2019</Date>
	<ISIN>INE026A01025</ISIN>
	<Scrip_Name>GUJ STATE FERT & CHEM LTD</Scrip_Name>
	<NSE_Symbol>GSFC</NSE_Symbol>
	<MWPL_Limit>49535525</MWPL_Limit>
	<Open_Interest>12314000</Open_Interest>
	<Limit_for_Next_Day>34744748</Limit_for_Next_Day>
</MWPL>
<MWPL>
	<Date>12-APR-2019</Date>
	<ISIN>INE176B01034</ISIN>
	<Scrip_Name>HAVELLS INDIA LIMITED</Scrip_Name>
	<NSE_Symbol>HAVELLS</NSE_Symbol>
	<MWPL_Limit>50509139</MWPL_Limit>
	<Open_Interest>5402000</Open_Interest>
	<Limit_for_Next_Day>42581682</Limit_for_Next_Day>
</MWPL>
<MWPL>
	<Date>12-APR-2019</Date>
	<ISIN>INE860A01027</ISIN>
	<Scrip_Name>HCL TECHNOLOGIES LTD</Scrip_Name>
	<NSE_Symbol>HCLTECH</NSE_Symbol>
	<MWPL_Limit>108488721</MWPL_Limit>
	<Open_Interest>9377200</Open_Interest>
	<Limit_for_Next_Day>93687084</Limit_for_Next_Day>
</MWPL>
<MWPL>
	<Date>12-APR-2019</Date>
	<ISIN>INE001A01036</ISIN>
	<Scrip_Name>HDFC LTD</Scrip_Name>
	<NSE_Symbol>HDFC</NSE_Symbol>
	<MWPL_Limit>331028275</MWPL_Limit>
	<Open_Interest>28893000</Open_Interest>
	<Limit_for_Next_Day>285583861</Limit_for_Next_Day>
</MWPL>
<MWPL>
	<Date>12-APR-2019</Date>
	<ISIN>INE040A01026</ISIN>
	<Scrip_Name>HDFC BANK LTD</Scrip_Name>
	<NSE_Symbol>HDFCBANK</NSE_Symbol>
	<MWPL_Limit>322340063</MWPL_Limit>
	<Open_Interest>16575750</Open_Interest>
	<Limit_for_Next_Day>289647309</Limit_for_Next_Day>
</MWPL>
<MWPL>
	<Date>12-APR-2019</Date>
	<ISIN>INE158A01026</ISIN>
	<Scrip_Name>HERO MOTOCORP LIMITED</Scrip_Name>
	<NSE_Symbol>HEROMOTOCO</NSE_Symbol>
	<MWPL_Limit>26110651</MWPL_Limit>
	<Open_Interest>4257800</Open_Interest>
	<Limit_for_Next_Day>20547318</Limit_for_Next_Day>
</MWPL>
<MWPL>
	<Date>12-APR-2019</Date>
	<ISIN>INE093A01033</ISIN>
	<Scrip_Name>HEXAWARE TECHNOLOGIES LTD</Scrip_Name>
	<NSE_Symbol>HEXAWARE</NSE_Symbol>
	<MWPL_Limit>22208479</MWPL_Limit>
	<Open_Interest>4365000</Open_Interest>
	<Limit_for_Next_Day>16733055</Limit_for_Next_Day>
</MWPL>
<MWPL>
	<Date>12-APR-2019</Date>
	<ISIN>INE038A01020</ISIN>
	<Scrip_Name>HINDALCO  INDUSTRIES  LTD</Scrip_Name>
	<NSE_Symbol>HINDALCO</NSE_Symbol>
	<MWPL_Limit>292540128</MWPL_Limit>
	<Open_Interest>45234000</Open_Interest>
	<Limit_for_Next_Day>232679121</Limit_for_Next_Day>
</MWPL>
<MWPL>
	<Date>12-APR-2019</Date>
	<ISIN>INE094A01015</ISIN>
	<Scrip_Name>HINDUSTAN PETROLEUM CORP</Scrip_Name>
	<NSE_Symbol>HINDPETRO</NSE_Symbol>
	<MWPL_Limit>304764525</MWPL_Limit>
	<Open_Interest>19464900</Open_Interest>
	<Limit_for_Next_Day>270061398</Limit_for_Next_Day>
</MWPL>
<MWPL>
	<Date>12-APR-2019</Date>
	<ISIN>INE030A01027</ISIN>
	<Scrip_Name>HINDUSTAN UNILEVER LTD.</Scrip_Name>
	<NSE_Symbol>HINDUNILVR</NSE_Symbol>
	<MWPL_Limit>142047217</MWPL_Limit>
	<Open_Interest>13399200</Open_Interest>
	<Limit_for_Next_Day>121545656</Limit_for_Next_Day>
</MWPL>
<MWPL>
	<Date>12-APR-2019</Date>
	<ISIN>INE267A01025</ISIN>
	<Scrip_Name>HINDUSTAN ZINC LIMITED</Scrip_Name>
	<NSE_Symbol>HINDZINC</NSE_Symbol>
	<MWPL_Limit>296432938</MWPL_Limit>
	<Open_Interest>5385600</Open_Interest>
	<Limit_for_Next_Day>276225691</Limit_for_Next_Day>
</MWPL>
<MWPL>
	<Date>12-APR-2019</Date>
	<ISIN>INE148I01020</ISIN>
	<Scrip_Name>INDIABULLS HSG FIN LTD</Scrip_Name>
	<NSE_Symbol>IBULHSGFIN</NSE_Symbol>
	<MWPL_Limit>66523910</MWPL_Limit>
	<Open_Interest>29193000</Open_Interest>
	<Limit_for_Next_Day>34004714</Limit_for_Next_Day>
</MWPL>
<MWPL>
	<Date>12-APR-2019</Date>
	<ISIN>INE090A01021</ISIN>
	<Scrip_Name>ICICI BANK LTD.</Scrip_Name>
	<NSE_Symbol>ICICIBANK</NSE_Symbol>
	<MWPL_Limit>967259346</MWPL_Limit>
	<Open_Interest>137645750</Open_Interest>
	<Limit_for_Next_Day>781250628</Limit_for_Next_Day>
</MWPL>
<MWPL>
	<Date>12-APR-2019</Date>
	<ISIN>INE726G01019</ISIN>
	<Scrip_Name>ICICI PRU LIFE INS CO LTD</Scrip_Name>
	<NSE_Symbol>ICICIPRULI</NSE_Symbol>
	<MWPL_Limit>61178818</MWPL_Limit>
	<Open_Interest>9861000</Open_Interest>
	<Limit_for_Next_Day>48258877</Limit_for_Next_Day>
</MWPL>
<MWPL>
	<Date>12-APR-2019</Date>
	<ISIN>INE669E01016</ISIN>
	<Scrip_Name>VODAFONE IDEA LIMITED</Scrip_Name>
	<NSE_Symbol>IDEA</NSE_Symbol>
	<MWPL_Limit>829391834</MWPL_Limit>
	<Open_Interest>717354008</Open_Interest>
	<Limit_for_Next_Day>70568234</Limit_for_Next_Day>
</MWPL>
<MWPL>
	<Date>12-APR-2019</Date>
	<ISIN>INE043D01016</ISIN>
	<Scrip_Name>IDFC LIMITED</Scrip_Name>
	<NSE_Symbol>IDFC</NSE_Symbol>
	<MWPL_Limit>319271663</MWPL_Limit>
	<Open_Interest>99448800</Open_Interest>
	<Limit_for_Next_Day>203859279</Limit_for_Next_Day>
</MWPL>
<MWPL>
	<Date>12-APR-2019</Date>
	<ISIN>INE092T01019</ISIN>
	<Scrip_Name>IDFC FIRST BANK LIMITED</Scrip_Name>
	<NSE_Symbol>IDFCFIRSTB</NSE_Symbol>
	<MWPL_Limit>573782582</MWPL_Limit>
	<Open_Interest>160008000</Open_Interest>
	<Limit_for_Next_Day>385085452</Limit_for_Next_Day>
</MWPL>
<MWPL>
	<Date>12-APR-2019</Date>
	<ISIN>INE039A01010</ISIN>
	<Scrip_Name>IFCI LTD</Scrip_Name>
	<NSE_Symbol>IFCI</NSE_Symbol>
	<MWPL_Limit>147807447</MWPL_Limit>
	<Open_Interest>80465000</Open_Interest>
	<Limit_for_Next_Day>59952074</Limit_for_Next_Day>
</MWPL>
<MWPL>
	<Date>12-APR-2019</Date>
	<ISIN>INE203G01027</ISIN>
	<Scrip_Name>INDRAPRASTHA GAS LTD</Scrip_Name>
	<NSE_Symbol>IGL</NSE_Symbol>
	<MWPL_Limit>77000080</MWPL_Limit>
	<Open_Interest>5662250</Open_Interest>
	<Limit_for_Next_Day>67487826</Limit_for_Next_Day>
</MWPL>
<MWPL>
	<Date>12-APR-2019</Date>
	<ISIN>INE383A01012</ISIN>
	<Scrip_Name>THE INDIA CEMENTS LIMITED</Scrip_Name>
	<NSE_Symbol>INDIACEM</NSE_Symbol>
	<MWPL_Limit>44246369</MWPL_Limit>
	<Open_Interest>32031000</Open_Interest>
	<Limit_for_Next_Day>10003050</Limit_for_Next_Day>
</MWPL>
<MWPL>
	<Date>12-APR-2019</Date>
	<ISIN>INE562A01011</ISIN>
	<Scrip_Name>INDIAN BANK</Scrip_Name>
	<NSE_Symbol>INDIANB</NSE_Symbol>
	<MWPL_Limit>17549476</MWPL_Limit>
	<Open_Interest>4202000</Open_Interest>
	<Limit_for_Next_Day>12470002</Limit_for_Next_Day>
</MWPL>
<MWPL>
	<Date>12-APR-2019</Date>
	<ISIN>INE646L01027</ISIN>
	<Scrip_Name>INTERGLOBE AVIATION LTD</Scrip_Name>
	<NSE_Symbol>INDIGO</NSE_Symbol>
	<MWPL_Limit>19270843</MWPL_Limit>
	<Open_Interest>3198000</Open_Interest>
	<Limit_for_Next_Day>15109300</Limit_for_Next_Day>
</MWPL>
<MWPL>
	<Date>12-APR-2019</Date>
	<ISIN>INE095A01012</ISIN>
	<Scrip_Name>INDUSIND BANK LIMITED</Scrip_Name>
	<NSE_Symbol>INDUSINDBK</NSE_Symbol>
	<MWPL_Limit>89434622</MWPL_Limit>
	<Open_Interest>8687700</Open_Interest>
	<Limit_for_Next_Day>76275190</Limit_for_Next_Day>
</MWPL>
<MWPL>
	<Date>12-APR-2019</Date>
	<ISIN>INE483S01020</ISIN>
	<Scrip_Name>INFIBEAM AVENUES LIMITED</Scrip_Name>
	<NSE_Symbol>INFIBEAM</NSE_Symbol>
	<MWPL_Limit>81413204</MWPL_Limit>
	<Open_Interest>18100000</Open_Interest>
	<Limit_for_Next_Day>59242543</Limit_for_Next_Day>
</MWPL>
<MWPL>
	<Date>12-APR-2019</Date>
	<ISIN>INE121J01017</ISIN>
	<Scrip_Name>BHARTI INFRATEL LTD.</Scrip_Name>
	<NSE_Symbol>INFRATEL</NSE_Symbol>
	<MWPL_Limit>171832533</MWPL_Limit>
	<Open_Interest>6374000</Open_Interest>
	<Limit_for_Next_Day>156866906</Limit_for_Next_Day>
</MWPL>
<MWPL>
	<Date>12-APR-2019</Date>
	<ISIN>INE009A01021</ISIN>
	<Scrip_Name>INFOSYS LIMITED</Scrip_Name>
	<NSE_Symbol>INFY</NSE_Symbol>
	<MWPL_Limit>757551164</MWPL_Limit>
	<Open_Interest>72594000</Open_Interest>
	<Limit_for_Next_Day>647079605</Limit_for_Next_Day>
</MWPL>
<MWPL>
	<Date>12-APR-2019</Date>
	<ISIN>INE242A01010</ISIN>
	<Scrip_Name>INDIAN OIL CORP LTD</Scrip_Name>
	<NSE_Symbol>IOC</NSE_Symbol>
	<MWPL_Limit>868368232</MWPL_Limit>
	<Open_Interest>67161500</Open_Interest>
	<Limit_for_Next_Day>757788320</Limit_for_Next_Day>
</MWPL>
<MWPL>
	<Date>12-APR-2019</Date>
	<ISIN>INE821I01014</ISIN>
	<Scrip_Name>IRB INFRA DEV LTD.</Scrip_Name>
	<NSE_Symbol>IRB</NSE_Symbol>
	<MWPL_Limit>29847479</MWPL_Limit>
	<Open_Interest>13219200</Open_Interest>
	<Limit_for_Next_Day>15135905</Limit_for_Next_Day>
</MWPL>
<MWPL>
	<Date>12-APR-2019</Date>
	<ISIN>INE154A01025</ISIN>
	<Scrip_Name>ITC LTD</Scrip_Name>
	<NSE_Symbol>ITC</NSE_Symbol>
	<MWPL_Limit>2445238781</MWPL_Limit>
	<Open_Interest>88833600</Open_Interest>
	<Limit_for_Next_Day>2234143241</Limit_for_Next_Day>
</MWPL>
<MWPL>
	<Date>12-APR-2019</Date>
	<ISIN>INE749A01030</ISIN>
	<Scrip_Name>JINDAL STEEL & POWER LTD</Scrip_Name>
	<NSE_Symbol>JINDALSTEL</NSE_Symbol>
	<MWPL_Limit>80029268</MWPL_Limit>
	<Open_Interest>33549750</Open_Interest>
	<Limit_for_Next_Day>42478054</Limit_for_Next_Day>
</MWPL>
<MWPL>
	<Date>12-APR-2019</Date>
	<ISIN>INE175A01038</ISIN>
	<Scrip_Name>JAIN IRRIGATION SYSTEMS</Scrip_Name>
	<NSE_Symbol>JISLJALEQS</NSE_Symbol>
	<MWPL_Limit>63596288</MWPL_Limit>
	<Open_Interest>41571000</Open_Interest>
	<Limit_for_Next_Day>18845473</Limit_for_Next_Day>
</MWPL>
<MWPL>
	<Date>12-APR-2019</Date>
	<ISIN>INE019A01038</ISIN>
	<Scrip_Name>JSW STEEL LIMITED</Scrip_Name>
	<NSE_Symbol>JSWSTEEL</NSE_Symbol>
	<MWPL_Limit>274637182</MWPL_Limit>
	<Open_Interest>45676500</Open_Interest>
	<Limit_for_Next_Day>215228822</Limit_for_Next_Day>
</MWPL>
<MWPL>
	<Date>12-APR-2019</Date>
	<ISIN>INE797F01012</ISIN>
	<Scrip_Name>JUBILANT FOODWORKS LTD</Scrip_Name>
	<NSE_Symbol>JUBLFOOD</NSE_Symbol>
	<MWPL_Limit>14455140</MWPL_Limit>
	<Open_Interest>4914500</Open_Interest>
	<Limit_for_Next_Day>8817883</Limit_for_Next_Day>
</MWPL>
<MWPL>
	<Date>12-APR-2019</Date>
	<ISIN>INE599M01018</ISIN>
	<Scrip_Name>JUSTDIAL LTD.</Scrip_Name>
	<NSE_Symbol>JUSTDIAL</NSE_Symbol>
	<MWPL_Limit>8550030</MWPL_Limit>
	<Open_Interest>4748800</Open_Interest>
	<Limit_for_Next_Day>3373728</Limit_for_Next_Day>
</MWPL>
<MWPL>
	<Date>12-APR-2019</Date>
	<ISIN>INE217B01036</ISIN>
	<Scrip_Name>KAJARIA CERAMICS LTD</Scrip_Name>
	<NSE_Symbol>KAJARIACER</NSE_Symbol>
	<MWPL_Limit>16664813</MWPL_Limit>
	<Open_Interest>1790100</Open_Interest>
	<Limit_for_Next_Day>14041472</Limit_for_Next_Day>
</MWPL>
<MWPL>
	<Date>12-APR-2019</Date>
	<ISIN>INE237A01028</ISIN>
	<Scrip_Name>KOTAK MAHINDRA BANK LTD</Scrip_Name>
	<NSE_Symbol>KOTAKBANK</NSE_Symbol>
	<MWPL_Limit>267015629</MWPL_Limit>
	<Open_Interest>14076000</Open_Interest>
	<Limit_for_Next_Day>239588847</Limit_for_Next_Day>
</MWPL>
<MWPL>
	<Date>12-APR-2019</Date>
	<ISIN>INE455I01029</ISIN>
	<Scrip_Name>KAVERI SEED CO. LTD.</Scrip_Name>
	<NSE_Symbol>KSCL</NSE_Symbol>
	<MWPL_Limit>5669882</MWPL_Limit>
	<Open_Interest>1108500</Open_Interest>
	<Limit_for_Next_Day>4277887</Limit_for_Next_Day>
</MWPL>
<MWPL>
	<Date>12-APR-2019</Date>
	<ISIN>INE614B01018</ISIN>
	<Scrip_Name>KARNATAKA BANK LIMITED</Scrip_Name>
	<NSE_Symbol>KTKBANK</NSE_Symbol>
	<MWPL_Limit>56521559</MWPL_Limit>
	<Open_Interest>19495600</Open_Interest>
	<Limit_for_Next_Day>34199881</Limit_for_Next_Day>
</MWPL>
<MWPL>
	<Date>12-APR-2019</Date>
	<ISIN>INE498L01015</ISIN>
	<Scrip_Name>L&T FINANCE HOLDINGS LTD</Scrip_Name>
	<NSE_Symbol>L&TFH</NSE_Symbol>
	<MWPL_Limit>143962331</MWPL_Limit>
	<Open_Interest>31590000</Open_Interest>
	<Limit_for_Next_Day>105174214</Limit_for_Next_Day>
</MWPL>
<MWPL>
	<Date>12-APR-2019</Date>
	<ISIN>INE115A01026</ISIN>
	<Scrip_Name>LIC HOUSING FINANCE LTD</Scrip_Name>
	<NSE_Symbol>LICHSGFIN</NSE_Symbol>
	<MWPL_Limit>60244101</MWPL_Limit>
	<Open_Interest>9433600</Open_Interest>
	<Limit_for_Next_Day>47798295</Limit_for_Next_Day>
</MWPL>
<MWPL>
	<Date>12-APR-2019</Date>
	<ISIN>INE018A01030</ISIN>
	<Scrip_Name>LARSEN & TOUBRO LTD.</Scrip_Name>
	<NSE_Symbol>LT</NSE_Symbol>
	<MWPL_Limit>275535867</MWPL_Limit>
	<Open_Interest>13536375</Open_Interest>
	<Limit_for_Next_Day>248222698</Limit_for_Next_Day>
</MWPL>
<MWPL>
	<Date>12-APR-2019</Date>
	<ISIN>INE326A01037</ISIN>
	<Scrip_Name>LUPIN LIMITED</Scrip_Name>
	<NSE_Symbol>LUPIN</NSE_Symbol>
	<MWPL_Limit>47971947</MWPL_Limit>
	<Open_Interest>11981900</Open_Interest>
	<Limit_for_Next_Day>33591449</Limit_for_Next_Day>
</MWPL>
<MWPL>
	<Date>12-APR-2019</Date>
	<ISIN>INE101A01026</ISIN>
	<Scrip_Name>MAHINDRA & MAHINDRA LTD</Scrip_Name>
	<NSE_Symbol>M&M</NSE_Symbol>
	<MWPL_Limit>173623634</MWPL_Limit>
	<Open_Interest>23000000</Open_Interest>
	<Limit_for_Next_Day>141942452</Limit_for_Next_Day>
</MWPL>
<MWPL>
	<Date>12-APR-2019</Date>
	<ISIN>INE774D01024</ISIN>
	<Scrip_Name>M&M FIN. SERVICES LTD</Scrip_Name>
	<NSE_Symbol>M&MFIN</NSE_Symbol>
	<MWPL_Limit>59712403</MWPL_Limit>
	<Open_Interest>12201250</Open_Interest>
	<Limit_for_Next_Day>44525532</Limit_for_Next_Day>
</MWPL>
<MWPL>
	<Date>12-APR-2019</Date>
	<ISIN>INE522D01027</ISIN>
	<Scrip_Name>MANAPPURAM FINANCE LTD</Scrip_Name>
	<NSE_Symbol>MANAPPURAM</NSE_Symbol>
	<MWPL_Limit>109330743</MWPL_Limit>
	<Open_Interest>13614000</Open_Interest>
	<Limit_for_Next_Day>90250205</Limit_for_Next_Day>
</MWPL>
<MWPL>
	<Date>12-APR-2019</Date>
	<ISIN>INE196A01026</ISIN>
	<Scrip_Name>MARICO LIMITED</Scrip_Name>
	<NSE_Symbol>MARICO</NSE_Symbol>
	<MWPL_Limit>103836709</MWPL_Limit>
	<Open_Interest>7690800</Open_Interest>
	<Limit_for_Next_Day>90954073</Limit_for_Next_Day>
</MWPL>
<MWPL>
	<Date>12-APR-2019</Date>
	<ISIN>INE585B01010</ISIN>
	<Scrip_Name>MARUTI SUZUKI INDIA LTD.</Scrip_Name>
	<NSE_Symbol>MARUTI</NSE_Symbol>
	<MWPL_Limit>26458324</MWPL_Limit>
	<Open_Interest>4284600</Open_Interest>
	<Limit_for_Next_Day>20850807</Limit_for_Next_Day>
</MWPL>
<MWPL>
	<Date>12-APR-2019</Date>
	<ISIN>INE854D01024</ISIN>
	<Scrip_Name>UNITED SPIRITS LIMITED</Scrip_Name>
	<NSE_Symbol>MCDOWELL-N</NSE_Symbol>
	<MWPL_Limit>62845623</MWPL_Limit>
	<Open_Interest>13728750</Open_Interest>
	<Limit_for_Next_Day>45974591</Limit_for_Next_Day>
</MWPL>
<MWPL>
	<Date>12-APR-2019</Date>
	<ISIN>INE745G01035</ISIN>
	<Scrip_Name>MULTI COMMODITY EXCHANGE</Scrip_Name>
	<NSE_Symbol>MCX</NSE_Symbol>
	<MWPL_Limit>10173586</MWPL_Limit>
	<Open_Interest>2344300</Open_Interest>
	<Limit_for_Next_Day>7320606</Limit_for_Next_Day>
</MWPL>
<MWPL>
	<Date>12-APR-2019</Date>
	<ISIN>INE180A01020</ISIN>
	<Scrip_Name>MAX FINANCIAL SERV LTD</Scrip_Name>
	<NSE_Symbol>MFSL</NSE_Symbol>
	<MWPL_Limit>38534772</MWPL_Limit>
	<Open_Interest>2084400</Open_Interest>
	<Limit_for_Next_Day>34523633</Limit_for_Next_Day>
</MWPL>
<MWPL>
	<Date>12-APR-2019</Date>
	<ISIN>INE002S01010</ISIN>
	<Scrip_Name>MAHANAGAR GAS LTD.</Scrip_Name>
	<NSE_Symbol>MGL</NSE_Symbol>
	<MWPL_Limit>11359449</MWPL_Limit>
	<Open_Interest>643200</Open_Interest>
	<Limit_for_Next_Day>10148276</Limit_for_Next_Day>
</MWPL>
<MWPL>
	<Date>12-APR-2019</Date>
	<ISIN>INE018I01017</ISIN>
	<Scrip_Name>MINDTREE LIMITED</Scrip_Name>
	<NSE_Symbol>MINDTREE</NSE_Symbol>
	<MWPL_Limit>28409718</MWPL_Limit>
	<Open_Interest>6617400</Open_Interest>
	<Limit_for_Next_Day>20371832</Limit_for_Next_Day>
</MWPL>
<MWPL>
	<Date>12-APR-2019</Date>
	<ISIN>INE775A01035</ISIN>
	<Scrip_Name>MOTHERSON SUMI SYSTEMS LT</Scrip_Name>
	<NSE_Symbol>MOTHERSUMI</NSE_Symbol>
	<MWPL_Limit>241729538</MWPL_Limit>
	<Open_Interest>37517400</Open_Interest>
	<Limit_for_Next_Day>192125661</Limit_for_Next_Day>
</MWPL>
<MWPL>
	<Date>12-APR-2019</Date>
	<ISIN>INE883A01011</ISIN>
	<Scrip_Name>MRF LTD</Scrip_Name>
	<NSE_Symbol>MRF</NSE_Symbol>
	<MWPL_Limit>613765</MWPL_Limit>
	<Open_Interest>33230</Open_Interest>
	<Limit_for_Next_Day>549846</Limit_for_Next_Day>
</MWPL>
<MWPL>
	<Date>12-APR-2019</Date>
	<ISIN>INE103A01014</ISIN>
	<Scrip_Name>MRPL</Scrip_Name>
	<NSE_Symbol>MRPL</NSE_Symbol>
	<MWPL_Limit>40018232</MWPL_Limit>
	<Open_Interest>5705000</Open_Interest>
	<Limit_for_Next_Day>32312320</Limit_for_Next_Day>
</MWPL>
<MWPL>
	<Date>12-APR-2019</Date>
	<ISIN>INE414G01012</ISIN>
	<Scrip_Name>MUTHOOT FINANCE LIMITED</Scrip_Name>
	<NSE_Symbol>MUTHOOTFIN</NSE_Symbol>
	<MWPL_Limit>21223881</MWPL_Limit>
	<Open_Interest>3136500</Open_Interest>
	<Limit_for_Next_Day>17026186</Limit_for_Next_Day>
</MWPL>
<MWPL>
	<Date>12-APR-2019</Date>
	<ISIN>INE139A01034</ISIN>
	<Scrip_Name>NATIONAL ALUMINIUM CO LTD</Scrip_Name>
	<NSE_Symbol>NATIONALUM</NSE_Symbol>
	<MWPL_Limit>161309931</MWPL_Limit>
	<Open_Interest>53944000</Open_Interest>
	<Limit_for_Next_Day>99300434</Limit_for_Next_Day>
</MWPL>
<MWPL>
	<Date>12-APR-2019</Date>
	<ISIN>INE095N01031</ISIN>
	<Scrip_Name>NBCC (INDIA) LIMITED</Scrip_Name>
	<NSE_Symbol>NBCC</NSE_Symbol>
	<MWPL_Limit>105949489</MWPL_Limit>
	<Open_Interest>57744000</Open_Interest>
	<Limit_for_Next_Day>42908014</Limit_for_Next_Day>
</MWPL>
<MWPL>
	<Date>12-APR-2019</Date>
	<ISIN>INE868B01028</ISIN>
	<Scrip_Name>NCC LIMITED</Scrip_Name>
	<NSE_Symbol>NCC</NSE_Symbol>
	<MWPL_Limit>98291337</MWPL_Limit>
	<Open_Interest>49216000</Open_Interest>
	<Limit_for_Next_Day>44160770</Limit_for_Next_Day>
</MWPL>
<MWPL>
	<Date>12-APR-2019</Date>
	<ISIN>INE239A01016</ISIN>
	<Scrip_Name>NESTLE INDIA LIMITED</Scrip_Name>
	<NSE_Symbol>NESTLEIND</NSE_Symbol>
	<MWPL_Limit>7180127</MWPL_Limit>
	<Open_Interest>344750</Open_Interest>
	<Limit_for_Next_Day>6476370</Limit_for_Next_Day>
</MWPL>
<MWPL>
	<Date>12-APR-2019</Date>
	<ISIN>INE848E01016</ISIN>
	<Scrip_Name>NHPC LTD</Scrip_Name>
	<NSE_Symbol>NHPC</NSE_Symbol>
	<MWPL_Limit>525836038</MWPL_Limit>
	<Open_Interest>34749000</Open_Interest>
	<Limit_for_Next_Day>464795236</Limit_for_Next_Day>
</MWPL>
<MWPL>
	<Date>12-APR-2019</Date>
	<ISIN>INE591G01017</ISIN>
	<Scrip_Name>NIIT TECHNOLOGIES LTD</Scrip_Name>
	<NSE_Symbol>NIITTECH</NSE_Symbol>
	<MWPL_Limit>8557451</MWPL_Limit>
	<Open_Interest>3845250</Open_Interest>
	<Limit_for_Next_Day>4284328</Limit_for_Next_Day>
</MWPL>
<MWPL>
	<Date>12-APR-2019</Date>
	<ISIN>INE584A01023</ISIN>
	<Scrip_Name>NMDC LTD.</Scrip_Name>
	<NSE_Symbol>NMDC</NSE_Symbol>
	<MWPL_Limit>169762789</MWPL_Limit>
	<Open_Interest>24636000</Open_Interest>
	<Limit_for_Next_Day>136638649</Limit_for_Next_Day>
</MWPL>
<MWPL>
	<Date>12-APR-2019</Date>
	<ISIN>INE733E01010</ISIN>
	<Scrip_Name>NTPC LTD</Scrip_Name>
	<NSE_Symbol>NTPC</NSE_Symbol>
	<MWPL_Limit>866904097</MWPL_Limit>
	<Open_Interest>82416000</Open_Interest>
	<Limit_for_Next_Day>741142892</Limit_for_Next_Day>
</MWPL>
<MWPL>
	<Date>12-APR-2019</Date>
	<ISIN>INE881D01027</ISIN>
	<Scrip_Name>ORACLE FIN SERV SOFT LTD.</Scrip_Name>
	<NSE_Symbol>OFSS</NSE_Symbol>
	<MWPL_Limit>4540712</MWPL_Limit>
	<Open_Interest>312750</Open_Interest>
	<Limit_for_Next_Day>4000926</Limit_for_Next_Day>
</MWPL>
<MWPL>
	<Date>12-APR-2019</Date>
	<ISIN>INE274J01014</ISIN>
	<Scrip_Name>OIL INDIA LTD</Scrip_Name>
	<NSE_Symbol>OIL</NSE_Symbol>
	<MWPL_Limit>80148191</MWPL_Limit>
	<Open_Interest>8412525</Open_Interest>
	<Limit_for_Next_Day>67728256</Limit_for_Next_Day>
</MWPL>
<MWPL>
	<Date>12-APR-2019</Date>
	<ISIN>INE213A01029</ISIN>
	<Scrip_Name>OIL AND NATURAL GAS CORP.</Scrip_Name>
	<NSE_Symbol>ONGC</NSE_Symbol>
	<MWPL_Limit>881795538</MWPL_Limit>
	<Open_Interest>63577500</Open_Interest>
	<Limit_for_Next_Day>774128261</Limit_for_Next_Day>
</MWPL>
<MWPL>
	<Date>12-APR-2019</Date>
	<ISIN>INE141A01014</ISIN>
	<Scrip_Name>ORIENTAL BANK OF COMMERCE</Scrip_Name>
	<NSE_Symbol>ORIENTBANK</NSE_Symbol>
	<MWPL_Limit>28817691</MWPL_Limit>
	<Open_Interest>18991000</Open_Interest>
	<Limit_for_Next_Day>8385806</Limit_for_Next_Day>
</MWPL>
<MWPL>
	<Date>12-APR-2019</Date>
	<ISIN>INE761H01022</ISIN>
	<Scrip_Name>PAGE INDUSTRIES LTD</Scrip_Name>
	<NSE_Symbol>PAGEIND</NSE_Symbol>
	<MWPL_Limit>1152956</MWPL_Limit>
	<Open_Interest>103700</Open_Interest>
	<Limit_for_Next_Day>991608</Limit_for_Next_Day>
</MWPL>
<MWPL>
	<Date>12-APR-2019</Date>
	<ISIN>INE785M01013</ISIN>
	<Scrip_Name>PC JEWELLER LTD</Scrip_Name>
	<NSE_Symbol>PCJEWELLER</NSE_Symbol>
	<MWPL_Limit>33475537</MWPL_Limit>
	<Open_Interest>24531000</Open_Interest>
	<Limit_for_Next_Day>7270760</Limit_for_Next_Day>
</MWPL>
<MWPL>
	<Date>12-APR-2019</Date>
	<ISIN>INE140A01024</ISIN>
	<Scrip_Name>PIRAMAL ENTERPRISES LTD</Scrip_Name>
	<NSE_Symbol>PEL</NSE_Symbol>
	<MWPL_Limit>18042791</MWPL_Limit>
	<Open_Interest>3625510</Open_Interest>
	<Limit_for_Next_Day>13515141</Limit_for_Next_Day>
</MWPL>
<MWPL>
	<Date>12-APR-2019</Date>
	<ISIN>INE347G01014</ISIN>
	<Scrip_Name>PETRONET LNG LIMITED</Scrip_Name>
	<NSE_Symbol>PETRONET</NSE_Symbol>
	<MWPL_Limit>150000017</MWPL_Limit>
	<Open_Interest>12867000</Open_Interest>
	<Limit_for_Next_Day>129633016</Limit_for_Next_Day>
</MWPL>
<MWPL>
	<Date>12-APR-2019</Date>
	<ISIN>INE134E01011</ISIN>
	<Scrip_Name>POWER FIN CORP LTD.</Scrip_Name>
	<NSE_Symbol>PFC</NSE_Symbol>
	<MWPL_Limit>203369978</MWPL_Limit>
	<Open_Interest>42538200</Open_Interest>
	<Limit_for_Next_Day>150663279</Limit_for_Next_Day>
</MWPL>
<MWPL>
	<Date>12-APR-2019</Date>
	<ISIN>INE318A01026</ISIN>
	<Scrip_Name>PIDILITE INDUSTRIES LTD</Scrip_Name>
	<NSE_Symbol>PIDILITIND</NSE_Symbol>
	<MWPL_Limit>30719858</MWPL_Limit>
	<Open_Interest>2741000</Open_Interest>
	<Limit_for_Next_Day>26442865</Limit_for_Next_Day>
</MWPL>
<MWPL>
	<Date>12-APR-2019</Date>
	<ISIN>INE160A01022</ISIN>
	<Scrip_Name>PUNJAB NATIONAL BANK</Scrip_Name>
	<NSE_Symbol>PNB</NSE_Symbol>
	<MWPL_Limit>208425616</MWPL_Limit>
	<Open_Interest>149002000</Open_Interest>
	<Limit_for_Next_Day>49002335</Limit_for_Next_Day>
</MWPL>
<MWPL>
	<Date>12-APR-2019</Date>
	<ISIN>INE752E01010</ISIN>
	<Scrip_Name>POWER GRID CORP. LTD.</Scrip_Name>
	<NSE_Symbol>POWERGRID</NSE_Symbol>
	<MWPL_Limit>456842549</MWPL_Limit>
	<Open_Interest>20508000</Open_Interest>
	<Limit_for_Next_Day>413492421</Limit_for_Next_Day>
</MWPL>
<MWPL>
	<Date>12-APR-2019</Date>
	<ISIN>INE191H01014</ISIN>
	<Scrip_Name>PVR LIMITED</Scrip_Name>
	<NSE_Symbol>PVR</NSE_Symbol>
	<MWPL_Limit>7454656</MWPL_Limit>
	<Open_Interest>866400</Open_Interest>
	<Limit_for_Next_Day>6215523</Limit_for_Next_Day>
</MWPL>
<MWPL>
	<Date>12-APR-2019</Date>
	<ISIN>INE331A01037</ISIN>
	<Scrip_Name>THE RAMCO CEMENTS LIMITED</Scrip_Name>
	<NSE_Symbol>RAMCOCEM</NSE_Symbol>
	<MWPL_Limit>26974244</MWPL_Limit>
	<Open_Interest>1752000</Open_Interest>
	<Limit_for_Next_Day>23873531</Limit_for_Next_Day>
</MWPL>
<MWPL>
	<Date>12-APR-2019</Date>
	<ISIN>INE301A01014</ISIN>
	<Scrip_Name>RAYMOND LTD</Scrip_Name>
	<NSE_Symbol>RAYMOND</NSE_Symbol>
	<MWPL_Limit>6775384</MWPL_Limit>
	<Open_Interest>3892000</Open_Interest>
	<Limit_for_Next_Day>2544614</Limit_for_Next_Day>
</MWPL>
<MWPL>
	<Date>12-APR-2019</Date>
	<ISIN>INE976G01028</ISIN>
	<Scrip_Name>RBL BANK LIMITED</Scrip_Name>
	<NSE_Symbol>RBLBANK</NSE_Symbol>
	<MWPL_Limit>85086978</MWPL_Limit>
	<Open_Interest>7818000</Open_Interest>
	<Limit_for_Next_Day>73014629</Limit_for_Next_Day>
</MWPL>
<MWPL>
	<Date>12-APR-2019</Date>
	<ISIN>INE020B01018</ISIN>
	<Scrip_Name>REC LIMITED</Scrip_Name>
	<NSE_Symbol>RECLTD</NSE_Symbol>
	<MWPL_Limit>186236520</MWPL_Limit>
	<Open_Interest>45144000</Open_Interest>
	<Limit_for_Next_Day>131780694</Limit_for_Next_Day>
</MWPL>
<MWPL>
	<Date>12-APR-2019</Date>
	<ISIN>INE013A01015</ISIN>
	<Scrip_Name>RELIANCE CAPITAL LTD</Scrip_Name>
	<NSE_Symbol>RELCAPITAL</NSE_Symbol>
	<MWPL_Limit>23702036</MWPL_Limit>
	<Open_Interest>16848000</Open_Interest>
	<Limit_for_Next_Day>5668934</Limit_for_Next_Day>
</MWPL>
<MWPL>
	<Date>12-APR-2019</Date>
	<ISIN>INE002A01018</ISIN>
	<Scrip_Name>RELIANCE INDUSTRIES LTD</Scrip_Name>
	<NSE_Symbol>RELIANCE</NSE_Symbol>
	<MWPL_Limit>654841181</MWPL_Limit>
	<Open_Interest>67920000</Open_Interest>
	<Limit_for_Next_Day>554179121</Limit_for_Next_Day>
</MWPL>
<MWPL>
	<Date>12-APR-2019</Date>
	<ISIN>INE036A01016</ISIN>
	<Scrip_Name>RELIANCE INFRASTRUCTU LTD</Scrip_Name>
	<NSE_Symbol>RELINFRA</NSE_Symbol>
	<MWPL_Limit>26054178</MWPL_Limit>
	<Open_Interest>18422300</Open_Interest>
	<Limit_for_Next_Day>6329169</Limit_for_Next_Day>
</MWPL>
<MWPL>
	<Date>12-APR-2019</Date>
	<ISIN>INE612J01015</ISIN>
	<Scrip_Name>REPCO HOME FINANCE LTD</Scrip_Name>
	<NSE_Symbol>REPCOHOME</NSE_Symbol>
	<MWPL_Limit>7866151</MWPL_Limit>
	<Open_Interest>1160500</Open_Interest>
	<Limit_for_Next_Day>6312343</Limit_for_Next_Day>
</MWPL>
<MWPL>
	<Date>12-APR-2019</Date>
	<ISIN>INE114A01011</ISIN>
	<Scrip_Name>STEEL AUTHORITY OF INDIA</Scrip_Name>
	<NSE_Symbol>SAIL</NSE_Symbol>
	<MWPL_Limit>206528041</MWPL_Limit>
	<Open_Interest>142668000</Open_Interest>
	<Limit_for_Next_Day>53533638</Limit_for_Next_Day>
</MWPL>
<MWPL>
	<Date>12-APR-2019</Date>
	<ISIN>INE062A01020</ISIN>
	<Scrip_Name>STATE BANK OF INDIA</Scrip_Name>
	<NSE_Symbol>SBIN</NSE_Symbol>
	<MWPL_Limit>729782012</MWPL_Limit>
	<Open_Interest>141219000</Open_Interest>
	<Limit_for_Next_Day>552073911</Limit_for_Next_Day>
</MWPL>
<MWPL>
	<Date>12-APR-2019</Date>
	<ISIN>INE070A01015</ISIN>
	<Scrip_Name>SHREE CEMENT LIMITED</Scrip_Name>
	<NSE_Symbol>SHREECEM</NSE_Symbol>
	<MWPL_Limit>2453485</MWPL_Limit>
	<Open_Interest>89950</Open_Interest>
	<Limit_for_Next_Day>2240860</Limit_for_Next_Day>
</MWPL>
<MWPL>
	<Date>12-APR-2019</Date>
	<ISIN>INE003A01024</ISIN>
	<Scrip_Name>SIEMENS LTD</Scrip_Name>
	<NSE_Symbol>SIEMENS</NSE_Symbol>
	<MWPL_Limit>17806068</MWPL_Limit>
	<Open_Interest>1748450</Open_Interest>
	<Limit_for_Next_Day>15167314</Limit_for_Next_Day>
</MWPL>
<MWPL>
	<Date>12-APR-2019</Date>
	<ISIN>INE683A01023</ISIN>
	<Scrip_Name>THE SOUTH INDIAN BANK LTD</Scrip_Name>
	<NSE_Symbol>SOUTHBANK</NSE_Symbol>
	<MWPL_Limit>361928764</MWPL_Limit>
	<Open_Interest>179988771</Open_Interest>
	<Limit_for_Next_Day>163843554</Limit_for_Next_Day>
</MWPL>
<MWPL>
	<Date>12-APR-2019</Date>
	<ISIN>INE647A01010</ISIN>
	<Scrip_Name>SRF LTD</Scrip_Name>
	<NSE_Symbol>SRF</NSE_Symbol>
	<MWPL_Limit>5468800</MWPL_Limit>
	<Open_Interest>1446500</Open_Interest>
	<Limit_for_Next_Day>3748860</Limit_for_Next_Day>
</MWPL>
<MWPL>
	<Date>12-APR-2019</Date>
	<ISIN>INE721A01013</ISIN>
	<Scrip_Name>SHRIRAM TRANSPORT FIN CO.</Scrip_Name>
	<NSE_Symbol>SRTRANSFIN</NSE_Symbol>
	<MWPL_Limit>33541942</MWPL_Limit>
	<Open_Interest>3927000</Open_Interest>
	<Limit_for_Next_Day>27937844</Limit_for_Next_Day>
</MWPL>
<MWPL>
	<Date>12-APR-2019</Date>
	<ISIN>INE939A01011</ISIN>
	<Scrip_Name>STRIDES PHARMA SCI LTD</Scrip_Name>
	<NSE_Symbol>STAR</NSE_Symbol>
	<MWPL_Limit>12395780</MWPL_Limit>
	<Open_Interest>3724600</Open_Interest>
	<Limit_for_Next_Day>8051391</Limit_for_Next_Day>
</MWPL>
<MWPL>
	<Date>12-APR-2019</Date>
	<ISIN>INE044A01036</ISIN>
	<Scrip_Name>SUN PHARMACEUTICAL IND L</Scrip_Name>
	<NSE_Symbol>SUNPHARMA</NSE_Symbol>
	<MWPL_Limit>218894578</MWPL_Limit>
	<Open_Interest>58202100</Open_Interest>
	<Limit_for_Next_Day>149747749</Limit_for_Next_Day>
</MWPL>
<MWPL>
	<Date>12-APR-2019</Date>
	<ISIN>INE424H01027</ISIN>
	<Scrip_Name>SUN TV NETWORK LIMITED</Scrip_Name>
	<NSE_Symbol>SUNTV</NSE_Symbol>
	<MWPL_Limit>19704232</MWPL_Limit>
	<Open_Interest>8865000</Open_Interest>
	<Limit_for_Next_Day>9854020</Limit_for_Next_Day>
</MWPL>
<MWPL>
	<Date>12-APR-2019</Date>
	<ISIN>INE040H01021</ISIN>
	<Scrip_Name>SUZLON ENERGY LIMITED</Scrip_Name>
	<NSE_Symbol>SUZLON</NSE_Symbol>
	<MWPL_Limit>851741765</MWPL_Limit>
	<Open_Interest>398620000</Open_Interest>
	<Limit_for_Next_Day>410534676</Limit_for_Next_Day>
</MWPL>
<MWPL>
	<Date>12-APR-2019</Date>
	<ISIN>INE667A01018</ISIN>
	<Scrip_Name>SYNDICATE BANK</Scrip_Name>
	<NSE_Symbol>SYNDIBANK</NSE_Symbol>
	<MWPL_Limit>76346533</MWPL_Limit>
	<Open_Interest>37965000</Open_Interest>
	<Limit_for_Next_Day>34564206</Limit_for_Next_Day>
</MWPL>
<MWPL>
	<Date>12-APR-2019</Date>
	<ISIN>INE092A01019</ISIN>
	<Scrip_Name>TATA CHEMICALS LTD</Scrip_Name>
	<NSE_Symbol>TATACHEM</NSE_Symbol>
	<MWPL_Limit>35345667</MWPL_Limit>
	<Open_Interest>4328250</Open_Interest>
	<Limit_for_Next_Day>29250133</Limit_for_Next_Day>
</MWPL>
<MWPL>
	<Date>12-APR-2019</Date>
	<ISIN>INE151A01013</ISIN>
	<Scrip_Name>TATA COMMUNICATIONS LTD</Scrip_Name>
	<NSE_Symbol>TATACOMM</NSE_Symbol>
	<MWPL_Limit>14258524</MWPL_Limit>
	<Open_Interest>2542000</Open_Interest>
	<Limit_for_Next_Day>11003597</Limit_for_Next_Day>
</MWPL>
<MWPL>
	<Date>12-APR-2019</Date>
	<ISIN>INE670A01012</ISIN>
	<Scrip_Name>TATA ELXSI LIMITED</Scrip_Name>
	<NSE_Symbol>TATAELXSI</NSE_Symbol>
	<MWPL_Limit>6904235</MWPL_Limit>
	<Open_Interest>1755600</Open_Interest>
	<Limit_for_Next_Day>4803423</Limit_for_Next_Day>
</MWPL>
<MWPL>
	<Date>12-APR-2019</Date>
	<ISIN>INE192A01025</ISIN>
	<Scrip_Name>TATA GLOBAL BEVERAGES LTD</Scrip_Name>
	<NSE_Symbol>TATAGLOBAL</NSE_Symbol>
	<MWPL_Limit>82732329</MWPL_Limit>
	<Open_Interest>18211500</Open_Interest>
	<Limit_for_Next_Day>60384212</Limit_for_Next_Day>
</MWPL>
<MWPL>
	<Date>12-APR-2019</Date>
	<ISIN>INE155A01022</ISIN>
	<Scrip_Name>TATA MOTORS LIMITED</Scrip_Name>
	<NSE_Symbol>TATAMOTORS</NSE_Symbol>
	<MWPL_Limit>362219126</MWPL_Limit>
	<Open_Interest>119284000</Open_Interest>
	<Limit_for_Next_Day>224824169</Limit_for_Next_Day>
</MWPL>
<MWPL>
	<Date>12-APR-2019</Date>
	<ISIN>IN9155A01020</ISIN>
	<Scrip_Name>TATA MOTORS DVR 'A' ORD</Scrip_Name>
	<NSE_Symbol>TATAMTRDVR</NSE_Symbol>
	<MWPL_Limit>101602140</MWPL_Limit>
	<Open_Interest>41036200</Open_Interest>
	<Limit_for_Next_Day>55485833</Limit_for_Next_Day>
</MWPL>
<MWPL>
	<Date>12-APR-2019</Date>
	<ISIN>INE245A01021</ISIN>
	<Scrip_Name>TATA POWER CO LTD</Scrip_Name>
	<NSE_Symbol>TATAPOWER</NSE_Symbol>
	<MWPL_Limit>362445856</MWPL_Limit>
	<Open_Interest>85887000</Open_Interest>
	<Limit_for_Next_Day>258436563</Limit_for_Next_Day>
</MWPL>
<MWPL>
	<Date>12-APR-2019</Date>
	<ISIN>INE081A01012</ISIN>
	<Scrip_Name>TATA STEEL LIMITED</Scrip_Name>
	<NSE_Symbol>TATASTEEL</NSE_Symbol>
	<MWPL_Limit>161060422</MWPL_Limit>
	<Open_Interest>42029393</Open_Interest>
	<Limit_for_Next_Day>110978007</Limit_for_Next_Day>
</MWPL>
<MWPL>
	<Date>12-APR-2019</Date>
	<ISIN>INE467B01029</ISIN>
	<Scrip_Name>TATA CONSULTANCY SERV LT</Scrip_Name>
	<NSE_Symbol>TCS</NSE_Symbol>
	<MWPL_Limit>209768541</MWPL_Limit>
	<Open_Interest>24107250</Open_Interest>
	<Limit_for_Next_Day>175172863</Limit_for_Next_Day>
</MWPL>
<MWPL>
	<Date>12-APR-2019</Date>
	<ISIN>INE669C01036</ISIN>
	<Scrip_Name>TECH MAHINDRA LIMITED</Scrip_Name>
	<NSE_Symbol>TECHM</NSE_Symbol>
	<MWPL_Limit>125642015</MWPL_Limit>
	<Open_Interest>14914800</Open_Interest>
	<Limit_for_Next_Day>104445114</Limit_for_Next_Day>
</MWPL>
<MWPL>
	<Date>12-APR-2019</Date>
	<ISIN>INE280A01028</ISIN>
	<Scrip_Name>TITAN COMPANY LIMITED</Scrip_Name>
	<NSE_Symbol>TITAN</NSE_Symbol>
	<MWPL_Limit>83616848</MWPL_Limit>
	<Open_Interest>12594750</Open_Interest>
	<Limit_for_Next_Day>66841255</Limit_for_Next_Day>
</MWPL>
<MWPL>
	<Date>12-APR-2019</Date>
	<ISIN>INE685A01028</ISIN>
	<Scrip_Name>TORRENT PHARMACEUTICALS L</Scrip_Name>
	<NSE_Symbol>TORNTPHARM</NSE_Symbol>
	<MWPL_Limit>9731600</MWPL_Limit>
	<Open_Interest>850000</Open_Interest>
	<Limit_for_Next_Day>8395020</Limit_for_Next_Day>
</MWPL>
<MWPL>
	<Date>12-APR-2019</Date>
	<ISIN>INE813H01021</ISIN>
	<Scrip_Name>TORRENT POWER LTD</Scrip_Name>
	<NSE_Symbol>TORNTPOWER</NSE_Symbol>
	<MWPL_Limit>44634693</MWPL_Limit>
	<Open_Interest>3402000</Open_Interest>
	<Limit_for_Next_Day>39000958</Limit_for_Next_Day>
</MWPL>
<MWPL>
	<Date>12-APR-2019</Date>
	<ISIN>INE886H01027</ISIN>
	<Scrip_Name>TV18 BROADCAST LIMITED</Scrip_Name>
	<NSE_Symbol>TV18BRDCST</NSE_Symbol>
	<MWPL_Limit>129899100</MWPL_Limit>
	<Open_Interest>79521000</Open_Interest>
	<Limit_for_Next_Day>43883145</Limit_for_Next_Day>
</MWPL>
<MWPL>
	<Date>12-APR-2019</Date>
	<ISIN>INE494B01023</ISIN>
	<Scrip_Name>TVS MOTOR COMPANY  LTD</Scrip_Name>
	<NSE_Symbol>TVSMOTOR</NSE_Symbol>
	<MWPL_Limit>40480865</MWPL_Limit>
	<Open_Interest>6558000</Open_Interest>
	<Limit_for_Next_Day>31898821</Limit_for_Next_Day>
</MWPL>
<MWPL>
	<Date>12-APR-2019</Date>
	<ISIN>INE686F01025</ISIN>
	<Scrip_Name>UNITED BREWERIES LTD</Scrip_Name>
	<NSE_Symbol>UBL</NSE_Symbol>
	<MWPL_Limit>22357672</MWPL_Limit>
	<Open_Interest>2622200</Open_Interest>
	<Limit_for_Next_Day>18617588</Limit_for_Next_Day>
</MWPL>
<MWPL>
	<Date>12-APR-2019</Date>
	<ISIN>INE334L01012</ISIN>
	<Scrip_Name>UJJIVAN FIN. SERVC. LTD.</Scrip_Name>
	<NSE_Symbol>UJJIVAN</NSE_Symbol>
	<MWPL_Limit>24224375</MWPL_Limit>
	<Open_Interest>6052800</Open_Interest>
	<Limit_for_Next_Day>16960356</Limit_for_Next_Day>
</MWPL>
<MWPL>
	<Date>12-APR-2019</Date>
	<ISIN>INE481G01011</ISIN>
	<Scrip_Name>ULTRATECH CEMENT LIMITED</Scrip_Name>
	<NSE_Symbol>ULTRACEMCO</NSE_Symbol>
	<MWPL_Limit>21003731</MWPL_Limit>
	<Open_Interest>2298200</Open_Interest>
	<Limit_for_Next_Day>17655344</Limit_for_Next_Day>
</MWPL>
<MWPL>
	<Date>12-APR-2019</Date>
	<ISIN>INE692A01016</ISIN>
	<Scrip_Name>UNION BANK OF INDIA</Scrip_Name>
	<NSE_Symbol>UNIONBANK</NSE_Symbol>
	<MWPL_Limit>76131760</MWPL_Limit>
	<Open_Interest>45087000</Open_Interest>
	<Limit_for_Next_Day>27238172</Limit_for_Next_Day>
</MWPL>
<MWPL>
	<Date>12-APR-2019</Date>
	<ISIN>INE628A01036</ISIN>
	<Scrip_Name>UPL LIMITED</Scrip_Name>
	<NSE_Symbol>UPL</NSE_Symbol>
	<MWPL_Limit>73388208</MWPL_Limit>
	<Open_Interest>15937200</Open_Interest>
	<Limit_for_Next_Day>53781597</Limit_for_Next_Day>
</MWPL>
<MWPL>
	<Date>12-APR-2019</Date>
	<ISIN>INE205A01025</ISIN>
	<Scrip_Name>VEDANTA LIMITED</Scrip_Name>
	<NSE_Symbol>VEDL</NSE_Symbol>
	<MWPL_Limit>367715829</MWPL_Limit>
	<Open_Interest>43299800</Open_Interest>
	<Limit_for_Next_Day>306030237</Limit_for_Next_Day>
</MWPL>
<MWPL>
	<Date>12-APR-2019</Date>
	<ISIN>INE951I01027</ISIN>
	<Scrip_Name>V-GUARD IND LTD.</Scrip_Name>
	<NSE_Symbol>VGUARD</NSE_Symbol>
	<MWPL_Limit>30594810</MWPL_Limit>
	<Open_Interest>3921000</Open_Interest>
	<Limit_for_Next_Day>25144069</Limit_for_Next_Day>
</MWPL>
<MWPL>
	<Date>12-APR-2019</Date>
	<ISIN>INE226A01021</ISIN>
	<Scrip_Name>VOLTAS LTD</Scrip_Name>
	<NSE_Symbol>VOLTAS</NSE_Symbol>
	<MWPL_Limit>46126252</MWPL_Limit>
	<Open_Interest>6860000</Open_Interest>
	<Limit_for_Next_Day>36959939</Limit_for_Next_Day>
</MWPL>
<MWPL>
	<Date>12-APR-2019</Date>
	<ISIN>INE075A01022</ISIN>
	<Scrip_Name>WIPRO LTD</Scrip_Name>
	<NSE_Symbol>WIPRO</NSE_Symbol>
	<MWPL_Limit>304757941</MWPL_Limit>
	<Open_Interest>46739200</Open_Interest>
	<Limit_for_Next_Day>242780843</Limit_for_Next_Day>
</MWPL>
<MWPL>
	<Date>12-APR-2019</Date>
	<ISIN>INE528G01027</ISIN>
	<Scrip_Name>YES BANK LIMITED</Scrip_Name>
	<NSE_Symbol>YESBANK</NSE_Symbol>
	<MWPL_Limit>370789950</MWPL_Limit>
	<Open_Interest>170247000</Open_Interest>
	<Limit_for_Next_Day>182003452</Limit_for_Next_Day>
</MWPL>
<MWPL>
	<Date>12-APR-2019</Date>
	<ISIN>INE256A01028</ISIN>
	<Scrip_Name>ZEE ENTERTAINMENT ENT LTD</Scrip_Name>
	<NSE_Symbol>ZEEL</NSE_Symbol>
	<MWPL_Limit>112141257</MWPL_Limit>
	<Open_Interest>25311000</Open_Interest>
	<Limit_for_Next_Day>81223194</Limit_for_Next_Day>
</MWPL>
</MWPL_Viols>
