Date, ISIN, Scrip Name, NSE Symbol, MWPL, Open Interest, Limit for Next Day
24-APR-2019,INE814H01011,ADANI POWER LTD,ADANIPOWER,193065274,168680000,No Fresh Positions
24-APR-2019,INE271C01023,DLF LIMITED,DLF,89416568,86528000,No Fresh Positions
24-APR-2019,INE008A01015,IDBI BANK LIMITED,IDBI,39323831,31900000,No Fresh Positions
24-APR-2019,INE669E01016,VODAFONE IDEA LIMITED,IDEA,829391834,684353260,No Fresh Positions
24-APR-2019,INE802G01018,JET AIRWAYS (INDIA) LTD.,JETAIRWAYS,11132543,9563400,No Fresh Positions
24-APR-2019,INE614G01033,RELIANCE POWER LTD.,RPOWER,140233556,130128000,No Fresh Positions
24-APR-2019,INE012A01025,ACC LIMITED,ACC,17078428,4906400,11318106
24-APR-2019,INE423A01024,ADANI ENTERPRISES LIMITED,ADANIENT,55169320,45712000,6698854
24-APR-2019,INE742F01042,ADANI PORT & SEZ LTD,ADANIPORTS,156144401,24375000,123962180
24-APR-2019,INE031B01049,AJANTA PHARMA LIMITED,AJANTPHARM,5196948,798500,4138600
24-APR-2019,INE428A01015,ALLAHABAD BANK,ALBK,50696289,28704000,19457474
24-APR-2019,INE885A01032,AMARA RAJA BATTERIES LTD.,AMARAJABAT,16377009,2279200,13278958
24-APR-2019,INE079A01024,AMBUJA CEMENTS LTD,AMBUJACEM,144327988,24035000,113076588
24-APR-2019,INE437A01024,APOLLO HOSPITALS ENTER. L,APOLLOHOSP,18254499,1141000,16200774
24-APR-2019,INE438A01022,APOLLO TYRES LTD,APOLLOTYRE,67723169,13380000,50957010
24-APR-2019,INE034A01011,ARVIND LIMITED,ARVIND,29429703,6102000,21856217
24-APR-2019,INE208A01029,ASHOK LEYLAND LTD,ASHOKLEY,286973403,117148000,155476732
24-APR-2019,INE021A01026,ASIAN PAINTS LIMITED,ASIANPAINT,90562661,6931200,79103327
24-APR-2019,INE406A01037,AUROBINDO PHARMA LTD,AUROPHARMA,56396335,20033000,33543518
24-APR-2019,INE238A01034,AXIS BANK LIMITED,AXISBANK,380572741,55399200,306144903
24-APR-2019,INE917I01010,BAJAJ AUTO LIMITED,BAJAJ-AUTO,29341807,4786750,23087966
24-APR-2019,INE918I01018,BAJAJ FINSERV LTD.,BAJAJFINSV,13248060,940625,11645032
24-APR-2019,INE296A01024,BAJAJ FINANCE LIMITED,BAJFINANCE,51558770,7044500,41936331
24-APR-2019,INE787D01026,BALKRISHNA IND. LTD,BALKRISIND,16124234,1842400,13475622
24-APR-2019,INE028A01039,BANK OF BARODA,BANKBARODA,191844279,80656000,101596065
24-APR-2019,INE084A01016,BANK OF INDIA,BANKINDIA,58936059,35760000,20229256
24-APR-2019,INE176A01028,BATA INDIA LTD,BATAINDIA,12092405,2922150,8565634
24-APR-2019,INE263A01024,BHARAT ELECTRONICS LTD,BEL,185506537,54678000,121553210
24-APR-2019,INE258A01016,BEML LIMITED,BEML,3828900,1920100,1717355
24-APR-2019,INE463A01038,BERGER PAINTS (I) LTD,BERGEPAINT,48578062,3242800,42906358
24-APR-2019,INE180K01011,BHARAT FIN INCLUSION LTD,BHARATFIN,27585244,5007500,21198481
24-APR-2019,INE465A01025,BHARAT FORGE LTD,BHARATFORG,50501678,11382000,36594594
24-APR-2019,INE397D01024,BHARTI AIRTEL LIMITED,BHARTIARTL,285738559,52766457,218685174
24-APR-2019,INE257A01026,BHEL,BHEL,256482590,79507500,164150960
24-APR-2019,INE376G01013,BIOCON LIMITED.,BIOCON,45649210,9315900,34050849
24-APR-2019,INE323A01026,BOSCH LIMITED,BOSCHLTD,1737683,154530,1496268
24-APR-2019,INE029A01011,BHARAT PETROLEUM CORP  LT,BPCL,199861375,17496000,172372306
24-APR-2019,INE216A01030,BRITANNIA INDUSTRIES LTD,BRITANNIA,23714500,2278000,20250775
24-APR-2019,INE836A01035,BIRLASOFT LIMITED,BSOFT,30868887,3516750,25808692
24-APR-2019,INE010B01027,CADILA HEALTHCARE LIMITED,CADILAHC,51610474,14204800,34825150
24-APR-2019,INE476A01014,CANARA BANK,CANBK,40260000,14412000,23835000
24-APR-2019,INE477A01020,CAN FIN HOMES LTD,CANFINHOME,18644752,4154400,13558114
24-APR-2019,INE172A01027,CASTROL INDIA LIMITED,CASTROLIND,96933993,8374200,83713093
24-APR-2019,INE482A01020,CEAT LIMITED,CEATLTD,3966064,1332800,2434960
24-APR-2019,INE055A01016,CENTURY TEXTILES LTD,CENTURYTEX,11123542,4666200,5901164
24-APR-2019,INE486A01013,CESC LTD,CESC,13275380,1805100,10806511
24-APR-2019,INE067A01029,CG POWER AND IND SOL LTD,CGPOWER,82103824,35208000,42790632
24-APR-2019,INE178A01016,CHENNAI PETROLEUM CORP LT,CHENNPETRO,9742660,1233000,8022527
24-APR-2019,INE121A01016,CHOLAMANDALAM IN & FIN CO,CHOLAFIN,14677911,813500,13130515
24-APR-2019,INE059A01026,CIPLA LTD,CIPLA,101917315,15681000,81140449
24-APR-2019,INE522F01014,COAL INDIA LTD,COALINDIA,336345332,52613000,266915065
24-APR-2019,INE259A01022,COLGATE PALMOLIVE LTD.,COLPAL,26654592,2271500,23050362
24-APR-2019,INE111A01025,CONTAINER CORP OF IND LTD,CONCOR,55081874,1985010,50342770
24-APR-2019,INE298A01020,CUMMINS INDIA LTD,CUMMINSIND,27165463,1758400,24048789
24-APR-2019,INE016A01026,DABUR INDIA LTD,DABUR,113438092,15296250,92469937
24-APR-2019,INE503A01015,DCB BANK LIMITED,DCBBANK,52620094,9531000,40458089
24-APR-2019,INE202B01012,DEWAN HOUSING FIN CORP LT,DHFL,38154662,28534500,7712428
24-APR-2019,INE836F01026,DISH TV INDIA LTD.,DISHTV,144254920,76808000,60234174
24-APR-2019,INE361B01024,DIVI'S LABORATORIES LTD,DIVISLAB,25478844,3182400,21022501
24-APR-2019,INE089A01023,DR. REDDY'S LABORATORIES,DRREDDY,24280052,4324500,18741549
24-APR-2019,INE066A01013,EICHER MOTORS LTD,EICHERMOT,2763845,541350,2084302
24-APR-2019,INE510A01028,ENGINEERS INDIA LTD,ENGINERSIN,60644337,10368900,47243220
24-APR-2019,INE988K01017,EQUITAS HOLDINGS LIMITED,EQUITAS,68261466,13016000,51832392
24-APR-2019,INE042A01014,ESCORTS INDIA LTD,ESCORTS,14689242,4574900,9379879
24-APR-2019,INE302A01020,EXIDE INDUSTRIES LTD,EXIDEIND,91809066,10710000,76508612
24-APR-2019,INE171A01029,FEDERAL BANK LTD,FEDERALBNK,390687191,73661000,297491831
24-APR-2019,INE129A01019,GAIL (INDIA) LTD,GAIL,208101824,15545943,182150789
24-APR-2019,INE935A01035,GLENMARK PHARMACEUTICALS,GLENMARK,30167759,4789000,23870371
24-APR-2019,INE776C01039,GMR INFRASTRUCTURE LTD.,GMRINFRA,441771144,302850000,116832586
24-APR-2019,INE260B01028,GODFREY PHILLIPS INDIA LT,GODFRYPHLP,2891826,666400,2080834
24-APR-2019,INE102D01028,GODREJ CONSUMER PRODUCTS,GODREJCP,75135570,6554400,64824391
24-APR-2019,INE233A01035,GODREJ INDUSTRIES LTD,GODREJIND,26013156,1195500,23516998
24-APR-2019,INE047A01021,GRASIM INDUSTRIES LTD,GRASIM,78447148,11956500,62568290
24-APR-2019,INE026A01025,GUJ STATE FERT & CHEM LTD,GSFC,49535525,12074300,34984448
24-APR-2019,INE176B01034,HAVELLS INDIA LIMITED,HAVELLS,50509139,5984000,41999682
24-APR-2019,INE860A01027,HCL TECHNOLOGIES LTD,HCLTECH,108488721,10606400,92457884
24-APR-2019,INE001A01036,HDFC LTD,HDFC,331028275,31985500,282491361
24-APR-2019,INE040A01026,HDFC BANK LTD,HDFCBANK,322340063,20341000,285882059
24-APR-2019,INE158A01026,HERO MOTOCORP LIMITED,HEROMOTOCO,26110651,3989200,20815918
24-APR-2019,INE093A01033,HEXAWARE TECHNOLOGIES LTD,HEXAWARE,22208479,4591500,16506555
24-APR-2019,INE038A01020,HINDALCO  INDUSTRIES  LTD,HINDALCO,292540128,53245500,224667621
24-APR-2019,INE094A01015,HINDUSTAN PETROLEUM CORP,HINDPETRO,304764525,21023100,268503198
24-APR-2019,INE030A01027,HINDUSTAN UNILEVER LTD.,HINDUNILVR,142047217,12900000,122044856
24-APR-2019,INE267A01025,HINDUSTAN ZINC LIMITED,HINDZINC,296432938,5248000,276363291
24-APR-2019,INE148I01020,INDIABULLS HSG FIN LTD,IBULHSGFIN,66523910,31124000,32073714
24-APR-2019,INE090A01021,ICICI BANK LTD.,ICICIBANK,967259346,158259750,760636628
24-APR-2019,INE726G01019,ICICI PRU LIFE INS CO LTD,ICICIPRULI,61178818,9537000,48582877
24-APR-2019,INE043D01016,IDFC LIMITED,IDFC,319271663,103039200,200268879
24-APR-2019,INE092T01019,IDFC FIRST BANK LIMITED,IDFCFIRSTB,573782582,168828000,376265452
24-APR-2019,INE039A01010,IFCI LTD,IFCI,147807447,94780000,45637074
24-APR-2019,INE203G01027,INDRAPRASTHA GAS LTD,IGL,77000080,4551250,68598826
24-APR-2019,INE383A01012,THE INDIA CEMENTS LIMITED,INDIACEM,44246369,28084500,13949550
24-APR-2019,INE562A01011,INDIAN BANK,INDIANB,17549476,4124000,12548002
24-APR-2019,INE646L01027,INTERGLOBE AVIATION LTD,INDIGO,19270843,5686200,12621100
24-APR-2019,INE095A01012,INDUSIND BANK LIMITED,INDUSINDBK,89434622,10320000,74642890
24-APR-2019,INE483S01020,INFIBEAM AVENUES LIMITED,INFIBEAM,81413204,15504000,61838543
24-APR-2019,INE121J01017,BHARTI INFRATEL LTD.,INFRATEL,171832533,8578000,154662906
24-APR-2019,INE009A01021,INFOSYS LIMITED,INFY,757551164,72253200,647420405
24-APR-2019,INE242A01010,INDIAN OIL CORP LTD,IOC,868368232,68789000,756160820
24-APR-2019,INE821I01014,IRB INFRA DEV LTD.,IRB,29847479,11408000,16947105
24-APR-2019,INE154A01025,ITC LTD,ITC,2445238781,110251200,2212725641
24-APR-2019,INE749A01030,JINDAL STEEL & POWER LTD,JINDALSTEL,80029268,34395750,41632054
24-APR-2019,INE175A01038,JAIN IRRIGATION SYSTEMS,JISLJALEQS,63596288,36792000,23624473
24-APR-2019,INE019A01038,JSW STEEL LIMITED,JSWSTEEL,274637182,49975500,210929822
24-APR-2019,INE797F01012,JUBILANT FOODWORKS LTD,JUBLFOOD,14455140,4780000,8952383
24-APR-2019,INE599M01018,JUSTDIAL LTD.,JUSTDIAL,8550030,3820600,4301928
24-APR-2019,INE217B01036,KAJARIA CERAMICS LTD,KAJARIACER,16664813,1748500,14083072
24-APR-2019,INE237A01028,KOTAK MAHINDRA BANK LTD,KOTAKBANK,267015629,15640800,238024047
24-APR-2019,INE455I01029,KAVERI SEED CO. LTD.,KSCL,5669882,1024500,4361887
24-APR-2019,INE614B01018,KARNATAKA BANK LIMITED,KTKBANK,56521559,17751900,35943581
24-APR-2019,INE498L01015,L&T FINANCE HOLDINGS LTD,L&TFH,143962331,33538500,103225714
24-APR-2019,INE115A01026,LIC HOUSING FINANCE LTD,LICHSGFIN,60244101,10774500,46457395
24-APR-2019,INE018A01030,LARSEN & TOUBRO LTD.,LT,275535867,15360375,246398698
24-APR-2019,INE326A01037,LUPIN LIMITED,LUPIN,47971947,13997900,31575449
24-APR-2019,INE101A01026,MAHINDRA & MAHINDRA LTD,M&M,173623634,22935000,142007452
24-APR-2019,INE774D01024,M&M FIN. SERVICES LTD,M&MFIN,59712403,14838750,41888032
24-APR-2019,INE522D01027,MANAPPURAM FINANCE LTD,MANAPPURAM,109330743,11448000,92416205
24-APR-2019,INE196A01026,MARICO LIMITED,MARICO,103836709,7737600,90907273
24-APR-2019,INE585B01010,MARUTI SUZUKI INDIA LTD.,MARUTI,26458324,4586700,20548707
24-APR-2019,INE854D01024,UNITED SPIRITS LIMITED,MCDOWELL-N,62845623,12670000,47033341
24-APR-2019,INE745G01035,MULTI COMMODITY EXCHANGE,MCX,10173586,2005500,7659406
24-APR-2019,INE180A01020,MAX FINANCIAL SERV LTD,MFSL,38534772,2192400,34415633
24-APR-2019,INE002S01010,MAHANAGAR GAS LTD.,MGL,11359449,702600,10088876
24-APR-2019,INE018I01017,MINDTREE LIMITED,MINDTREE,28409718,5467200,21522032
24-APR-2019,INE775A01035,MOTHERSON SUMI SYSTEMS LT,MOTHERSUMI,241729538,38614650,191028411
24-APR-2019,INE883A01011,MRF LTD,MRF,613765,37140,545936
24-APR-2019,INE103A01014,MRPL,MRPL,40018232,5740000,32277320
24-APR-2019,INE414G01012,MUTHOOT FINANCE LIMITED,MUTHOOTFIN,21223881,2478000,17684686
24-APR-2019,INE139A01034,NATIONAL ALUMINIUM CO LTD,NATIONALUM,161309931,53712000,99532434
24-APR-2019,INE095N01031,NBCC (INDIA) LIMITED,NBCC,105949489,48784000,51868014
24-APR-2019,INE868B01028,NCC LIMITED,NCC,98291337,44256000,49120770
24-APR-2019,INE239A01016,NESTLE INDIA LIMITED,NESTLEIND,7180127,328850,6492270
24-APR-2019,INE848E01016,NHPC LTD,NHPC,525836038,35316000,464228236
24-APR-2019,INE591G01017,NIIT TECHNOLOGIES LTD,NIITTECH,8557451,2529750,5599828
24-APR-2019,INE584A01023,NMDC LTD.,NMDC,169762789,25500000,135774649
24-APR-2019,INE733E01010,NTPC LTD,NTPC,866904097,98899200,724659692
24-APR-2019,INE881D01027,ORACLE FIN SERV SOFT LTD.,OFSS,4540712,315750,3997926
24-APR-2019,INE274J01014,OIL INDIA LTD,OIL,80148191,8606268,67534513
24-APR-2019,INE213A01029,OIL AND NATURAL GAS CORP.,ONGC,881795538,107823750,729882011
24-APR-2019,INE141A01014,ORIENTAL BANK OF COMMERCE,ORIENTBANK,28817691,16247000,11129806
24-APR-2019,INE761H01022,PAGE INDUSTRIES LTD,PAGEIND,1152956,147800,947508
24-APR-2019,INE785M01013,PC JEWELLER LTD,PCJEWELLER,33475537,25499500,6302260
24-APR-2019,INE140A01024,PIRAMAL ENTERPRISES LTD,PEL,18042791,3679266,13461385
24-APR-2019,INE347G01014,PETRONET LNG LIMITED,PETRONET,150000017,11772000,130728016
24-APR-2019,INE134E01011,POWER FIN CORP LTD.,PFC,203369978,42525800,150675679
24-APR-2019,INE318A01026,PIDILITE INDUSTRIES LTD,PIDILITIND,30719858,3182500,26001365
24-APR-2019,INE160A01022,PUNJAB NATIONAL BANK,PNB,208425616,155869000,42135335
24-APR-2019,INE752E01010,POWER GRID CORP. LTD.,POWERGRID,456842549,27288000,406712421
24-APR-2019,INE191H01014,PVR LIMITED,PVR,7454656,979600,6102323
24-APR-2019,INE331A01037,THE RAMCO CEMENTS LIMITED,RAMCOCEM,26974244,1653600,23971931
24-APR-2019,INE301A01014,RAYMOND LTD,RAYMOND,6775384,3827200,2609414
24-APR-2019,INE976G01028,RBL BANK LIMITED,RBLBANK,85086978,9369600,71463029
24-APR-2019,INE020B01018,REC LIMITED,RECLTD,186236520,40050000,136874694
24-APR-2019,INE013A01015,RELIANCE CAPITAL LTD,RELCAPITAL,23702036,18526500,3990434
24-APR-2019,INE002A01018,RELIANCE INDUSTRIES LTD,RELIANCE,654841181,69995500,552103621
24-APR-2019,INE036A01016,RELIANCE INFRASTRUCTU LTD,RELINFRA,26054178,17816500,6934969
24-APR-2019,INE612J01015,REPCO HOME FINANCE LTD,REPCOHOME,7866151,1136300,6336543
24-APR-2019,INE114A01011,STEEL AUTHORITY OF INDIA,SAIL,206528041,145728000,50473638
24-APR-2019,INE062A01020,STATE BANK OF INDIA,SBIN,729782012,152244000,541048911
24-APR-2019,INE070A01015,SHREE CEMENT LIMITED,SHREECEM,2453485,98150,2232660
24-APR-2019,INE003A01024,SIEMENS LTD,SIEMENS,17806068,1468500,15447264
24-APR-2019,INE683A01023,THE SOUTH INDIAN BANK LTD,SOUTHBANK,361928764,175547877,168284448
24-APR-2019,INE647A01010,SRF LTD,SRF,5468800,1174000,4021360
24-APR-2019,INE721A01013,SHRIRAM TRANSPORT FIN CO.,SRTRANSFIN,33541942,3752400,28112444
24-APR-2019,INE939A01011,STRIDES PHARMA SCI LTD,STAR,12395780,3382500,8393491
24-APR-2019,INE044A01036,SUN PHARMACEUTICAL IND L,SUNPHARMA,218894578,61442700,146507149
24-APR-2019,INE424H01027,SUN TV NETWORK LIMITED,SUNTV,19704232,9283000,9436020
24-APR-2019,INE040H01021,SUZLON ENERGY LIMITED,SUZLON,851741765,433656000,375498676
24-APR-2019,INE667A01018,SYNDICATE BANK,SYNDIBANK,76346533,35775000,36754206
24-APR-2019,INE092A01019,TATA CHEMICALS LTD,TATACHEM,35345667,3604500,29973883
24-APR-2019,INE151A01013,TATA COMMUNICATIONS LTD,TATACOMM,14258524,2539000,11006597
24-APR-2019,INE670A01012,TATA ELXSI LIMITED,TATAELXSI,6904235,2188400,4370623
24-APR-2019,INE192A01025,TATA GLOBAL BEVERAGES LTD,TATAGLOBAL,82732329,16785000,61810712
24-APR-2019,INE155A01022,TATA MOTORS LIMITED,TATAMOTORS,362219126,122870000,221238169
24-APR-2019,IN9155A01020,TATA MOTORS DVR 'A' ORD,TATAMTRDVR,101602140,37015800,59506233
24-APR-2019,INE245A01021,TATA POWER CO LTD,TATAPOWER,362445856,81855000,262468563
24-APR-2019,INE081A01012,TATA STEEL LIMITED,TATASTEEL,161060422,43202859,109804541
24-APR-2019,INE467B01029,TATA CONSULTANCY SERV LT,TCS,209768541,23136500,176143613
24-APR-2019,INE669C01036,TECH MAHINDRA LIMITED,TECHM,125642015,14122800,105237114
24-APR-2019,INE280A01028,TITAN COMPANY LIMITED,TITAN,83616848,11783250,67652755
24-APR-2019,INE685A01028,TORRENT PHARMACEUTICALS L,TORNTPHARM,9731600,830500,8414520
24-APR-2019,INE813H01021,TORRENT POWER LTD,TORNTPOWER,44634693,2772000,39630958
24-APR-2019,INE886H01027,TV18 BROADCAST LIMITED,TV18BRDCST,129899100,90558000,32846145
24-APR-2019,INE494B01023,TVS MOTOR COMPANY  LTD,TVSMOTOR,40480865,7452000,31004821
24-APR-2019,INE686F01025,UNITED BREWERIES LTD,UBL,22357672,2252600,18987188
24-APR-2019,INE334L01012,UJJIVAN FIN. SERVC. LTD.,UJJIVAN,24224375,5216000,17797156
24-APR-2019,INE481G01011,ULTRATECH CEMENT LIMITED,ULTRACEMCO,21003731,3509600,16443944
24-APR-2019,INE692A01016,UNION BANK OF INDIA,UNIONBANK,76131760,42777000,29548172
24-APR-2019,INE628A01036,UPL LIMITED,UPL,73388208,16542000,53176797
24-APR-2019,INE205A01025,VEDANTA LIMITED,VEDL,367715829,51101400,298228637
24-APR-2019,INE951I01027,V-GUARD IND LTD.,VGUARD,30594810,4131000,24934069
24-APR-2019,INE226A01021,VOLTAS LTD,VOLTAS,46126252,5409000,38410939
24-APR-2019,INE075A01022,WIPRO LTD,WIPRO,304757941,61616000,227904043
24-APR-2019,INE049B01025,WOCKHARDT LIMITED,WOCKPHARMA,5740164,4347900,1105255
24-APR-2019,INE528G01027,YES BANK LIMITED,YESBANK,370789950,222992000,129258452
24-APR-2019,INE256A01028,ZEE ENTERTAINMENT ENT LTD,ZEEL,112141257,26260000,80274194
