Date, ISIN, Scrip Name, NSE Symbol, MWPL, Open Interest, Limit for Next Day
04-OCT-2019,INE012A01025,ACC LIMITED,ACC,17078428,2523200,13701306
04-OCT-2019,INE423A01024,ADANI ENTERPRISES LIMITED,ADANIENT,55169320,28496000,23914854
04-OCT-2019,INE742F01042,ADANI PORT & SEZ LTD,ADANIPORTS,156144401,14005000,134332180
04-OCT-2019,INE814H01011,ADANI POWER LTD,ADANIPOWER,193065274,103220000,80192010
04-OCT-2019,INE885A01032,AMARA RAJA BATTERIES LTD.,AMARAJABAT,24576009,1790600,21556608
04-OCT-2019,INE079A01024,AMBUJA CEMENTS LTD,AMBUJACEM,144375452,28040000,109116679
04-OCT-2019,INE437A01024,APOLLO HOSPITALS ENTER. L,APOLLOHOSP,18254499,1917500,15424274
04-OCT-2019,INE438A01022,APOLLO TYRES LTD,APOLLOTYRE,67612169,9819000,54412560
04-OCT-2019,INE208A01029,ASHOK LEYLAND LTD,ASHOKLEY,286973403,107442000,165182732
04-OCT-2019,INE021A01026,ASIAN PAINTS LIMITED,ASIANPAINT,90562642,10175400,75859109
04-OCT-2019,INE406A01037,AUROBINDO PHARMA LTD,AUROPHARMA,56397935,18199000,35379038
04-OCT-2019,INE238A01034,AXIS BANK LIMITED,AXISBANK,449346961,74630400,352249212
04-OCT-2019,INE917I01010,BAJAJ AUTO LIMITED,BAJAJ-AUTO,26897583,2447500,23105203
04-OCT-2019,INE918I01018,BAJAJ FINSERV LTD.,BAJAJFINSV,12496712,1140375,10731501
04-OCT-2019,INE296A01024,BAJAJ FINANCE LIMITED,BAJFINANCE,47918676,8374250,37148492
04-OCT-2019,INE787D01026,BALKRISHNA IND. LTD,BALKRISIND,16124234,1933600,13384422
04-OCT-2019,INE028A01039,BANK OF BARODA,BANKBARODA,236709448,91048500,133825475
04-OCT-2019,INE084A01016,BANK OF INDIA,BANKINDIA,58936059,35136000,20853256
04-OCT-2019,INE176A01028,BATA INDIA LTD,BATAINDIA,12092405,3296700,8191084
04-OCT-2019,INE263A01024,BHARAT ELECTRONICS LTD,BEL,200653302,27648000,162972636
04-OCT-2019,INE463A01038,BERGER PAINTS (I) LTD,BERGEPAINT,48562002,5161200,40972701
04-OCT-2019,INE465A01025,BHARAT FORGE LTD,BHARATFORG,50505198,9056400,38923538
04-OCT-2019,INE397D01024,BHARTI AIRTEL LIMITED,BHARTIARTL,382341918,45286566,317938256
04-OCT-2019,INE257A01026,BHEL,BHEL,256482590,73035000,170623460
04-OCT-2019,INE376G01013,BIOCON LIMITED.,BIOCON,91179410,13694400,72926039
04-OCT-2019,INE323A01026,BOSCH LIMITED,BOSCHLTD,1737683,149100,1501698
04-OCT-2019,INE029A01011,BHARAT PETROLEUM CORP  LT,BPCL,202631356,34515000,157984788
04-OCT-2019,INE216A01030,BRITANNIA INDUSTRIES LTD,BRITANNIA,23714500,2406600,20122175
04-OCT-2019,INE010B01027,CADILA HEALTHCARE LIMITED,CADILAHC,51610474,9808000,39221950
04-OCT-2019,INE476A01014,CANARA BANK,CANBK,40260000,19812000,18435000
04-OCT-2019,INE172A01027,CASTROL INDIA LIMITED,CASTROLIND,96933993,6636800,85450493
04-OCT-2019,INE055A01016,CENTURY TEXTILES LTD,CENTURYTEX,11123542,3687000,6880364
04-OCT-2019,INE486A01013,CESC LTD,CESC,13275380,1806400,10805211
04-OCT-2019,INE121A01024,CHOLAMANDALAM IN & FIN CO,CHOLAFIN,73583339,3077500,66826672
04-OCT-2019,INE059A01026,CIPLA LTD,CIPLA,101949498,16346000,80506023
04-OCT-2019,INE522F01014,COAL INDIA LTD,COALINDIA,357942309,42853800,297191393
04-OCT-2019,INE259A01022,COLGATE PALMOLIVE LTD.,COLPAL,26654592,1791300,23530562
04-OCT-2019,INE111A01025,CONTAINER CORP OF IND LTD,CONCOR,55081874,5475189,46852591
04-OCT-2019,INE298A01020,CUMMINS INDIA LTD,CUMMINSIND,27165463,1838900,23968289
04-OCT-2019,INE016A01026,DABUR INDIA LTD,DABUR,113525799,12627500,95222009
04-OCT-2019,INE836F01026,DISH TV INDIA LTD.,DISHTV,156447024,106638000,41986672
04-OCT-2019,INE361B01024,DIVI'S LABORATORIES LTD,DIVISLAB,25479844,2647200,21558651
04-OCT-2019,INE271C01023,DLF LIMITED,DLF,124016568,55400800,62414939
04-OCT-2019,INE089A01023,DR. REDDY'S LABORATORIES,DRREDDY,24251642,4057750,18981309
04-OCT-2019,INE066A01013,EICHER MOTORS LTD,EICHERMOT,2766505,371775,2256404
04-OCT-2019,INE988K01017,EQUITAS HOLDINGS LIMITED,EQUITAS,68321579,15296000,49609500
04-OCT-2019,INE042A01014,ESCORTS INDIA LTD,ESCORTS,14033737,7040000,6292050
04-OCT-2019,INE302A01020,EXIDE INDUSTRIES LTD,EXIDEIND,91809066,11088000,76130612
04-OCT-2019,INE171A01029,FEDERAL BANK LTD,FEDERALBNK,390378490,56763000,314096565
04-OCT-2019,INE129A01019,GAIL (INDIA) LTD,GAIL,422844128,49888902,351813019
04-OCT-2019,INE935A01035,GLENMARK PHARMACEUTICALS,GLENMARK,30149622,6638000,22004140
04-OCT-2019,INE776C01039,GMR INFRASTRUCTURE LTD.,GMRINFRA,436550544,173790000,240933016
04-OCT-2019,INE102D01028,GODREJ CONSUMER PRODUCTS,GODREJCP,75135565,6570400,64808386
04-OCT-2019,INE047A01021,GRASIM INDUSTRIES LTD,GRASIM,78438787,19789500,54727347
04-OCT-2019,INE176B01034,HAVELLS INDIA LIMITED,HAVELLS,50529718,5991000,42012232
04-OCT-2019,INE860A01027,HCL TECHNOLOGIES LTD,HCLTECH,108492241,11565400,91502228
04-OCT-2019,INE001A01036,HDFC LTD,HDFC,345061247,43057500,284750684
04-OCT-2019,INE040A01034,HDFC BANK LTD,HDFCBANK,654576631,47144000,574703799
04-OCT-2019,INE158A01026,HERO MOTOCORP LIMITED,HEROMOTOCO,26112160,3426600,21379952
04-OCT-2019,INE093A01033,HEXAWARE TECHNOLOGIES LTD,HEXAWARE,22338852,2278500,18943409
04-OCT-2019,INE038A01020,HINDALCO  INDUSTRIES  LTD,HINDALCO,292389538,44877000,232893061
04-OCT-2019,INE094A01015,HINDUSTAN PETROLEUM CORP,HINDPETRO,148995450,24836700,116708977
04-OCT-2019,INE030A01027,HINDUSTAN UNILEVER LTD.,HINDUNILVR,142077635,9631200,125342553
04-OCT-2019,INE148I01020,INDIABULLS HSG FIN LTD,IBULHSGFIN,66606515,35147200,28128989
04-OCT-2019,INE090A01021,ICICI BANK LTD.,ICICIBANK,981703509,105345625,827272708
04-OCT-2019,INE726G01019,ICICI PRU LIFE INS CO LTD,ICICIPRULI,71843339,7431000,60820172
04-OCT-2019,INE669E01016,VODAFONE IDEA LIMITED,IDEA,1633625320,736064000,815880054
04-OCT-2019,INE092T01019,IDFC FIRST BANK LIMITED,IDFCFIRSTB,573897255,299076000,246126392
04-OCT-2019,INE203G01027,INDRAPRASTHA GAS LTD,IGL,77000080,4386250,68763826
04-OCT-2019,INE646L01027,INTERGLOBE AVIATION LTD,INDIGO,19320836,3863400,14491394
04-OCT-2019,INE095A01012,INDUSIND BANK LIMITED,INDUSINDBK,107539864,19264000,82898870
04-OCT-2019,INE121J01017,BHARTI INFRATEL LTD.,INFRATEL,171839583,7604000,155643603
04-OCT-2019,INE009A01021,INFOSYS LIMITED,INFY,735808145,55851600,643166137
04-OCT-2019,INE242A01010,INDIAN OIL CORP LTD,IOC,900401892,62289500,793092297
04-OCT-2019,INE154A01025,ITC LTD,ITC,2447598336,129734400,2195484019
04-OCT-2019,INE749A01030,JINDAL STEEL & POWER LTD,JINDALSTEL,79976268,47795200,28182254
04-OCT-2019,INE019A01038,JSW STEEL LIMITED,JSWSTEEL,276036208,59432000,202802397
04-OCT-2019,INE797F01012,JUBILANT FOODWORKS LTD,JUBLFOOD,15270639,2718000,11789107
04-OCT-2019,INE599M01018,JUSTDIAL LTD.,JUSTDIAL,8570213,4200000,3941702
04-OCT-2019,INE237A01028,KOTAK MAHINDRA BANK LTD,KOTAKBANK,267374153,10673200,243332245
04-OCT-2019,INE498L01015,L&T FINANCE HOLDINGS LTD,L&TFH,144402931,57888000,79294784
04-OCT-2019,INE115A01026,LIC HOUSING FINANCE LTD,LICHSGFIN,60244101,13757700,43474195
04-OCT-2019,INE018A01030,LARSEN & TOUBRO LTD.,LT,276079893,14937000,247338898
04-OCT-2019,INE326A01037,LUPIN LIMITED,LUPIN,48009022,9516500,36092070
04-OCT-2019,INE101A01026,MAHINDRA & MAHINDRA LTD,M&M,179047984,24955000,145140584
04-OCT-2019,INE774D01024,M&M FIN. SERVICES LTD,M&MFIN,59739145,15726250,41025937
04-OCT-2019,INE522D01027,MANAPPURAM FINANCE LTD,MANAPPURAM,109401942,20622000,83309844
04-OCT-2019,INE196A01026,MARICO LIMITED,MARICO,103826001,12404600,86230100
04-OCT-2019,INE585B01010,MARUTI SUZUKI INDIA LTD.,MARUTI,26458324,3538725,21596682
04-OCT-2019,INE854D01024,UNITED SPIRITS LIMITED,MCDOWELL-N,62845623,12115000,47588341
04-OCT-2019,INE180A01020,MAX FINANCIAL SERV LTD,MFSL,38619025,3684000,33004073
04-OCT-2019,INE002S01010,MAHANAGAR GAS LTD.,MGL,11359449,1638600,9152876
04-OCT-2019,INE018I01017,MINDTREE LIMITED,MINDTREE,28428381,1410600,25596361
04-OCT-2019,INE775A01035,MOTHERSON SUMI SYSTEMS LT,MOTHERSUMI,241729538,35979900,193663161
04-OCT-2019,INE883A01011,MRF LTD,MRF,613041,20150,562238
04-OCT-2019,INE414G01012,MUTHOOT FINANCE LIMITED,MUTHOOTFIN,21247704,2236500,17948818
04-OCT-2019,INE139A01034,NATIONAL ALUMINIUM CO LTD,NATIONALUM,179107196,44400000,125751836
04-OCT-2019,INE095N01031,NBCC (INDIA) LIMITED,NBCC,114538273,37935500,70875859
04-OCT-2019,INE868B01028,NCC LIMITED,NCC,98294611,65792000,27587880
04-OCT-2019,INE239A01016,NESTLE INDIA LIMITED,NESTLEIND,7180127,570250,6250870
04-OCT-2019,INE591G01017,NIIT TECHNOLOGIES LTD,NIITTECH,8173711,856500,6908525
04-OCT-2019,INE584A01023,NMDC LTD.,NMDC,169762789,36300000,124974649
04-OCT-2019,INE733E01010,NTPC LTD,NTPC,862678001,74894400,744649700
04-OCT-2019,INE274J01014,OIL INDIA LTD,OIL,83251980,10122222,68967159
04-OCT-2019,INE213A01029,OIL AND NATURAL GAS CORP.,ONGC,899518757,71940000,782602819
04-OCT-2019,INE761H01022,PAGE INDUSTRIES LTD,PAGEIND,1152956,189750,905558
04-OCT-2019,INE140A01024,PIRAMAL ENTERPRISES LTD,PEL,21140567,7418328,12665210
04-OCT-2019,INE347G01014,PETRONET LNG LIMITED,PETRONET,150000017,24249000,118251016
04-OCT-2019,INE134E01011,POWER FIN CORP LTD.,PFC,216238398,58143600,147282878
04-OCT-2019,INE318A01026,PIDILITE INDUSTRIES LTD,PIDILITIND,30731069,3267000,25927515
04-OCT-2019,INE160A01022,PUNJAB NATIONAL BANK,PNB,208425616,145271000,52733335
04-OCT-2019,INE572E01012,PNB HOUSING FIN LTD.,PNBHOUSING,22629864,0,21498370
04-OCT-2019,INE752E01010,POWER GRID CORP. LTD.,POWERGRID,467018741,33068000,410599803
04-OCT-2019,INE191H01014,PVR LIMITED,PVR,7782351,992800,6400433
04-OCT-2019,INE331A01037,THE RAMCO CEMENTS LIMITED,RAMCOCEM,26974244,1508800,24116731
04-OCT-2019,INE976G01028,RBL BANK LIMITED,RBLBANK,85542793,21829200,59436453
04-OCT-2019,INE020B01018,REC LIMITED,RECLTD,187084550,40650000,137080322
04-OCT-2019,INE002A01018,RELIANCE INDUSTRIES LTD,RELIANCE,652400036,64609500,555170534
04-OCT-2019,INE114A01011,STEEL AUTHORITY OF INDIA,SAIL,206528281,117036000,79165866
04-OCT-2019,INE062A01020,STATE BANK OF INDIA,SBIN,741960919,236019000,468843873
04-OCT-2019,INE070A01015,SHREE CEMENT LIMITED,SHREECEM,2453485,175050,2155760
04-OCT-2019,INE003A01024,SIEMENS LTD,SIEMENS,17806068,1581250,15334514
04-OCT-2019,INE647A01010,SRF LTD,SRF,5468800,1000000,4195360
04-OCT-2019,INE721A01013,SHRIRAM TRANSPORT FIN CO.,SRTRANSFIN,33541942,4541400,27323444
04-OCT-2019,INE939A01011,STRIDES PHARMA SCI LTD,STAR,12315570,3798000,7901791
04-OCT-2019,INE044A01036,SUN PHARMACEUTICAL IND L,SUNPHARMA,218895917,69205400,138745721
04-OCT-2019,INE424H01027,SUN TV NETWORK LIMITED,SUNTV,19704232,4433000,14286020
04-OCT-2019,INE092A01019,TATA CHEMICALS LTD,TATACHEM,35345667,2311200,31267183
04-OCT-2019,INE670A01012,TATA ELXSI LIMITED,TATAELXSI,6909235,2053200,4510573
04-OCT-2019,INE192A01025,TATA GLOBAL BEVERAGES LTD,TATAGLOBAL,82732329,10548900,68046812
04-OCT-2019,INE155A01022,TATA MOTORS LIMITED,TATAMOTORS,355884192,102510000,235579982
04-OCT-2019,IN9155A01020,TATA MOTORS DVR 'A' ORD,TATAMTRDVR,101602140,42192000,54330033
04-OCT-2019,INE245A01021,TATA POWER CO LTD,TATAPOWER,362445856,48852000,295471563
04-OCT-2019,INE081A01012,TATA STEEL LIMITED,TATASTEEL,161060557,43102064,109905465
04-OCT-2019,INE467B01029,TATA CONSULTANCY SERV LT,TCS,209768541,20507000,178773113
04-OCT-2019,INE669C01036,TECH MAHINDRA LIMITED,TECHM,123607207,15945600,101481246
04-OCT-2019,INE280A01028,TITAN COMPANY LIMITED,TITAN,83616848,13495500,65940505
04-OCT-2019,INE685A01028,TORRENT PHARMACEUTICALS L,TORNTPHARM,9731600,331500,8913520
04-OCT-2019,INE813H01021,TORRENT POWER LTD,TORNTPOWER,44634693,3837000,38565958
04-OCT-2019,INE494B01023,TVS MOTOR COMPANY  LTD,TVSMOTOR,40480865,8696600,29760221
04-OCT-2019,INE686F01025,UNITED BREWERIES LTD,UBL,22357672,1691900,19547888
04-OCT-2019,INE334L01012,UJJIVAN FIN. SERVC. LTD.,UJJIVAN,24272566,10008000,13050937
04-OCT-2019,INE481G01011,ULTRATECH CEMENT LIMITED,ULTRACEMCO,21006549,2951400,17004821
04-OCT-2019,INE692A01016,UNION BANK OF INDIA,UNIONBANK,76131760,43995000,28330172
04-OCT-2019,INE628A01036,UPL LIMITED,UPL,110146962,16353000,88286613
04-OCT-2019,INE205A01025,VEDANTA LIMITED,VEDL,367715829,60399000,288931037
04-OCT-2019,INE226A01021,VOLTAS LTD,VOLTAS,46126252,2925000,40894939
04-OCT-2019,INE075A01022,WIPRO LTD,WIPRO,291401248,35292800,241538385
04-OCT-2019,INE528G01027,YES BANK LIMITED,YESBANK,418388981,333148200,64321331
04-OCT-2019,INE256A01028,ZEE ENTERTAINMENT ENT LTD,ZEEL,123335564,42725800,74442985
