Date, ISIN, Scrip Name, NSE Symbol, MWPL, Open Interest, Limit for Next Day
04-APR-2019,INE814H01011,ADANI POWER LTD,ADANIPOWER,193065274,155480000,No Fresh Positions
04-APR-2019,INE008A01015,IDBI BANK LIMITED,IDBI,39323831,38360000,No Fresh Positions
04-APR-2019,INE802G01018,JET AIRWAYS (INDIA) LTD.,JETAIRWAYS,11132543,12542200,No Fresh Positions
04-APR-2019,INE614G01033,RELIANCE POWER LTD.,RPOWER,140233556,129584000,No Fresh Positions
04-APR-2019,INE012A01025,ACC LIMITED,ACC,17078428,3216000,13008506
04-APR-2019,INE423A01024,ADANI ENTERPRISES LIMITED,ADANIENT,55169320,45524000,6886854
04-APR-2019,INE742F01042,ADANI PORT & SEZ LTD,ADANIPORTS,156144401,23095000,125242180
04-APR-2019,INE031B01049,AJANTA PHARMA LIMITED,AJANTPHARM,5196948,825500,4111600
04-APR-2019,INE428A01015,ALLAHABAD BANK,ALBK,50696289,33228000,14933474
04-APR-2019,INE885A01032,AMARA RAJA BATTERIES LTD.,AMARAJABAT,16377009,3704400,11853758
04-APR-2019,INE079A01024,AMBUJA CEMENTS LTD,AMBUJACEM,144327988,22162500,114949088
04-APR-2019,INE437A01024,APOLLO HOSPITALS ENTER. L,APOLLOHOSP,18254499,1446500,15895274
04-APR-2019,INE438A01022,APOLLO TYRES LTD,APOLLOTYRE,67723169,13515000,50822010
04-APR-2019,INE034A01011,ARVIND LIMITED,ARVIND,29429703,6640000,21318217
04-APR-2019,INE208A01029,ASHOK LEYLAND LTD,ASHOKLEY,286973403,107932000,164692732
04-APR-2019,INE021A01026,ASIAN PAINTS LIMITED,ASIANPAINT,90562661,6565200,79469327
04-APR-2019,INE406A01037,AUROBINDO PHARMA LTD,AUROPHARMA,56396335,18415000,35161518
04-APR-2019,INE238A01034,AXIS BANK LIMITED,AXISBANK,380572741,42399600,319144503
04-APR-2019,INE917I01010,BAJAJ AUTO LIMITED,BAJAJ-AUTO,29341807,4404250,23470466
04-APR-2019,INE918I01018,BAJAJ FINSERV LTD.,BAJAJFINSV,13248060,807125,11778532
04-APR-2019,INE296A01024,BAJAJ FINANCE LIMITED,BAJFINANCE,51558770,6234250,42746581
04-APR-2019,INE787D01026,BALKRISHNA IND. LTD,BALKRISIND,16124234,2361600,12956422
04-APR-2019,INE028A01039,BANK OF BARODA,BANKBARODA,191844279,68952000,113300065
04-APR-2019,INE084A01016,BANK OF INDIA,BANKINDIA,58936059,32616000,23373256
04-APR-2019,INE176A01028,BATA INDIA LTD,BATAINDIA,12092405,2627900,8859884
04-APR-2019,INE263A01024,BHARAT ELECTRONICS LTD,BEL,185506537,48666000,127565210
04-APR-2019,INE258A01016,BEML LIMITED,BEML,3828900,2168600,1468855
04-APR-2019,INE463A01038,BERGER PAINTS (I) LTD,BERGEPAINT,48578062,3319800,42829358
04-APR-2019,INE180K01011,BHARAT FIN INCLUSION LTD,BHARATFIN,27585244,4102500,22103481
04-APR-2019,INE465A01025,BHARAT FORGE LTD,BHARATFORG,50501678,10479600,37496994
04-APR-2019,INE397D01024,BHARTI AIRTEL LIMITED,BHARTIARTL,262428715,40732000,208575279
04-APR-2019,INE257A01026,BHEL,BHEL,256482590,86947500,156710960
04-APR-2019,INE376G01013,BIOCON LIMITED.,BIOCON,45649210,7239600,36127149
04-APR-2019,INE323A01026,BOSCH LIMITED,BOSCHLTD,1737683,154710,1496088
04-APR-2019,INE029A01011,BHARAT PETROLEUM CORP  LT,BPCL,199861375,15085800,174782506
04-APR-2019,INE216A01030,BRITANNIA INDUSTRIES LTD,BRITANNIA,23714500,2310200,20218575
04-APR-2019,INE836A01035,BIRLASOFT LIMITED,BSOFT,30868887,3935250,25390192
04-APR-2019,INE010B01027,CADILA HEALTHCARE LIMITED,CADILAHC,51610474,12324800,36705150
04-APR-2019,INE476A01014,CANARA BANK,CANBK,40260000,14412000,23835000
04-APR-2019,INE477A01020,CAN FIN HOMES LTD,CANFINHOME,18644752,4359600,13352914
04-APR-2019,INE172A01027,CASTROL INDIA LIMITED,CASTROLIND,96933993,8568000,83519293
04-APR-2019,INE482A01020,CEAT LIMITED,CEATLTD,3966064,1268000,2499760
04-APR-2019,INE055A01016,CENTURY TEXTILES LTD,CENTURYTEX,11123542,4353600,6213764
04-APR-2019,INE486A01013,CESC LTD,CESC,13275380,1939850,10671761
04-APR-2019,INE067A01029,CG POWER AND IND SOL LTD,CGPOWER,82103824,32412000,45586632
04-APR-2019,INE178A01016,CHENNAI PETROLEUM CORP LT,CHENNPETRO,9742660,1234800,8020727
04-APR-2019,INE121A01016,CHOLAMANDALAM IN & FIN CO,CHOLAFIN,14677911,597500,13346515
04-APR-2019,INE059A01026,CIPLA LTD,CIPLA,101917315,9458000,87363449
04-APR-2019,INE522F01014,COAL INDIA LTD,COALINDIA,336345332,37096400,282431665
04-APR-2019,INE259A01022,COLGATE PALMOLIVE LTD.,COLPAL,26654592,1737400,23584462
04-APR-2019,INE111A01025,CONTAINER CORP OF IND LTD,CONCOR,55081874,1333239,50994541
04-APR-2019,INE298A01020,CUMMINS INDIA LTD,CUMMINSIND,27165463,1831900,23975289
04-APR-2019,INE016A01026,DABUR INDIA LTD,DABUR,113438092,15871250,91894937
04-APR-2019,INE503A01015,DCB BANK LIMITED,DCBBANK,52620094,7591500,42397589
04-APR-2019,INE202B01012,DEWAN HOUSING FIN CORP LT,DHFL,38154662,30264000,5982928
04-APR-2019,INE836F01026,DISH TV INDIA LTD.,DISHTV,144254920,76032000,61010174
04-APR-2019,INE361B01024,DIVI'S LABORATORIES LTD,DIVISLAB,25478844,3362400,20842501
04-APR-2019,INE271C01023,DLF LIMITED,DLF,89416568,54116400,30829339
04-APR-2019,INE089A01023,DR. REDDY'S LABORATORIES,DRREDDY,24280052,4364250,18701799
04-APR-2019,INE066A01013,EICHER MOTORS LTD,EICHERMOT,2763845,541425,2084227
04-APR-2019,INE510A01028,ENGINEERS INDIA LTD,ENGINERSIN,60644337,12144200,45467920
04-APR-2019,INE988K01017,EQUITAS HOLDINGS LIMITED,EQUITAS,68261466,12328000,52520392
04-APR-2019,INE042A01014,ESCORTS INDIA LTD,ESCORTS,14689242,5131500,8823279
04-APR-2019,INE302A01020,EXIDE INDUSTRIES LTD,EXIDEIND,91809066,12914000,74304612
04-APR-2019,INE171A01029,FEDERAL BANK LTD,FEDERALBNK,390687191,76475000,294677831
04-APR-2019,INE129A01019,GAIL (INDIA) LTD,GAIL,208101824,12590907,185105825
04-APR-2019,INE935A01035,GLENMARK PHARMACEUTICALS,GLENMARK,30167759,4436000,24223371
04-APR-2019,INE776C01039,GMR INFRASTRUCTURE LTD.,GMRINFRA,441771144,247230000,172452586
04-APR-2019,INE260B01028,GODFREY PHILLIPS INDIA LT,GODFRYPHLP,2891826,578200,2169034
04-APR-2019,INE102D01028,GODREJ CONSUMER PRODUCTS,GODREJCP,75135570,6252600,65126191
04-APR-2019,INE233A01035,GODREJ INDUSTRIES LTD,GODREJIND,26013156,1344000,23368498
04-APR-2019,INE047A01021,GRASIM INDUSTRIES LTD,GRASIM,78447148,12885750,61639040
04-APR-2019,INE026A01025,GUJ STATE FERT & CHEM LTD,GSFC,49535525,12389200,34669548
04-APR-2019,INE176B01034,HAVELLS INDIA LIMITED,HAVELLS,50509139,4850000,43133682
04-APR-2019,INE860A01027,HCL TECHNOLOGIES LTD,HCLTECH,108488721,9107000,93957284
04-APR-2019,INE001A01036,HDFC LTD,HDFC,331028275,29495000,284981861
04-APR-2019,INE040A01026,HDFC BANK LTD,HDFCBANK,322340063,11972000,294251059
04-APR-2019,INE158A01026,HERO MOTOCORP LIMITED,HEROMOTOCO,26110651,4207400,20597718
04-APR-2019,INE093A01033,HEXAWARE TECHNOLOGIES LTD,HEXAWARE,22208479,3501000,17597055
04-APR-2019,INE038A01020,HINDALCO  INDUSTRIES  LTD,HINDALCO,292540128,41482000,236431121
04-APR-2019,INE094A01015,HINDUSTAN PETROLEUM CORP,HINDPETRO,304764525,20321700,269204598
04-APR-2019,INE030A01027,HINDUSTAN UNILEVER LTD.,HINDUNILVR,142047217,14397600,120547256
04-APR-2019,INE267A01025,HINDUSTAN ZINC LIMITED,HINDZINC,296432938,4787200,276824091
04-APR-2019,INE148I01020,INDIABULLS HSG FIN LTD,IBULHSGFIN,66523910,24921500,38276214
04-APR-2019,INE090A01021,ICICI BANK LTD.,ICICIBANK,967259346,129076750,789819628
04-APR-2019,INE726G01019,ICICI PRU LIFE INS CO LTD,ICICIPRULI,61178818,10318500,47801377
04-APR-2019,INE669E01016,VODAFONE IDEA LIMITED,IDEA,829391834,571443416,216478826
04-APR-2019,INE043D01016,IDFC LIMITED,IDFC,319271663,100280400,203027679
04-APR-2019,INE092T01019,IDFC FIRST BANK LIMITED,IDFCFIRSTB,573782582,152136000,392957452
04-APR-2019,INE039A01010,IFCI LTD,IFCI,147807447,74900000,65517074
04-APR-2019,INE203G01027,INDRAPRASTHA GAS LTD,IGL,77000080,5007750,68142326
04-APR-2019,INE383A01012,THE INDIA CEMENTS LIMITED,INDIACEM,44246369,30015000,12019050
04-APR-2019,INE562A01011,INDIAN BANK,INDIANB,17549476,4296000,12376002
04-APR-2019,INE646L01027,INTERGLOBE AVIATION LTD,INDIGO,19270843,3273000,15034300
04-APR-2019,INE095A01012,INDUSIND BANK LIMITED,INDUSINDBK,89434622,8353800,76609090
04-APR-2019,INE483S01020,INFIBEAM AVENUES LIMITED,INFIBEAM,81413204,14912000,62430543
04-APR-2019,INE121J01017,BHARTI INFRATEL LTD.,INFRATEL,171832533,7052000,156188906
04-APR-2019,INE009A01021,INFOSYS LIMITED,INFY,757551164,58098000,661575605
04-APR-2019,INE242A01010,INDIAN OIL CORP LTD,IOC,868368232,66881500,758068320
04-APR-2019,INE821I01014,IRB INFRA DEV LTD.,IRB,29847479,11296000,17059105
04-APR-2019,INE154A01025,ITC LTD,ITC,2445238781,74114400,2248862441
04-APR-2019,INE749A01030,JINDAL STEEL & POWER LTD,JINDALSTEL,80029268,29907000,46120804
04-APR-2019,INE175A01038,JAIN IRRIGATION SYSTEMS,JISLJALEQS,63596288,42930000,17486473
04-APR-2019,INE019A01038,JSW STEEL LIMITED,JSWSTEEL,274637182,44941500,215963822
04-APR-2019,INE797F01012,JUBILANT FOODWORKS LTD,JUBLFOOD,14455140,4146000,9586383
04-APR-2019,INE599M01018,JUSTDIAL LTD.,JUSTDIAL,8550030,4282600,3839928
04-APR-2019,INE217B01036,KAJARIA CERAMICS LTD,KAJARIACER,16664813,2243800,13587772
04-APR-2019,INE237A01028,KOTAK MAHINDRA BANK LTD,KOTAKBANK,267015629,14694400,238970447
04-APR-2019,INE455I01029,KAVERI SEED CO. LTD.,KSCL,5669882,1264500,4121887
04-APR-2019,INE614B01018,KARNATAKA BANK LIMITED,KTKBANK,56521559,20064300,33631181
04-APR-2019,INE498L01015,L&T FINANCE HOLDINGS LTD,L&TFH,143962331,26077500,110686714
04-APR-2019,INE115A01026,LIC HOUSING FINANCE LTD,LICHSGFIN,60244101,8478800,48753095
04-APR-2019,INE018A01030,LARSEN & TOUBRO LTD.,LT,275535867,11673375,250085698
04-APR-2019,INE326A01037,LUPIN LIMITED,LUPIN,47971947,12066600,33506749
04-APR-2019,INE101A01026,MAHINDRA & MAHINDRA LTD,M&M,173623634,24546000,140396452
04-APR-2019,INE774D01024,M&M FIN. SERVICES LTD,M&MFIN,59712403,12640000,44086782
04-APR-2019,INE522D01027,MANAPPURAM FINANCE LTD,MANAPPURAM,109330743,12546000,91318205
04-APR-2019,INE196A01026,MARICO LIMITED,MARICO,103836709,6632600,92012273
04-APR-2019,INE585B01010,MARUTI SUZUKI INDIA LTD.,MARUTI,26458324,4056825,21078582
04-APR-2019,INE854D01024,UNITED SPIRITS LIMITED,MCDOWELL-N,62845623,14512500,45190841
04-APR-2019,INE745G01035,MULTI COMMODITY EXCHANGE,MCX,10173586,1914500,7750406
04-APR-2019,INE180A01020,MAX FINANCIAL SERV LTD,MFSL,38534772,1783200,34824833
04-APR-2019,INE002S01010,MAHANAGAR GAS LTD.,MGL,11359449,709200,10082276
04-APR-2019,INE018I01017,MINDTREE LIMITED,MINDTREE,28409718,6651600,20337632
04-APR-2019,INE775A01035,MOTHERSON SUMI SYSTEMS LT,MOTHERSUMI,241729538,37594350,192048711
04-APR-2019,INE883A01011,MRF LTD,MRF,613765,31530,551546
04-APR-2019,INE103A01014,MRPL,MRPL,40018232,5320000,32697320
04-APR-2019,INE414G01012,MUTHOOT FINANCE LIMITED,MUTHOOTFIN,21223881,3357000,16805686
04-APR-2019,INE139A01034,NATIONAL ALUMINIUM CO LTD,NATIONALUM,161309931,49136000,104108434
04-APR-2019,INE095N01031,NBCC (INDIA) LIMITED,NBCC,105949489,52344000,48308014
04-APR-2019,INE868B01028,NCC LIMITED,NCC,98291337,43504000,49872770
04-APR-2019,INE239A01016,NESTLE INDIA LIMITED,NESTLEIND,7180127,326050,6495070
04-APR-2019,INE848E01016,NHPC LTD,NHPC,525836038,31995000,467549236
04-APR-2019,INE591G01017,NIIT TECHNOLOGIES LTD,NIITTECH,8557451,2300250,5829328
04-APR-2019,INE584A01023,NMDC LTD.,NMDC,169762789,22806000,138468649
04-APR-2019,INE733E01010,NTPC LTD,NTPC,866904097,83606400,739952492
04-APR-2019,INE881D01027,ORACLE FIN SERV SOFT LTD.,OFSS,4540712,293250,4020426
04-APR-2019,INE274J01014,OIL INDIA LTD,OIL,80148191,8980158,67160623
04-APR-2019,INE213A01029,OIL AND NATURAL GAS CORP.,ONGC,881795538,61908750,775797011
04-APR-2019,INE141A01014,ORIENTAL BANK OF COMMERCE,ORIENTBANK,28817691,18445000,8931806
04-APR-2019,INE761H01022,PAGE INDUSTRIES LTD,PAGEIND,1152956,104825,990483
04-APR-2019,INE785M01013,PC JEWELLER LTD,PCJEWELLER,33475537,18141500,13660260
04-APR-2019,INE140A01024,PIRAMAL ENTERPRISES LTD,PEL,18042791,3404748,13735903
04-APR-2019,INE347G01014,PETRONET LNG LIMITED,PETRONET,150000017,12003000,130497016
04-APR-2019,INE134E01011,POWER FIN CORP LTD.,PFC,203369978,39345200,153856279
04-APR-2019,INE318A01026,PIDILITE INDUSTRIES LTD,PIDILITIND,30719858,2890500,26293365
04-APR-2019,INE160A01022,PUNJAB NATIONAL BANK,PNB,208425616,138439000,59565335
04-APR-2019,INE752E01010,POWER GRID CORP. LTD.,POWERGRID,456842549,18832000,415168421
04-APR-2019,INE191H01014,PVR LIMITED,PVR,7454656,664000,6417923
04-APR-2019,INE331A01037,THE RAMCO CEMENTS LIMITED,RAMCOCEM,26974244,1661600,23963931
04-APR-2019,INE301A01014,RAYMOND LTD,RAYMOND,6775384,3753600,2683014
04-APR-2019,INE976G01028,RBL BANK LIMITED,RBLBANK,85086978,8107200,72725429
04-APR-2019,INE020B01018,REC LIMITED,RECLTD,186236520,42198000,134726694
04-APR-2019,INE013A01015,RELIANCE CAPITAL LTD,RELCAPITAL,23702036,13132500,9384434
04-APR-2019,INE002A01018,RELIANCE INDUSTRIES LTD,RELIANCE,654841181,60760500,561338621
04-APR-2019,INE036A01016,RELIANCE INFRASTRUCTU LTD,RELINFRA,26054178,16299400,8452069
04-APR-2019,INE612J01015,REPCO HOME FINANCE LTD,REPCOHOME,7866151,1063700,6409143
04-APR-2019,INE114A01011,STEEL AUTHORITY OF INDIA,SAIL,206528041,123768000,72433638
04-APR-2019,INE062A01020,STATE BANK OF INDIA,SBIN,729782012,132402000,560890911
04-APR-2019,INE070A01015,SHREE CEMENT LIMITED,SHREECEM,2453485,88150,2242660
04-APR-2019,INE003A01024,SIEMENS LTD,SIEMENS,17806068,1808950,15106814
04-APR-2019,INE683A01023,THE SOUTH INDIAN BANK LTD,SOUTHBANK,361928764,158645967,185186358
04-APR-2019,INE647A01010,SRF LTD,SRF,5468800,1642500,3552860
04-APR-2019,INE721A01013,SHRIRAM TRANSPORT FIN CO.,SRTRANSFIN,33541942,4145400,27719444
04-APR-2019,INE939A01011,STRIDES PHARMA SCI LTD,STAR,12395780,3878600,7897391
04-APR-2019,INE044A01036,SUN PHARMACEUTICAL IND L,SUNPHARMA,218894578,57714800,150235049
04-APR-2019,INE424H01027,SUN TV NETWORK LIMITED,SUNTV,19704232,7447000,11272020
04-APR-2019,INE040H01021,SUZLON ENERGY LIMITED,SUZLON,851741765,381140000,428014676
04-APR-2019,INE667A01018,SYNDICATE BANK,SYNDIBANK,76346533,36570000,35959206
04-APR-2019,INE092A01019,TATA CHEMICALS LTD,TATACHEM,35345667,4683750,28894633
04-APR-2019,INE151A01013,TATA COMMUNICATIONS LTD,TATACOMM,14258524,2904000,10641597
04-APR-2019,INE670A01012,TATA ELXSI LIMITED,TATAELXSI,6904235,1864400,4694623
04-APR-2019,INE192A01025,TATA GLOBAL BEVERAGES LTD,TATAGLOBAL,82732329,17021250,61574462
04-APR-2019,INE155A01022,TATA MOTORS LIMITED,TATAMOTORS,362219126,109042000,235066169
04-APR-2019,IN9155A01020,TATA MOTORS DVR 'A' ORD,TATAMTRDVR,101602140,39010800,57511233
04-APR-2019,INE245A01021,TATA POWER CO LTD,TATAPOWER,362445856,66276000,278047563
04-APR-2019,INE081A01012,TATA STEEL LIMITED,TATASTEEL,161060422,40448503,112558897
04-APR-2019,INE467B01029,TATA CONSULTANCY SERV LT,TCS,209768541,18741750,180538363
04-APR-2019,INE669C01036,TECH MAHINDRA LIMITED,TECHM,125642015,16160400,103199514
04-APR-2019,INE280A01028,TITAN COMPANY LIMITED,TITAN,83616848,11343750,68092255
04-APR-2019,INE685A01028,TORRENT PHARMACEUTICALS L,TORNTPHARM,9731600,737500,8507520
04-APR-2019,INE813H01021,TORRENT POWER LTD,TORNTPOWER,44634693,2682000,39720958
04-APR-2019,INE886H01027,TV18 BROADCAST LIMITED,TV18BRDCST,129899100,72735000,50669145
04-APR-2019,INE494B01023,TVS MOTOR COMPANY  LTD,TVSMOTOR,40480865,7072000,31384821
04-APR-2019,INE686F01025,UNITED BREWERIES LTD,UBL,22357672,2793700,18446088
04-APR-2019,INE334L01012,UJJIVAN FIN. SERVC. LTD.,UJJIVAN,24224375,4064000,18949156
04-APR-2019,INE481G01011,ULTRATECH CEMENT LIMITED,ULTRACEMCO,21003731,1953800,17999744
04-APR-2019,INE692A01016,UNION BANK OF INDIA,UNIONBANK,76131760,43666000,28659172
04-APR-2019,INE628A01036,UPL LIMITED,UPL,73388208,15572400,54146397
04-APR-2019,INE205A01025,VEDANTA LIMITED,VEDL,367715829,38341000,310989037
04-APR-2019,INE951I01027,V-GUARD IND LTD.,VGUARD,30594810,3837000,25228069
04-APR-2019,INE226A01021,VOLTAS LTD,VOLTAS,46126252,7121000,36698939
04-APR-2019,INE075A01022,WIPRO LTD,WIPRO,304757941,37168000,252352043
04-APR-2019,INE049B01025,WOCKHARDT LIMITED,WOCKPHARMA,5740164,5270400,182755
04-APR-2019,INE528G01027,YES BANK LIMITED,YESBANK,370789950,157745000,194505452
04-APR-2019,INE256A01028,ZEE ENTERTAINMENT ENT LTD,ZEEL,112141257,27275300,79258894
